no,name,brand,category,img,emoji,has_settings,inputs,outputs,func,ports_raw
1,Sony Alpha a7S III,Sony,Kamera Utama,,🔧,0,Full HDMI|HDMI; USB-C|USB; 3.5mm|Audio,,Kamera mirrorless low-light terbaik untuk studio gelap (4K 60fps),"Full HDMI, USB-C, 3.5mm"
2,Panasonic Lumix BGH1,Panasonic,Kamera Utama,,🔧,0,SDI|SDI; HDMI|HDMI; LAN (PoE)|LAN,,Kamera box khusus broadcast tanpa layar untuk streaming durasi panjang,"SDI, HDMI, LAN (PoE)"
3,Sony FX3,Sony,Kamera Utama,,🔧,0,Full HDMI|HDMI; XLR Handle|Audio,,Kamera sinema ringkas dengan kipas internal anti overheat,"Full HDMI, XLR Handle"
4,Canon EOS R5 C,Canon,Kamera Utama,/images_real/real_0003.jpg,🔧,0,Micro HDMI|HDMI; Timecode|SDI,,Kamera hybrid 8K dengan sistem pendingin aktif,"Micro HDMI, Timecode"
5,Blackmagic Pocket Cinema 4K,Blackmagic,Kamera Utama,/images_real/real_0004.jpg,🔧,0,Full HDMI|HDMI; Mini XLR|Audio,,Wajib di studio dengan tata cahaya terang untuk hasil sinematik,"Full HDMI, Mini XLR"
6,PTZOptics 30X-SDI Gen 2,PTZOptics,Kamera PTZ,,🔧,0,3G-SDI|SDI; HDMI|HDMI; IP|LAN,,Kamera multi-angle zoom 30x dikontrol dari meja operator,"3G-SDI, HDMI, IP"
7,Sony SRG-X400,Sony,Kamera PTZ,,🔧,0,SDI|SDI; HDMI|HDMI; NDI|LAN,,Kamera pan-tilt-zoom untuk panggung/event besar,"SDI, HDMI, NDI"
8,OBSBOT Tail Air,OBSBOT,Kamera PTZ,,🔧,0,Micro HDMI|HDMI; USB-C|USB,,Kamera dengan auto-tracking AI mengikuti gerakan tubuh streamer,"Micro HDMI, USB-C"
9,Elgato Facecam Pro,Elgato,Webcam,,🔧,0,USB-C|USB,,Webcam 4K 60fps murni tanpa upscaling untuk setup ringkas,USB-C
10,Logitech Brio 4K,Logitech,Webcam,,🔧,0,USB-C|USB,,Mendukung fitur HDR dan pengaturan Field of View,USB-C
11,Insta360 Link,Insta360,Webcam,/images_real/real_0010.png,🔧,0,USB-C|USB,,Webcam dengan gimbal 3-axis yang bergerak mengikuti wajah,USB-C
12,GoPro HERO 12 Black,GoPro,Action Cam,,🔧,0,USB-C|USB,,Kamera tahan banting untuk streaming IRL outdoor,USB-C
13,Sigma 16mm f/1.4 DC DN,Sigma,Lensa (Sony),,🔧,0,E-Mount|Other,,Lensa prime wide-angle untuk efek background blur di ruangan sempit,E-Mount
14,Lumix G X Vario 12-35mm f/2.8,Lumix,Lensa (Panasonic),,🔧,0,Micro Four Thirds|Audio,,Lensa standar untuk sistem kamera Lumix GH5/BGH1,Micro Four Thirds
15,K&F Concept Black Diffusion 1/4,K&F,Filter Lensa,/images_real/real_0014.jpg,🔧,0,Ulir Lensa|Other,,Melembutkan sorotan lampu (highlight) di wajah agar lebih sinematik,Ulir Lensa
16,KingMa Dummy Battery NP-FW50,KingMa,Power Kamera,,🔧,0,DC in ke Listrik|Power,,Adaptor baterai palsu agar kamera Sony tidak mati saat streaming,DC in ke Listrik
17,Andoer DMW-DCC12 Dummy,Andoer,Power Kamera,,🔧,0,DC in ke Listrik|Power,,Dummy battery khusus jajaran Panasonic Lumix,DC in ke Listrik
18,SmallRig NP-FZ100 USB-C,SmallRig,Power Kamera,,🔧,0,USB-C ke Dummy|USB,,Dummy battery tipe baru yang dicolokkan ke charger Power Delivery (PD),USB-C ke Dummy
19,Blackmagic ATEM Mini Pro ISO,Blackmagic,Video Switcher,,🔧,0,4x HDMI In|HDMI; 1x HDMI Out|HDMI; LAN|LAN,,Mengganti scene kamera fisik dan merekam semua input ke SSD,"4x HDMI In, 1x HDMI Out, LAN"
20,Roland V-1HD+,Roland,Video Switcher,,🔧,0,4x HDMI In|HDMI; Audio XLR In|Audio,,Switcher tangguh tahan panas untuk event streaming berhari-hari,"4x HDMI In, Audio XLR In"
21,FEELWORLD LIVEPRO L1 V1,FEELWORLD,Video Switcher,,🔧,0,4x HDMI In|HDMI; USB Out|USB,,Alternatif murah dengan layar preview terintegrasi di alat,"4x HDMI In, USB Out"
22,YoloBox Pro,YoloBox,Video Switcher,,🔧,0,3x HDMI In|HDMI; SIM Card|Other,,Alat streaming all-in-one lengkap dengan layar sentuh (tanpa PC),"3x HDMI In, SIM Card"
23,Elgato 4K60 Pro MK.2,Elgato,Capture Card Internal,,🔧,0,PCIe x4|Other; HDMI In & Out|HDMI,,Dipasang di dalam PC untuk merekam konsol PS5/Xbox 4K60fps,"PCIe x4, HDMI In & Out"
24,Blackmagic DeckLink Quad HDMI,Blackmagic,Capture Card Internal,,🔧,0,PCIe x8|Other; 4x HDMI In|HDMI,,Menangkap 4 input kamera sekaligus ke dalam vMix/OBS,"PCIe x8, 4x HDMI In"
25,AVerMedia Live Gamer 4K,AVerMedia,Capture Card Internal,/images_real/real_0024.jpg,🔧,0,PCIe x4|Other; HDMI In|HDMI,,Mendukung passthrough refresh rate 240Hz untuk monitor gaming,"PCIe x4, HDMI In"
26,Elgato Cam Link 4K,Elgato,Capture Card Eksternal,,🔧,0,USB 3.0|USB; HDMI In|HDMI,,Dongle untuk mengubah sinyal kamera DSLR menjadi webcam di PC,"USB 3.0, HDMI In"
27,Magewell USB Capture HDMI Gen 2,Magewell,Capture Card Eksternal,,🔧,0,USB 3.0|USB; HDMI In|HDMI,,Dongle andalan broadcaster yang tidak butuh instal driver (Plug & Play),"USB 3.0, HDMI In"
28,LiveU Solo Pro,LiveU,Hardware Encoder,/images_real/real_0027.jpg,🔧,0,SDI|SDI; HDMI|HDMI; 4x USB|USB,,Menggabungkan 4 jaringan seluler (Bonding) agar internet outdoor stabil,"SDI, HDMI, 4x USB"
29,Teradek VidiU X,Teradek,Hardware Encoder,,🔧,0,HDMI In|HDMI; Wi-Fi|Other; LAN|LAN,,Mengirim video RTMP langsung ke YouTube/Twitch tanpa komputer,"HDMI In, Wi-Fi, LAN"
30,Kiloview E2 NDI,Kiloview,Hardware Encoder,,🔧,0,HDMI In|HDMI; LAN|LAN,,Mengubah sinyal HDMI kamera menjadi sinyal jaringan (IP/NDI),"HDMI In, LAN"
31,Shure SM7B,Shure,Mikrofon Dinamis,/images_real/real_0030.jpg,🔧,0,XLR (3-Pin)|Audio,,Standar industri podcast. Butuh gain tinggi. Sangat kedap suara luar.,XLR (3-Pin)
32,Electro-Voice RE20,Electro-Voice,Mikrofon Dinamis,/images_real/real_0031.jpg,🔧,0,XLR (3-Pin)|Audio,,Anti-proximity effect; suara bass tetap konsisten meski bergerak,XLR (3-Pin)
33,Rode PodMic,Rode,Mikrofon Dinamis,,🔧,0,XLR (3-Pin)|Audio,,Mic berat dan kokoh khusus dioptimalkan untuk suara ucapan,XLR (3-Pin)
34,Elgato Wave DX,Elgato,Mikrofon Dinamis,,🔧,0,XLR (3-Pin)|Audio,,Mic ringkas anti noise yang sempurna digabung dengan Wave XLR,XLR (3-Pin)
35,Audio-Technica AT2020,Audio-Technica,Mikrofon Kondensor,,🔧,0,XLR (3-Pin)|Audio,,Sensitif menangkap detail suara tapi butuh ruangan kedap suara,XLR (3-Pin)
36,Neumann U87 Ai,Neumann,Mikrofon Kondensor,,🔧,0,XLR (3-Pin)|Audio,,Standar vokal studio musik ultra-premium (untuk streaming musik),XLR (3-Pin)
37,Sennheiser MKH 416,Sennheiser,Mikrofon Shotgun,/images_real/real_0036.jpg,🔧,0,XLR (3-Pin)|Audio,,Mengambil suara vokal sangat fokus dari luar frame kamera (di atas kepala),XLR (3-Pin)
38,Rode Wireless PRO,Rode,Mikrofon Wireless,/images_real/real_0037.jpg,🔧,0,3.5mm TRS|Audio; USB-C|USB,,Mic clip-on 32-bit float (audio tidak akan pernah pecah meski berteriak),"3.5mm TRS, USB-C"
39,DJI Mic 2,DJI,Mikrofon Wireless,,🔧,0,3.5mm|Audio; Bluetooth|Wireless,,Mic Lavalier ringkas dengan noise cancelling pintar,"3.5mm, Bluetooth"
40,Triton Audio FetHead,Triton,Preamp Inline,,🔧,0,XLR In & Out|Audio,,Preamp colok langsung ke mic yang lebih kecil dari Cloudlifter,XLR In & Out
41,Focusrite Scarlett 2i2 4th Gen,Focusrite,Audio Interface,,🔧,0,2x Combo XLR|Audio; USB-C|USB,,Soundcard pengubah sinyal mic analog ke digital PC,"2x Combo XLR, USB-C"
42,Audient iD14 MKII,Audient,Audio Interface,,🔧,0,2x XLR|Audio; Optical In|Other,,Preamp bersih setara konsol studio besar,"2x XLR, Optical In"
43,Elgato Wave XLR,Elgato,Audio Interface,,🔧,0,1x XLR|Audio; USB-C|USB,,Soundcard ringkas dengan tombol mute kapasitif dan software Wave Link,"1x XLR, USB-C"
44,RodeCaster Pro II,RodeCaster,Audio Mixer Digital,,🔧,0,4x XLR|Audio; 2x USB-C|USB,,Pusat kendali audio dengan fader bermotor dan koneksi ke 2 PC sekaligus,"4x XLR, 2x USB-C"
45,TC Helicon GoXLR,TC,Audio Mixer Digital,,🔧,0,1x XLR|Audio; Line|Audio; Optical|Other,,Mixer streamer populer dengan sampler dan voice effect built-in,"1x XLR, Line, Optical"
46,Yamaha ZG01,Yamaha,Audio Mixer Digital,,🔧,0,XLR|Audio; HDMI In-Out|HDMI,,Audio mixer khusus game yang mengatur jalur suara dan chat terpisah,"XLR, HDMI In-Out"
47,Yamaha MG10XU,Yamaha,Audio Mixer Analog,,🔧,0,4x XLR|Audio; USB Out|USB,,Mixer klasik dengan knob fisik untuk EQ dan kompresor instan,"4x XLR, USB Out"
48,Shure SE215,Shure,In-Ear Monitor (IEM),,🔧,0,3.5mm TRS|Audio,,Earphone isolasi tinggi untuk memantau suara (monitoring) tanpa delay,3.5mm TRS
49,KZ ZSN Pro X,KZ,In-Ear Monitor (IEM),/images_real/real_0048.jpg,🔧,0,3.5mm TRS|Audio,,Alternatif budget untuk memisahkan suara game tanpa bocor ke mic,3.5mm TRS
50,Beyerdynamic DT 770 PRO,Beyerdynamic,Headphone Studio,/images_real/real_0049.JPG,🔧,0,"3.5mm|Audio; 1|Other; 4"" Adapter|Other",,Headphone tertutup (closed-back) standar broadcast,"3.5mm, 1, 4"" Adapter"
51,Shure PSM 300,Shure,Wireless IEM System,,🔧,0,XLR In|Audio; Receiver Beltpack|Power,,Sistem monitor telinga nirkabel untuk pergerakan bebas di studio,"XLR In, Receiver Beltpack"
52,Rode PSA1+,Rode,Aksesori Mic,,🔧,0,Boom Arm|Other,,Lengan pegas meja untuk menahan mikrofon yang berat tanpa bersuara,Boom Arm
53,Elgato Wave Mic Arm LP,Elgato,Aksesori Mic,,🔧,0,Boom Arm (Low Profile)|Other,,Menyelinap dari bawah layar monitor agar tidak menutupi wajah streamer,Boom Arm (Low Profile)
54,On-Stage ASVS4B,On-Stage,Aksesori Mic,,🔧,0,Pop Filter|LAN,,Layar kain jaring untuk meredam tiupan angin dari pengucapan P/B/T,Pop Filter
55,Rode DeadCat,Rode,Aksesori Mic,/images_real/real_0054.jpg,🔧,0,Windshield|Other,,Bulu peredam angin untuk mic shotgun jika streaming outdoor,Windshield
56,Belkin Ultra HD High Speed,Belkin,Kabel Video,,🔧,0,HDMI 2.1 (Tipe A)|HDMI,,Kabel 48Gbps wajib untuk passthrough game 4K 120Hz,HDMI 2.1 (Tipe A)
57,Ugreen Fiber Optic HDMI,Ugreen,Kabel Video,,🔧,0,HDMI (AOC)|HDMI,,Menyalurkan video jarak 20 meter via optik cahaya tanpa delay/putus,HDMI (AOC)
58,Canare L-4.5CHD (Neutrik),Canare,Kabel Video,,🔧,0,BNC (SDI)|SDI,,Kabel standar TV coaxial tebal tahan banting untuk tarikan 100 meter,BNC (SDI)
59,SmallRig Ultra Slim HDMI,SmallRig,Kabel Video,,🔧,0,HDMI to Micro HDMI|HDMI,,Kabel sangat tipis dan fleksibel agar tidak membebani port kamera,HDMI to Micro HDMI
60,Blackmagic Micro Converter BiDirectional,Blackmagic,Konverter Video,,🔧,0,SDI in|SDI; out|Other; HDMI in|HDMI; out|Other,,Mengubah sinyal SDI ke HDMI atau sebaliknya secara instan di lapangan,"SDI in, out, HDMI in, out"
61,Ugreen Active DP to HDMI,Ugreen,Konverter Video,,🔧,0,DisplayPort|HDMI; HDMI|HDMI,,Wajib tipe ACTIVE untuk menyambung dari GPU DisplayPort ke Switcher HDMI,"DisplayPort, HDMI"
62,Mogami Gold Studio,Mogami,Kabel Audio,,🔧,0,XLR Male to Female|Audio,,Kabel mic tembaga murni dengan penolakan noise sinyal tingkat tinggi,XLR Male to Female
63,Hosa CMP-153,Hosa,Kabel Audio,,🔧,0,"3.5mm TRS to Dual 1|Audio; 4"" TS|Other",,Kabel splitter dari PC menuju line-in Audio Mixer analog,"3.5mm TRS to Dual 1, 4"" TS"
64,Rode SC3 Adapter,Rode,Kabel Audio,,🔧,0,TRRS Female to TRS Male|Audio,,Mengubah colokan mic clip-on HP (3 garis) agar bisa masuk ke kamera,TRRS Female to TRS Male
65,KabelDirekt TOSLINK,KabelDirekt,Kabel Audio,,🔧,0,S|Other; PDIF Optical|Other,,Menyalurkan audio konsol ke PC tanpa resiko dengung (ground loop),"S, PDIF Optical"
66,Anker PowerLine+ USB-C,Anker,Kabel Data,,🔧,0,USB-C to USB-C 3.1|USB,,Kabel tebal kapasitas tinggi untuk data webcam 4K 60fps,USB-C to USB-C 3.1
67,Orico 7-Port Powered Hub,Orico,Kabel Data,,🔧,0,USB-B (Host)|USB; USB-A (Alat)|USB; DC Power|LAN,,Terminal USB bercabang yang punya colokan listrik sendiri agar alat tidak drop,"USB-B (Host), USB-A (Alat), DC Power"
68,Ugreen USB 3.0 Active Extension,Ugreen,Kabel Data,,🔧,0,USB Male to Female|USB,,Kabel sambungan 10m dengan chip penguat (repeater) di tengahnya,USB Male to Female
69,Belden Cat6a Ethernet,Belden,Kabel Jaringan,,🔧,0,RJ45|LAN,,Kabel LAN tembaga tebal untuk transfer NDI Protocol tanpa macet,RJ45
70,Netgear GS308PP PoE+ Switch,Netgear,Networking,,🔧,0,RJ45 (Ethernet)|LAN,,Terminal LAN yang menyuntikkan daya listrik langsung ke Kamera PTZ,RJ45 (Ethernet)
71,PAC SNI-1/3.5,PAC,Isolator,/images_real/real_0070.jpg,🔧,0,3.5mm In|Audio; Out|Other,,Ground Loop Isolator pembunuh suara dengung di kabel aux,"3.5mm In, Out"
72,Furman M-8x2 Power Conditioner,Furman,Isolator,,🔧,0,Colokan Listrik AC|Power,,Penyaring tegangan listrik kotor penyebab suara hum/buzz di speaker studio,Colokan Listrik AC
73,Godox SL60W,Godox,Pencahayaan,,🔧,0,Lampu COB|Other; Listrik AC|Power,,Lampu sorot utama (Key Light) populer yang stabil dan sangat terang,"Lampu COB, Listrik AC"
74,Amaran 100x Bi-Color,Amaran,Pencahayaan,,🔧,0,Lampu COB|Other; Listrik AC|Power,,Lampu utama yang bisa diganti suhu warnanya (kuning hangat ke putih),"Lampu COB, Listrik AC"
75,Elgato Key Light,Elgato,Pencahayaan,,🔧,0,Panel LED|Other; Listrik AC|Power,,Lampu kotak tipis di ujung meja yang bisa dikontrol dari Stream Deck,"Panel LED, Listrik AC"
76,Logitech Litra Glow,Logitech,Pencahayaan,,🔧,0,Lampu Mini|Other; USB|USB,,Dipasang di atas monitor untuk mengisi cahaya wajah tanpa bikin silau,"Lampu Mini, USB"
77,Godox SB-UE 80cm,Godox,Modifikasi Cahaya,,🔧,0,Softbox Octagon|Other,,Payung pemantul cahaya agar bayangan di wajah streamer terlihat lembut,Softbox Octagon
78,Aputure Light Dome Mini II,Aputure,Modifikasi Cahaya,,🔧,0,Softbox|Other; Grid|Other,,Sarang lebah penahan cahaya agar lampu fokus ke wajah dan tidak bocor ke latar,"Softbox, Grid"
79,Philips Hue Play Light Bar,Philips,Lampu Estetika,/images_real/real_0078.jpg,🔧,0,RGB|Other; AC Adapter|Power,,Lampu dinding tersinkronisasi software untuk efek bias warna-warni di belakang,"RGB, AC Adapter"
80,Aputure MC RGBWW,Aputure,Lampu Estetika,,🔧,0,Lampu Mini|Other; Baterai Internal|Other,,Lampu aksen yang ditempel via magnet ke rak meja untuk mewarnai properti studio,"Lampu Mini, Baterai Internal"
81,Govee Glide RGBIC,Govee,Lampu Estetika,,🔧,0,Smart Wall Light|Other; Listrik AC|Power,,Tabung garis LED di dinding yang menambah nuansa gaming/podcast,"Smart Wall Light, Listrik AC"
82,Elgato Stream Deck XL,Elgato,Kontrol Stream,,🔧,0,Kabel USB-C|USB,,Perangkat 32 tombol makro LCD untuk mengganti scene OBS dan sound effect,Kabel USB-C
83,Loupedeck Live,Loupedeck,Kontrol Stream,,🔧,0,Kabel USB-C|USB,,Konsol taktil dengan knob putar fisik (cocok untuk atur volume mic perlahan),Kabel USB-C
84,Skaarhoj PTZ Pro,Skaarhoj,Kontrol Stream,,🔧,0,Kabel LAN (IP)|LAN,,Joystick broadcast untuk menggerakkan banyak kamera PTZ dari jarak jauh,Kabel LAN (IP)
85,Elgato Prompter,Elgato,Teleprompter,,🔧,0,USB-C (Layar)|USB; Penjepit Kamera|Other,,Layar baca chat dari kaca pantul agar mata streamer selalu menatap lensa,"USB-C (Layar), Penjepit Kamera"
86,Glide Gear TMP 100,Glide,Teleprompter,,🔧,0,Mounting iPad|LAN,,Kerangka teleprompter manual berukuran besar untuk tablet dan lensa zoom,Mounting iPad
87,Elgato Green Screen Collapsible,Elgato,Green Screen,,🔧,0,Layar Hijau Gulung|Other,,Layar chroma key anti kusut yang ditarik dari kotak penyimpanannya di lantai,Layar Hijau Gulung
88,APC Back-UPS Pro 1500VA,APC,Daya Cadangan,,🔧,0,Stopkontak AC|Power; Kabel Data USB|USB,,Baterai UPS raksasa. Menjaga PC dan internet tetap hidup 15 menit jika mati listrik,"Stopkontak AC, Kabel Data USB"
89,Elgato Master Mount L,Elgato,Mounting,,🔧,0,Ulir 1|Other; 4 Inci|Other; Jepitan Meja|Other,,Tiang meja multifungsi pengunci lampu dan kamera tanpa bor dinding,"Ulir 1, 4 Inci, Jepitan Meja"
90,SmallRig Magic Arm 2070,SmallRig,Mounting,,🔧,0,Engsel Artikulasi|Other,,Lengan sendi fleksibel untuk menjepit monitor preview kecil ke bodi kamera,Engsel Artikulasi
91,SmallRig HDMI Cable Clamp,SmallRig,Mounting,,🔧,0,Baut sangkar kamera|Other,,Besi kecil yang mengunci colokan HDMI kamera agar tidak patah tersenggol,Baut sangkar kamera
92,NVIDIA RTX 4090 / 4080,NVIDIA,PC Komponen,,🔧,0,Slot PCIe x16|Other,,GPU wajib untuk rendering codec AV1 generasi terbaru (bitrate rendah gambar tajam),Slot PCIe x16
93,AMD Ryzen 9 7950X,AMD,PC Komponen,,🔧,0,Soket AM5|Other,,Prosesor 16 core mumpuni untuk encoding CPU (x264) preset Slow tanpa frame drop,Soket AM5
94,Corsair Vengeance 64GB,Corsair,PC Komponen,/images_real/real_0093.jpg,🔧,0,Slot RAM DDR5|Other,,Memori kapasitas masif untuk menjalankan game dan vMix/OBS berbarengan,Slot RAM DDR5
95,Samsung 990 PRO 2TB,Samsung,PC Komponen,/images_real/real_0094.jpg,🔧,0,Slot M.2 NVMe|Other,,SSD kecepatan sangat tinggi untuk recording ProRes dari multi-kamera tanpa delay,Slot M.2 NVMe
96,Neutrik NA2MP-MM,Neutrik,Audio Adapter,,🔧,0,XLR Male to RCA Male|Audio,,Konektor kelas studio untuk menyambung output RCA ke input XLR tanpa dengung,XLR Male to RCA Male
97,Neutrik NA2FP-MM,Neutrik,Audio Adapter,,🔧,0,XLR Female to RCA Male|Audio,,Konektor penyambung dari kabel XLR ke input RCA audio interface/mixer,XLR Female to RCA Male
98,Rode VXLR+,Rode,Audio Adapter,,🔧,0,3.5mm TRS to XLR|Audio,,Mengubah mic lavalier clip-on (3.5mm) agar bisa masuk ke port XLR dengan konversi Phantom Power,3.5mm TRS to XLR
99,Rode SC4,Rode,Audio Adapter,,🔧,0,3.5mm TRS to TRRS|Audio,,Kabel adaptor mengubah colokan mic dari kamera (TRS) agar terbaca di combo jack laptop (TRRS),3.5mm TRS to TRRS
100,Saramonic SR-AX100,Saramonic,Audio Adapter,,🔧,0,2x 3.5mm In to 1x 3.5mm Out|Audio,,Mixer pasif mini yang ditempel di rangka kamera untuk menggabung 2 mic clip-on sekaligus,2x 3.5mm In to 1x 3.5mm Out
101,Zoom EXH-6,Zoom,Audio Adapter,/images_real/real_0100.jpg,🔧,0,2x XLR Combo In|Audio,,Kapsul ekspansi untuk perekam Zoom (H5/H6) agar bisa menambah 2 jalur mic XLR ekstra,2x XLR Combo In
102,Kopul A-132,Kopul,Audio Adapter,,🔧,0,"3.5mm Female to 1|Audio; 4"" Male|Other",,Jack besi emas tebal untuk mencolok earphone 3.5mm ke lubang output headphone audio mixer besar,"3.5mm Female to 1, 4"" Male"
103,Canare L-2T2S (Custom),Canare,Kabel Audio Tambahan,,🔧,0,XLR Male to Female|Audio,,Kabel mic rakitan standar panggung dengan tembaga murni (fleksibel dan anti-kusut),XLR Male to Female
104,Hosa YPP-118,Hosa,Kabel Audio Tambahan,,🔧,0,"1|Other; 4"" TRS to Dual 1|Audio; 4"" TRSF|Audio",,Kabel pencabang (Y-Splitter) untuk membagi 1 colokan headphone agar bisa dipakai 2 orang,"1, 4"" TRS to Dual 1, 4"" TRSF"
105,Hosa CMP-159,Hosa,Kabel Audio Tambahan,/images_real/real_0104.jpg,🔧,0,"3.5mm TRS to Dual 1|Audio; 4"" TS|Other",,Kabel dari PC/Laptop menuju dua channel input (kiri & kanan) di mixer audio analog,"3.5mm TRS to Dual 1, 4"" TS"
106,Mogami 2534 Neglex,Mogami,Kabel Audio Tambahan,,🔧,0,XLR Quad Cable|Audio,,Kabel mic ultra-premium dengan lilitan 4 jalur untuk studio (mutlak menolak distorsi elektromagnetik),XLR Quad Cable
107,Rode SC1,Rode,Kabel Audio Tambahan,/images_real/real_0106.jpg,🔧,0,3.5mm TRRS Extension|Audio,,Kabel perpanjangan sepanjang 6 meter yang kabelnya tidak mengurangi kualitas suara lavalier,3.5mm TRRS Extension
108,AmazonBasics Subwoofer Cable,AmazonBasics,Kabel Audio Tambahan,,🔧,0,RCA Male to Male|Audio,,Kabel koaksial tebal pelindung frekuensi radio untuk koneksi S/PDIF (Digital Audio),RCA Male to Male
109,Hosa OPT-110,Hosa,Kabel Audio Tambahan,,🔧,0,TOSLINK Fiber Optic 3m|Other,,Mengirimkan audio konsol game ke PC tanpa resiko dengung (Ground Loop),TOSLINK Fiber Optic 3m
110,dbx 286s,dbx,Pemroses Audio Fisik,/images_real/real_0109.jpg,🔧,0,"XLR In|Audio; 1|Other; 4"" Out|Other",,Channel strip hardware berisi Preamp/De-esser/Kompresor fisik sebelum suara masuk ke PC,"XLR In, 1, 4"" Out"
111,Behringer MDX2600 V2,Behringer,Pemroses Audio Fisik,,🔧,0,XLR In & Out|Audio,,Kompresor fisik agar teriakan heboh streamer game tidak membuat audio mendadak pecah (clipping),XLR In & Out
112,Mackie HM-4,Mackie,Pemroses Audio Fisik,/images_real/real_0111.jpg,🔧,0,"1|Other; 4"" In|Other; 4x 1|Other; 4"" Out|Other",,Amplifier pembagi headphone agar 4 tamu di studio podcast bisa mengatur volumenya sendiri-sendiri,"1, 4"" In, 4x 1, 4"" Out"
113,Radial ProDI,Radial,Pemroses Audio Fisik,/images_real/real_0112.jpg,🔧,0,"1|Other; 4"" In|Other; XLR Out|Audio",,Direct Box pasif untuk mengubah sinyal gitar listrik/bass menjadi sinyal XLR yang aman,"1, 4"" In, XLR Out"
114,Behringer UCA202,Behringer,Pemroses Audio Fisik,/images_real/real_0113.jpg,🔧,0,RCA In|Audio; Out|Other; USB|USB,,USB audio interface cadangan super murah penyambung output mixer utama ke laptop backup,"RCA In, Out, USB"
115,Roland VT-4,Roland,Pemroses Audio Fisik,/images_real/real_0114.jpeg,🔧,0,XLR In|Audio; Line Out|Audio,,Hardware voice transformer (pengubah vokal autotune / robot / pitch) diproses tanpa beban CPU PC,"XLR In, Line Out"
116,Orei 4K HDMI Splitter 1x4,Orei,Video Splitter / Matrix,,🔧,0,1x HDMI In|HDMI; 4x HDMI Out|HDMI,,Membagi 1 layar PS5 ke 4 monitor (host/tamu/capture card) tanpa delay sepersekian detik,"1x HDMI In, 4x HDMI Out"
117,Kinivo 501BN 4K,Kinivo,Video Splitter / Matrix,,🔧,0,5x HDMI In|HDMI; 1x HDMI Out|HDMI,,HDMI Switcher untuk colok mati 5 konsol berbeda dan dipilih inputnya pakai remote ke capture card,"5x HDMI In, 1x HDMI Out"
118,Decimator 12G-CROSS,Decimator,Video Splitter / Matrix,/images_real/real_0117.jpg,🔧,0,HDMI & SDI In|HDMI; Out|Other,,Cross-converter ajaib penyelamat event; menyamakan frame rate beda merek kamera menjadi sama,"HDMI & SDI In, Out"
119,Blackmagic Smart Videohub 12x12,Blackmagic,Video Splitter / Matrix,,🔧,0,12x SDI In|SDI; 12x SDI Out|SDI,,Router matriks SDI skala besar untuk membagi jalur banyak kamera dan grafis ke berbagai layar,"12x SDI In, 12x SDI Out"
120,Belkin USB-C to HDMI,Belkin,Kabel Video Lanjutan,,🔧,0,USB-C|USB; HDMI|HDMI,,Kabel untuk melempar slide presentasi iPad/Macbook langsung masuk ke ATEM Switcher,"USB-C, HDMI"
121,Apple Lightning to Digital AV,Apple,Kabel Video Lanjutan,/images_real/real_0120.jpg,🔧,0,Lightning|Other; HDMI In|HDMI,,Dongle orisinal Apple (ada chip di dalamnya) untuk menyiarkan layar iPhone game mobile ke PC,"Lightning, HDMI In"
122,UGREEN Mini DisplayPort to HDMI,UGREEN,Kabel Video Lanjutan,,🔧,0,Mini DP|Other; HDMI|HDMI,,Menyambung laptop lawas Apple atau output grafis cadangan ke sistem HDMI,"Mini DP, HDMI"
123,SmallRig Ultra-Thin 4K HDMI,SmallRig,Kabel Video Lanjutan,,🔧,0,HDMI Tipe A|HDMI,,Kabel HDMI lemas (noodle cable) agar pergerakan kamera di atas gimbal stabil (kabel kaku akan menahan motor),HDMI Tipe A
124,Atomos HDMI Coiled Cable,Atomos,Kabel Video Lanjutan,,🔧,0,Micro HDMI to Full HDMI|HDMI,,Kabel HDMI spiral/per yang bisa merenggang 30cm hingga 60cm agar rapi di atas kamera,Micro HDMI to Full HDMI
125,Atomos Ninja V,Atomos,Monitor / Layar Eksternal,,🔧,0,HDMI In|HDMI; Out|Other; Baterai NP-F|Power,,Layar preview 5 inci 1000 nit yang sanggup merekam langsung layar kamera ke SSD secara independen,"HDMI In, Out, Baterai NP-F"
126,Feelworld FW568 V2,Feelworld,Monitor / Layar Eksternal,,🔧,0,HDMI In|HDMI; Out|Other; Baterai NP-F|Power,,Monitor asisten kamera murah untuk memastikan fokus mata tepat sebelum live stream dimulai,"HDMI In, Out, Baterai NP-F"
127,Portkeys BM5 III WR,Portkeys,Monitor / Layar Eksternal,,🔧,0,SDI|SDI; HDMI In|HDMI,,Monitor bodi logam ultra terang (2200 nit) khusus untuk streaming terpapar matahari di luar ruangan,"SDI, HDMI In"
128,Lilliput A11,Lilliput,Monitor / Layar Eksternal,,🔧,0,HDMI|HDMI; SDI|SDI; VGA In|HDMI,,Monitor direktur 10 inci; ditaruh di bawah meja agar host bisa melihat dirinya sendiri saat live,"HDMI, SDI, VGA In"
129,Sony NP-F970 Battery,Sony,Aksesori Monitor Baterai,/images_real/real_0128.jpg,🔧,0,Slot Baterai NP-F|Power,,Baterai kapasitas masif (bisa tahan 4 jam) penyokong daya monitor layar terang atau lampu LED,Slot Baterai NP-F
130,KingMa Dual Charger NP-F,KingMa,Aksesori Monitor Baterai,,🔧,0,USB-C|USB; Layar LCD|Other,,Dok pintar pengisi daya cepat untuk mengisi 2 baterai seri NP-F secara bersamaan semalaman,"USB-C, Layar LCD"
131,SmallRig Swivel Monitor Mount,SmallRig,Aksesori Monitor Penyangga,,🔧,0,"Cold Shoe|Other; 1|Other; 4"" Screw|Other",,Engsel leher dudukan monitor di atas dudukan flash kamera yang bisa diputar 360 derajat,"Cold Shoe, 1, 4"" Screw"
132,Ubiquiti UniFi Dream Machine Pro,Ubiquiti,Jaringan IT / Network,,🔧,0,RJ45|LAN; SFP+|Other,,Router jaringan enterprise pencegah stream terputus jika ada ratusan penonton pakai wifi studio,"RJ45, SFP+"
133,TP-Link TL-SG105,TP-Link,Jaringan IT / Network,,🔧,0,5x RJ45 Gigabit|LAN,,Switch LAN metal tanpa setting (plug & play) pembagi jalur internet utama ke PC dan ATEM,5x RJ45 Gigabit
134,Neutrik etherCON,Neutrik,Jaringan IT / Network,,🔧,0,Konektor RJ45 Besi|LAN,,Cangkang pengunci baja pelindung colokan LAN agar tidak putus koneksinya saat tersandung kaki,Konektor RJ45 Besi
135,MikroTik hEX S,MikroTik,Jaringan IT / Network,,🔧,0,5x RJ45|LAN; 1x SFP|Other,,Router andalan teknisi untuk mengunci (limit bandwidth) agar PC streaming dijamin tak nge-lag,"5x RJ45, 1x SFP"
136,StarTech USB 3.0 to Gigabit LAN,StarTech,Jaringan IT / Network,,🔧,0,USB-A|USB; RJ45|LAN,,Dongle cadangan hidup mati jika port ethernet di motherboard/laptop mati tersambar petir,"USB-A, RJ45"
137,Magewell Pro Capture Quad HDMI,Magewell,Capture Card & Ingestion,,🔧,0,PCIe x4|Other; 4x HDMI|HDMI,,Kartu tangkap dewa spesialis vMix PC desktop rakitan untuk menangkap 4 feed 1080p tanpa freeze,"PCIe x4, 4x HDMI"
138,AJA U-TAP SDI,AJA,Capture Card & Ingestion,,🔧,0,USB 3.0|USB; SDI In|SDI,,Dongle penangkap kelas stasiun TV tanpa butuh instal driver (kompatibel penuh MacOS/Windows),"USB 3.0, SDI In"
139,Blackmagic UltraStudio Recorder 3G,Blackmagic,Capture Card & Ingestion,,🔧,0,Thunderbolt 3|USB; SDI & HDMI|HDMI,,Capture card khusus Macbook M1/M2 (lewat jalur thunderbolt asli; bukan USB-C),"Thunderbolt 3, SDI & HDMI"
140,Elgato Cam Link Pro,Elgato,Capture Card & Ingestion,,🔧,0,PCIe x4|Other; 4x HDMI|HDMI,,Alternatif DeckLink Quad bagi pemula OBS untuk menarik multi-kamera DSLR,"PCIe x4, 4x HDMI"
141,SanDisk Extreme PRO SDXC 128GB,SanDisk,Media Penyimpanan Lokal,,🔧,0,SD Card UHS-I (V30)|Other,,Media rekam backup di dalam slot kamera (jaga-jaga rekaman OBS di PC corrupt),SD Card UHS-I (V30)
142,Samsung T7 Shield 2TB,Samsung,Media Penyimpanan Lokal,,🔧,0,USB-C 3.2 10Gbps|USB,,SSD eksternal berlapis karet jatuh untuk mencolok langsung fitur rekam ISO ATEM Mini,USB-C 3.2 10Gbps
143,Synology DS224+ NAS,Synology,Media Penyimpanan Lokal,/images_real/real_0142.jpg,🔧,0,2-Bay|Other; RJ45 Gigabit|LAN,,Hardisk jaringan (server mini) penyimpan ribuan video VOD agar ruang PC tidak habis,"2-Bay, RJ45 Gigabit"
144,Krisbow Cable Reel 15m,Krisbow,Manajemen Listrik Lanjut,,🔧,0,Colokan AC 4 Lubang|Power,,Gulungan kabel tebal penyalur pusat tenaga listrik ke tenda kamera di ruangan ujung aula,Colokan AC 4 Lubang
145,Gooty Velcro Cable Ties,Gooty,Manajemen Listrik Lanjut,,🔧,0,Strap Kain Roll|Other,,Velcro pita 5 meter untuk digunting manual menyesuaikan ketebalan ikatan kabel,Strap Kain Roll
146,Alex Tech Wire Loom Tubing,Alex,Manajemen Listrik Lanjut,,🔧,0,Selongsong Belah|Other,,Pipa plastik belah samping pelindung kabel injak di lantai agar bebas gigitan tikus/tersandung,Selongsong Belah
147,Gaffer Power Pro Tape,Gaffer,Manajemen Listrik Lanjut,/images_real/real_0146.jpg,🔧,0,"Lakban Kain Hitam 2""|Other",,Lakban wajib broadcast. Sangat kuat merekatkan kabel ke lantai tapi tidak meninggalkan bekas lem,"Lakban Kain Hitam 2"""
148,IKEA SIGNUM Cable Management,IKEA,Manajemen Listrik Lanjut,,🔧,0,Rak Besi|Other,,Keranjang kawat penggantung ditaruh di kolong meja agar adaptor besar tidak menjuntai ke lantai,Rak Besi
149,Hollyland Solidcom C1,Hollyland,Alat Komunikasi Kru (Intercom),,🔧,0,Headset Wireless Duplex|Wireless,,Headset kru sutradara tanpa mesin pusat (komunikasi bebas dua arah dari ruang kontrol ke kameramen),Headset Wireless Duplex
150,Blackmagic ATEM Camera Converter,Blackmagic,Alat Komunikasi Kru (Intercom),,🔧,0,Fiber Optik|Other; SDI In-Out|SDI,,"Menggabungkan video,  lampu Tally,  dan jalur suara headset dalam satu kabel fiber puluhan meter","Fiber Optik, SDI In-Out"
151,SmallRig Camera Cage,SmallRig,Rigging (Kerangka Kamera),/images_real/real_0150.jpg,🔧,0,Bodi Besi Berlubang|Other,,"Baju pelindung kamera penuh lubang baut 1/4"" dan 3/8"" untuk menambah ratusan jenis mounting",Bodi Besi Berlubang
152,SmallRig Top Handle,SmallRig,Rigging (Kerangka Kamera),/images_real/real_0151.jpg,🔧,0,NATO Rail Mount|Other,,Gagang pegangan di atas kandang baja kamera agar kamera mudah dipindah/diangkat satu tangan,NATO Rail Mount
153,Sony RM-VPR1 Remote Control,Sony,Rigging (Kerangka Kamera),,🔧,0,Multi Terminal Sony|Other,,Kabel remote agar operator bisa zoom/rekam kamera yang tergantung tinggi tanpa menyentuhnya,Multi Terminal Sony
154,Aputure Barn Doors,Aputure,Modifikasi Cahaya Lanjut,,🔧,0,Bowens Mount|Other,,"Pelat plat 4 pintu penutup lampu COB pembatas ""kebocoran"" cahaya agar tidak mengenai layar green screen",Bowens Mount
155,Godox Snoot dengan Honeycomb,Godox,Modifikasi Cahaya Lanjut,,🔧,0,Bowens Mount|Other,,Corong besi mengerucut penghasil lingkaran sinar sekecil wajah (untuk menyorot rambut dari belakang),Bowens Mount
156,Neewer Gel Color Filters,Neewer,Modifikasi Cahaya Lanjut,,🔧,0,Plastik Optik Lembaran|Other,,Kertas plastik film warna-warni yang dijepit di lampu studio untuk mengubah sorot putih menjadi warna pelangi,Plastik Optik Lembaran
157,Aputure Lantern 90,Aputure,Modifikasi Cahaya Lanjut,,🔧,0,Bowens Mount (Bentuk Bola)|Other,,Lampion kain bundar penyebar cahaya ke segala penjuru 360 derajat layaknya bola lampu kamar,Bowens Mount (Bentuk Bola)
158,Manfrotto 1004BAC Master Stand,Manfrotto,Tiang Penyangga Lampu,,🔧,0,Tiang Lampu (Light Stand)|Other,,Tiang lampu raksasa dengan pegas peredam (air-cushioned) pencegah lampu ratusan juta rusak membentur jatuh,Tiang Lampu (Light Stand)
159,Neewer C-Stand dengan Boom Arm,Neewer,Tiang Penyangga Lampu,,🔧,0,Stainless Steel Murni|Other,,Tiang lampu paling kuat (bentuk kaki tapal kuda) untuk menggantung beban sangat berat melayang horisontal,Stainless Steel Murni
160,Sandbag (Kantong Pasir Hitam),Sandbag,Tiang Penyangga Lampu,,🔧,0,Pemberat Fisik|Other,,Karung kain diisi pasir/besi ditaruh di kaki tripod C-stand agar tiang lampu panjang tidak terguling,Pemberat Fisik
161,SmallRig Ball Head Arm,SmallRig,Jepit Rangka Fleksibel,,🔧,0,"Engsel Bola 1|Other; 4""|Other",,Tangan mungil menyambungkan gigitan Super Clamp ke lubang baut lampu monitor,"Engsel Bola 1, 4"""
162,Elgato Flex Arm Kit,Elgato,Jepit Rangka Fleksibel,,🔧,0,Pipa Baja Ruas Elgato|LAN,,Tiang tambahan 4 potong berengsel milik Elgato untuk bermanuver menghindari layar monitor dari belakang,Pipa Baja Ruas Elgato
163,Manfrotto 504X Fluid Head,Manfrotto,Tripod Lanjutan,,🔧,0,Kepala Tripod Cairan|LAN,,Kepala tripod khusus video pembatas hentakan mekanik sehingga kamera mendongak halus tanpa goyang,Kepala Tripod Cairan
164,Benro KH26P,Benro,Tripod Lanjutan,,🔧,0,Tripod Video Set Kaki Kembar|LAN,,Tripod panggung event tinggi yang tidak memantul jika panggung lantai kayu sedang bergetar,Tripod Video Set Kaki Kembar
165,Waves MaxxVolume Plugin (Lisensi),Waves,Perangkat Lunak Fisik (Dongle),,🔧,0,Software Audio DSP|Audio,,Pengatur level suara intelijen (mengubah teriakan jadi kecil / bisikan jadi keras secara realtime),Software Audio DSP
166,Nanlite PavoTube 30C,Nanlite,Estetika & Akustik,,🔧,0,Lampu Neon RGB|Other,,Lampu tabung memanjang seperti neon futuristik untuk menghias bingkai video in-frame,Lampu Neon RGB
167,Akustik Foam Pyramid,Akustik,Estetika & Akustik,,🔧,0,Busa 50x50cm|Other,,Busa gunung pencegah mantulan gema audio ping-pong (echo) menabrak dinding semen polos,Busa 50x50cm
168,CalDigit TS4 Thunderbolt 4 Dock,CalDigit,Ekspansi Sistem PC,,🔧,0,Thunderbolt 4 In|USB; 18 Port Out|LAN,,Stasiun ekspansi tunggal tercepat penambah jalus LAN Gigabit / USB 10Gbps / Audio dari 1 kabel laptop,"Thunderbolt 4 In, 18 Port Out"
169,Orico M.2 NVMe Enclosure,Orico,Ekspansi Sistem PC,,🔧,0,USB-C 10Gbps|USB; Kotak Baja|Other,,Cangkang tempat ditaruhnya hardisk M.2 internal PC sehingga menjadikannya SSD eksternal kilat,"USB-C 10Gbps, Kotak Baja"
170,Noctua NH-D15,Noctua,Stabilitas Hardware PC,/images_real/real_0169.jpg,🔧,0,Heatsink CPU Kipas Kembar|LAN,,Pendingin prosesor PC bongsor dengan kipas senyap (wajib di studio agar kipas tak masuk mic),Heatsink CPU Kipas Kembar
171,Corsair RM850x 80+ Gold,Corsair,Stabilitas Hardware PC,,🔧,0,Power Supply Unit (PSU)|LAN,,Jantung penyuplai tegangan bersih anti-konslet ke komponen capture card mahal di PC,Power Supply Unit (PSU)
172,Ulanzi Camera Cooling Fan,Ulanzi,Stabilitas Hardware PC,/images_real/real_0171.jpg,🔧,0,Baterai|Other; Jepit Kamera|Other,,Kipas radiator pelepas panas sensor ditempel ke lubang layar DSLR khusus Sony/Canon saat live,"Baterai, Jepit Kamera"
173,Elgato Prompter Pedal,Elgato,Kontroler Adaptif,,🔧,0,USB-A (Injakan Kaki)|USB,,Pedal lantai untuk menggeser teks teleprompter ke bawah secara diam-diam tanpa melepas tangan dari meja,USB-A (Injakan Kaki)
174,Infinity Foot Pedal,Infinity,Kontroler Adaptif,/images_real/real_0173.jpg,🔧,0,USB-A (3 Pedal)|USB,,Diprogram khusus menekan makro OBS (Pedal Kiri: Mute Mic Discord. Pedal Kanan: Play SFX Tepuk Tangan),USB-A (3 Pedal)
175,Fasgear USB-C Right Angle,Fasgear,Aksesoris Sudut Ruang,,🔧,0,USB-C Belok Kanan|USB; Kiri|Other,,Kabel webcam berbentuk belok (L) mencegah batang kabel membentur tembok belakang meja yang mepet,"USB-C Belok Kanan, Kiri"
176,Viltrox EF-NEX IV,Viltrox,Adaptor Modifikasi Lensa,,🔧,0,Mount Ring Elektronik|Other,,Penghubung komunikasi lensa tua dari pabrikan Canon agar autofokusnya bisa dibaca di kamera modern Sony,Mount Ring Elektronik
177,Chest Mount Harness,Chest,Aksesori Streaming POV,,🔧,0,Strap Dada Elastis|Other,,Sabuk ikatan Action Cam di tengah dada untuk memperlihatkan kedua tangan saat streaming merakit PC/Memasak,Strap Dada Elastis
178,Shure SM57,Shure,Instrument Audio Khusus,,🔧,0,Mikrofon XLR Tanpa Busa|Audio,,Mic dynamic ujung pipih spesialis letak presisi penodong instrumen berisik (depan amplifier / senar snare drum),Mikrofon XLR Tanpa Busa
179,Roland Octa-Capture,Roland,Instrument Audio Khusus,,🔧,0,USB Audio Interface 8 XLR|Audio,,Soundcard multi-jalur merekam terpisah 8 drum/gitar sekaligus dalam streaming band,USB Audio Interface 8 XLR
180,Korg nanoKONTROL2,Korg,Instrument Audio Khusus,,🔧,0,USB MIDI Fader Controller|USB,,Permukaan sentuh analog (fader naik turun) untuk mengatur slider audio software OBS dengan ujung jari,USB MIDI Fader Controller
181,Tether Tools TetherPro USB-C,Tether,Kabel Perlindungan Data,,🔧,0,Kabel Oranye USB-C 4.6m|USB,,Kabel transmisi data spesialis tanpa sinyal hilang berbalut silikon mencolok orange agar mata orang awas,Kabel Oranye USB-C 4.6m
182,Tether Tools JerkStopper,Tether,Kabel Perlindungan Data,,🔧,0,Penjepit Relief|Other,,Karet pengikat menahan stres daya tarik kabel sebelum sampai mencabut (dan menghancurkan) port motherboard kamera,Penjepit Relief
183,SmallRig VB99 mini V-Mount,SmallRig,Pusat Tenaga Portabel,,🔧,0,Baterai V-Mount 99Wh|Power,,Baterai kelas berat dengan kapasitas super menyimpan arus dan lubang D-tap untuk segala tegangan,Baterai V-Mount 99Wh
184,Alvin's Cables D-Tap to NP-FZ100,Alvin's,Pusat Tenaga Portabel,,🔧,0,Kabel Konverter D-Tap|Other,,Penurun tegangan menarik listrik 14V V-Mount menjadi tegangan 7.2V aman untuk slot baterai palsu Sony,Kabel Konverter D-Tap
185,Kawat Baja Safety Sling,Kawat,Alat Keamanan Tinggi,,🔧,0,Kabel Kawat Gembok|Other,,Tali baja sekunder penahan gantung jika engsel C-Stand patah maka lampu COB tidak akan hancur terjatuh,Kabel Kawat Gembok
186,Blackmagic ATEM Micro Panel,Blackmagic,Konsol Fisik ATEM,/images_real/real_0185.jpg,🔧,0,USB-C & Bluetooth|Wireless,,Panel mekanik T-Bar peraba transisi untuk teknisi (menggeser video perlahan dengan sentuhan telapak tangan),USB-C & Bluetooth
187,Giottos Rocket Air Blaster,Giottos,Perbaikan Optik & Hardware,,🔧,0,Blower Pompa Karet|LAN,,Semburan udara kering meniup debu sensor sebelum menempel permanen karena hawa panas lampu kamera,Blower Pompa Karet
188,SmallRig Folding Tool Set,SmallRig,Perbaikan Optik & Hardware,/images_real/real_0187.jpg,🔧,0,7-in-1 Obeng|Other; Kunci L|Other,,Gantungan pisau lipat berisi segala kunci pas baut L dan min-plus bongkar pasang tripod dalam hitungan detik,"7-in-1 Obeng, Kunci L"
189,Leatherman Wave Plus,Leatherman,Perbaikan Optik & Hardware,/images_real/real_0188.jpg,🔧,0,Multitool Tang Mekanik|Other,,Alat survival memotong kabel tembaga LAN yang robek atau menarik slot pin HDMI yang bengkok di set panggung,Multitool Tang Mekanik
190,StarTech.com HDMI Audio Extractor,StarTech.com,Penjembatan Konsol Audio,,🔧,0,HDMI In|HDMI; Toslink Out|Other,,Pembelah jalur pembawa HDMI murni memisahkan khusus sinyal audionya dialirkan ke kabel optik Mixer suara,"HDMI In, Toslink Out"
191,FiiO E10K,FiiO,Headphone PC Amplifier,,🔧,0,USB In|USB; 3.5mm Out|Audio,,Dongle mini di atas meja penguat desibel (DAC) men-drive headphone audiophile berimpedansi beban tinggi (250 ohm),"USB In, 3.5mm Out"
192,Lenspen NLP-1,Lenspen,Pembersih Lensa Premium,,🔧,0,Pena Karbon Kering|Other,,Alat hapus bercak minyak/sidik jari di depan filter lensa kamera secara aman tanpa air,Pena Karbon Kering
193,Marshall CV503,Marshall,Kamera Tipe Modul Panggung,,🔧,0,BNC (3G-SDI)|SDI; Lensa M12|Other,,Kamera mikroskopis seukuran kepalan tangan tapi memakai koneksi SDI (diselipkan di tiang drum/net tenis),"BNC (3G-SDI), Lensa M12"
194,InnoGear Weighted Desktop Mic Stand,InnoGear,Modifikasi Suara Meja,,🔧,0,Tiang Mic Piringan Besi|Audio,,Tiang mic 15cm dengan kaki beban bulat besi rata 2kg (solusi meja kaca mahal yang tidak bisa dijepit pinggirnya),Tiang Mic Piringan Besi
195,Rode PSM1 Shock Mount,Rode,Modifikasi Suara Meja,,🔧,0,Rangka Laba-laba Karet|Other,,Penyerap guncangan getaran dari hentakan mouse & keyboard gamer menjalar lewat tiang kayu masuk ke PodMic,Rangka Laba-laba Karet
196,Neewer 18-inch SMD LED Ring Light,Neewer,Lampu Streaming Spesifik,,🔧,0,Lampu Bulat AC Power|LAN,,"Sumber cahaya cincin pencipta ""catchlight"" putih malaikat di bola mata streaming kosmetik dan facecam dekat",Lampu Bulat AC Power
197,Astro MixAmp Pro TR,Astro,Pengelola Audio Gamepad,/images_real/real_0196.jpg,🔧,0,USB|USB; Optical In|Other; 3.5mm|Audio,,Unit roda volume mekanik pemisah keseimbangan suara (balance) dari party chat PlayStation dan letusan pistol di game,"USB, Optical In, 3.5mm"
198,Blackmagic Mini Converter SDI Distribution,Blackmagic,Penyalur Video Matriks,,🔧,0,1x SDI In|SDI; 8x SDI Out|SDI,,Pembagi (amplifier) tunggal menarik kabel SDI kamera master untuk disebarkan ke layar penonton & ke capture card operator,"1x SDI In, 8x SDI Out"
199,Lilliput T5 5-inch Tally Monitor,Lilliput,Penanda Status Streaming,,🔧,0,HDMI In|HDMI; Tally Interface|Wireless,,Monitor saku 5 inci ditaruh persis di bawah lensa yang memiliki bingkai lampu (Red=Live / Green=Preview),"HDMI In, Tally Interface"
200,VIVO Dual Monitor Desk Mount,VIVO,Meja & Penataan PC,,🔧,0,Dual Arm Jepit VESA|Other,,Penyangga tiang baja ganda dengan gas hidrolik mengangkut 2 buah monitor melayang kosong agar ruang meja luas (tanpa alas kaki monitor bawaan),Dual Arm Jepit VESA
201,WeBoost Home MultiRoom,WeBoost,Penguat Sinyal Ruang Bawah Tanah,/images_real/real_0200.jpg,🔧,0,Antena 4G|Other; 5G Penangkap Luar|Other,,Menarik sinyal Base Station dari tiang luar dilempar ke router modem Cellular Encoder milik streamer dalam bunker,"Antena 4G, 5G Penangkap Luar"
202,Loupedeck Live S,Loupedeck,Konsol Suara Minimalis,,🔧,0,USB-C Panel Desktop|USB,,Miniatur 15 layar LCD tombol + 2 roda putar khusus menyeimbangkan Spotify & Mic saat aplikasi berjalan background,USB-C Panel Desktop
203,Anker 735 Charger (Nano II 65W),Anker,Charger Pusat Ringkas,,🔧,0,Colokan Dinding (GaN Power)|LAN,,Kepala pengisi daya pintar yang bisa dicolok Dummy Camera USB-C tanpa voltase kurang atau membakar motherboard,Colokan Dinding (GaN Power)
204,Cat5 to 4-Channel XLR Extender (SoundTools),Cat5,Pengalir Mic Ratusan Meter,,🔧,0,RJ45 In|LAN; 4x XLR Out|Audio,,Kotak ajaib (pasif) menyalurkan tenaga 4 mic Phantom XLR menjadi 1 kabel jaringan LAN (CAT5) ditarik keliling panggung,"RJ45 In, 4x XLR Out"
205,APC SurgeArrest Essential 6-Outlet,APC,Sekring Penjaga Arus AC,,🔧,0,Colokan Listrik Berjajar|Power,,Terminal stopkontak pengorbanan (pemutus daya aktif 1-detik) ketika aliran halilintar/voltase naik sebelum membakar blok VGA,Colokan Listrik Berjajar
206,Canare L-2.5CHD BNC,Canare,Kabel Video Fleksibel (SDI),,🔧,0,BNC Konektor Ramping|Other,,Kabel koaksial tipis untuk penarikan video jarak dekat belakang rack-server yang sangat sesak karena lekukannya lebih lemas,BNC Konektor Ramping
207,Roland VR-4HD,Roland,Video Switcher Tambahan,,🔧,0,4x HDMI In|HDMI; Layar Sentuh|Other,,Switcher panggung hybrid All-In-One dengan fader audio slider fisik menyatu di bodi (cocok untuk 1 orang operator multi-job),"4x HDMI In, Layar Sentuh"
208,Tilta Seamless Focus Gear Ring,Tilta,Aksesoris Lensa DSLR,,🔧,0,Cincin Lensa Karet Bergigi|Other,,Menambahkan jalur gerigi di sekeliling lensa biasa agar bisa dicengkram kuat oleh motor mesin Follow Focus nirkabel,Cincin Lensa Karet Bergigi
209,DJI RS Focus Motor (2022),DJI,Sistem Follow Focus Nirkabel,,🔧,0,USB-C Command Port|LAN,,Memutar ring fokus/zoom lensa dari mesin penyeimbang gimbal dengan kendali jari telunjuk operator di set IRL,USB-C Command Port
210,Shure Beta 98H/C,Shure,Mic Instrument Jepit (Clip),,🔧,0,Mini-XLR ke Bodypack|Audio,,Mikrofon berleher angsa mungil penodong tiup saksofon / kuningan band panggung (ikut bergerak bebas ke mana saja),Mini-XLR ke Bodypack
211,Sennheiser BT T100,Sennheiser,Audio Extender Bluetooth,,🔧,0,Optikal SPDIF|Audio; Analog In|Other,,Melempar saluran Output TV/PC kualitas CD via gelombang AptX latensi rendah ke telinga Host di tengah panggung tanpa jeda,"Optikal SPDIF, Analog In"
212,Amaran T2c LED Tube Light,Amaran,Lighting Khusus Background,,🔧,0,Lampu Tabung 2 Kaki|Other; Baterai Grip|LAN,,Senjata pamungkas estetika studio yang diletakkan memanjang diagonal; menyala terang berpindah gradasi 3 warna,"Lampu Tabung 2 Kaki, Baterai Grip"
213,Impact Scissor Clip for Drop Ceilings,Impact,Rigging Plafon Gantung,,🔧,0,Klip Penjepit Plafon T|LAN,,Penjepit baja per yang dicapit di sela-sela rangka atap baja ringan (gypsum plafon) untuk menempel kamera CCTV/Webcam tanpa paku bor,Klip Penjepit Plafon T
214,Lume Cube Panel Pro,Lume,Lampu Tambahan Facecam,,🔧,0,Lampu Kotak|Other; USB-C|USB,,Panel datar RGB sebesar smartphone ditempel persis di sisi Webcam untuk mengusir sisa bayangan gelap pada pangkal hidung,"Lampu Kotak, USB-C"
215,K&M 14045 Stool (Kursi Panggung),K&M,Alas Duduk Operator,,🔧,0,Kursi Hidrolik Bundar|Other,,Kursi tak berisik tanpa sandaran dengan busa tebal; khusus agar kru kontrol / kameramen tidak sakit pinggang (dan tidak terlihat di frame),Kursi Hidrolik Bundar
216,Corning Thunderbolt 3 Optical Cable,Corning,Kabel Extender PC,,🔧,0,Thunderbolt 3 Tipe C (Panjang 10m)|LAN,,Kabel optik khusus pemindah data PC di luar ruangan sejauh 10 meter agar panas PC dan suara kipas PC tak masuk ke ruangan kedap suara Streamer,Thunderbolt 3 Tipe C (Panjang 10m)
217,Sabrent 10-Port 60W USB 3.0 Hub,Sabrent,Hub USB Bertenaga Penuh,,🔧,0,USB-B (Host)|USB; Tombol Per Port|LAN,,Gudang port USB memanjang yang memiliki tombol cetak on/off fisik setiap port (mematikan alat tanpa cabut kabel),"USB-B (Host), Tombol Per Port"
218,Prompt-it Maxi,Prompt-it,Teleprompter Ukuran Raksasa,/images_real/real_0217.png,🔧,0,"Dudukan Kaca Pantul Monitor 24""|Power",,Sistem promter besar menyihir layar monitor PC standar menjadi teks bacaan (bisa di baca jarak 4 meter) dari titik terjauh studio,"Dudukan Kaca Pantul Monitor 24"""
219,Boss CS-3 Compression Sustainer,Boss,Perangkat Kompresor Live,/images_real/real_0218.jpg,🔧,0,"Pedal Efek 1|Other; 4"" In|Other; Out|Other",,Pedal injak gitar dipakai oleh musisi streamer; meratakan letupan petikan gitar akustik sebelum ditransfer ke Mixer,"Pedal Efek 1, 4"" In, Out"
220,Blackmagic Mini Converter UpDownCross HD,Blackmagic,Konverter Layar Analog,,🔧,0,HDMI|HDMI; SDI|SDI; Reference In-Out|Other,,Mengkonversi input layar rasio zaman batu/analog agar rasio layar pas di dalam kerangka layout Twitch tanpa distorsi penyok,"HDMI, SDI, Reference In-Out"
221,ProGrade Digital Dual-Slot SD UHS-II,ProGrade,Pembaca Memori Studio Cepat,,🔧,0,USB-C 10Gbps|USB; Magnetic Base|Other,,Penelan data (Card Reader) kilat 10Gbps. Berguna membajak data video rekaman backup ke PC tanpa harus mematikan kamera,"USB-C 10Gbps, Magnetic Base"
222,Cerevo FlexTally,Cerevo,Kartu Tally Nirkabel,,🔧,0,Sinyal Radio 433MHz|Other; Baterai|Other,,Lampu merah kotak yang berdiri sendiri pakai baterai ditempelkan ke atas bodi kamera. Terkoneksi otomatis tanpa kabel vMix PC operator,"Sinyal Radio 433MHz, Baterai"
223,Bright Tangerine Revolvr,Bright,Kipas Kamera Pengusir Hujan,,🔧,0,Spinning Glass Filter M12|Other,,Penahan hujan lensa bermotor gasing berputar kecepatan sangat tinggi agar air dan salju mencelat keluar tak menutupi pandangan live stream outdoor,Spinning Glass Filter M12
224,Manfrotto PIXI Mini Tripod,Manfrotto,Tripod Khusus Handphone (IRL),,🔧,0,Kaki Tiga|Other; Ball Head Tombol|Other,,Penyangga kokoh bahan besi untuk genggaman IRL Vlogger HP yang tak gampang remuk dicengkram berjam-jam saat berjalan,"Kaki Tiga, Ball Head Tombol"
225,ZGCINE VM-VP1 Kit2,ZGCINE,Adapter Baterai Nirkabel Monitor,,🔧,0,Plat Jepitan V-Mount ke Kabel D-Tap|Power,,Rak untuk memasang baterai TV seberat 1 kg ke dalam sistem dudukan rel pipa agar keseimbangan rig kamera tak bergeser miring,Plat Jepitan V-Mount ke Kabel D-Tap
226,Atomos Ninja V Sunhood,Atomos,Tenda Hitam Layar (Sunhood),,🔧,0,Pelindung Layar Magnetik Karet|Other,,Penghalang sinar matahari (topi kardus) pembingkai layar preview monitor (Wajib bagi kameramen yang melawan cahaya siang),Pelindung Layar Magnetik Karet
227,Seismic Audio Patch Cable 1FT,Seismic,Kabel Jumper Mic,,🔧,0,Kabel XLR Pendek (Warna-warni)|Audio,,Kabel mic mini cuma sejengkal tangan penyambung estafet dari alat Compressor menuju Mixer di rak yang sama (anti kabel gulung berserakan),Kabel XLR Pendek (Warna-warni)
228,Furman PL-8C Power Conditioner,Furman,Kotak Adaptor Listrik Rak (PDU),,🔧,0,Rack-Mount AC 15 Ampere|Power,,Sistem stopkontak masuk di rak server; memiliki dua lampu tabung sorot ke bawah menyinari tombol mixer dalam studio gelap gulita,Rack-Mount AC 15 Ampere
229,IDX System Technology A-CP09,IDX,Kotak Penghindar Putus Listrik (PDB),,🔧,0,Plat Pusat Distribusi Baterai|Other,,Jika baterai kamera menipis; dicolokkan ke alat ini untuk pertukaran listrik panas (baterai utama diganti tanpa kamera mati sedetik pun),Plat Pusat Distribusi Baterai
230,Yellow Jacket Cable Protector,Yellow,Pelindung Jalur Tanah,,🔧,0,Jembatan Pelindung Kabel Kuning|Other,,Gundukan karet penyeberangan kabel agar kabel kamera tak hancur terlindas troli / terinjak artis penari panggung,Jembatan Pelindung Kabel Kuning
231,Hollyland Mushroom Antenna,Hollyland,Antena Transmisi Video (RX/TX),,🔧,0,Port Konektor SMA|LAN,,Antena payung penyebar/penangkap sinyal transmisi video ke atas udara (radius 360 derajat omnidirectional sejauh 400 meter dari pusat panggung),Port Konektor SMA
232,Quik Lok T-800,Quik,Standar Dudukan Mixer DJ/Audio,,🔧,0,Stand Kaki Besi X (Meja Lebar)|Other,,Penyangga kokoh lipat tinggi menahan beban alat mixer panggung analog yang berat dan rentan rusak karena guncangan ritme jari Host,Stand Kaki Besi X (Meja Lebar)
233,"CAMVATE 1/4"" Female to 3/8"" Male",CAMVATE,Baut Penurun Ukuran (Adapter),,🔧,0,Sekrup Emas Kuningan|Other,,Urat nadi kecil pahlawan rigging: Konverter ukuran rahasia mengubah lubang baut payung kecil menjadi sekrup besar standar Eropa,Sekrup Emas Kuningan
234,Kessler Kwik Release Receiver,Kessler,Engsel Plat Geser (Quick Release),,🔧,0,Penjepit Piring Kamera|Other,,Lepas/pasang bodi DSLR dari tripod dalam gerakan slide luncur satu detik tanpa repot memutar baut koin berulang-ulang,Penjepit Piring Kamera
235,Littlite 18-LED Gooseneck,Littlite,Lampu Mini Tenda / Area Kontrol,,🔧,0,Lampu Leher Angsa BNC|Other; XLR|Audio,,Dicolokkan ke mesin audio (mendapat daya listrik langsung) lampunya berkelok ke bawah menyoroti skrip catatan Host di atas meja,"Lampu Leher Angsa BNC, XLR"
236,Rogue Amoeba Loopback (Mac Software),Rogue,Penangkap Audio Layar (Screen Capture),,🔧,0,Perangkat Lunak Virtual Routing|Other,,Mengkabeli suara di PC (Menarik audio aplikasi Spotify/Chrome menyambung masuk langsung dikirim murni ke mesin OBS),Perangkat Lunak Virtual Routing
237,ProTapes Pro Gaff (Berbagai Warna),ProTapes,Isolasi Listrik Berwarna Panggung,,🔧,0,Lakban Terang Fluorescent|Other,,Lakban penanda kuning atau neon; menempel di lantai menandakan huruf X tempat Host harus berdiri menatap kamera panggung,Lakban Terang Fluorescent
238,Sprig Cable Management Device,Sprig,Klem Pengaman Kabel Lensa (HDMI),,🔧,0,"Plat Penjepit Sekrup 1|Other; 4""|Other",,Paku plastik cerdas dengan lubang kail dijepit ke bodi rig sangkar mengikat kabel data bergelantungan agar rata lurus dengan besi kamera,"Plat Penjepit Sekrup 1, 4"""
239,AC Infinity AIRCOM T8,AC,Pendingin Komponen Jaringan,,🔧,0,Sistem Pendingin Rak Server|LAN,,Penghisap panas yang berbaring di atas rak mesin router encoder jaringan menendang udara mendidih PC streamer ke luar ruangan,Sistem Pendingin Rak Server
240,Tascam BO-16DX/OUT,Tascam,Kabel Multi-Sinyal Breakout,,🔧,0,Kabel Pita DB25 ke 16x XLR|Audio,,Mentransfer 16 jalur suara analog dari soundcard besar menjadi satu jalur kabel paralel DB25 super tebal (menembus tembok kontrol),Kabel Pita DB25 ke 16x XLR
241,Teradek Bolt 4K LT 750,Teradek,Transmisi Video Nirkabel,,🔧,0,12G-SDI|SDI; HDMI In-Out|HDMI,,Pemancar video tanpa delay nol detik untuk membebaskan kameramen bergerak di seluruh panggung,"12G-SDI, HDMI In-Out"
242,LiveU Solo PRO,LiveU,Encoder Streaming Seluler,/images_real/real_0241.jpg,🔧,0,HDMI|HDMI; 2x USB Modems|USB,,Bonding router penggabung 2 hingga 4 sinyal modem internet 4G/5G untuk streaming IRL anti putus di area pelosok,"HDMI, 2x USB Modems"
243,BirdDog Studio NDI,BirdDog,Encoder Jaringan (NDI),,🔧,0,SDI|SDI; HDMI to RJ45|HDMI,,Mengubah sinyal video kamera HDMI/SDI menjadi paket data jaringan LAN murni (NDI) berlatensi ultra rendah,"SDI, HDMI to RJ45"
244,Audinate AVIO Analog Input,Audinate,Sistem Audio Jaringan (Dante),,🔧,0,XLR Female to RJ45|Audio,,Dongle konverter pengubah mikrofon analog XLR biasa agar bisa masuk ke dalam jaringan audio digital Dante,XLR Female to RJ45
245,Audinate AVIO USB Adapter,Audinate,Sistem Audio Jaringan (Dante),,🔧,0,USB-C to RJ45|LAN,,Penghubung laptop ke ekosistem jaringan audio raksasa panggung hanya melalui satu colokan kabel LAN,USB-C to RJ45
246,Sennheiser EW IEM G4,Sennheiser,Sistem Pemantauan Telinga (IEM),,🔧,0,XLR In|Audio; RF Antenna|Wireless,,Transmiter radio pemancar suara pengarahan sutradara (atau musik) langsung ke telinga Host di panggung,"XLR In, RF Antenna"
247,Shure SE215 PRO,Shure,Sistem Pemantauan Telinga (IEM),,🔧,0,3.5mm TRS Earphone|Audio,,Earphone kedap suara legendaris untuk dipakai Host agar tidak terganggu gema suara dari speaker panggung utama,3.5mm TRS Earphone
248,Shure UA844+SWB,Shure,Pembagi Antena Radio,,🔧,0,BNC RF Connectors|Wireless,,Distributor sinyal antena sentral pembagi gelombang radio agar 5 receiver mic wireless tidak saling tabrakan frekuensi,BNC RF Connectors
249,Sound Devices MixPre-6 II,Sound,Perekam Audio Lapangan,/images_real/real_0248.jpg,🔧,0,4x XLR In|Audio; USB-C Out|USB,,Mesin perekam dan mixer audio portabel kaliber film Hollywood (resolusi 32-bit float) jaminan suara tak mungkin pecah,"4x XLR In, USB-C Out"
250,Tentacle Sync E mkII,Tentacle,Kotak Sinkronisasi Waktu,,🔧,0,3.5mm Timecode Out|SDI,,Pemancar kode waktu bluetooth penyeragam detakan jam internal antara 4 kamera dan 1 perekam audio secara presisi absolut,3.5mm Timecode Out
251,Parrot Teleprompter V2,Parrot,Teleprompter Portabel,,🔧,0,Ring Lensa|Other; Jepit HP|Other,,Teleprompter super mini yang dijepit langsung ke filter lensa kamera dan memakai layar HP sebagai pantulan teks,"Ring Lensa, Jepit HP"
252,Elgato Stream Deck Pedal,Elgato,Pedal Pengendali Teleprompter,,🔧,0,USB-C|USB,,Pedal 3 injakan kaki pembaca skrip rahasia di bawah meja untuk memutar teks maju mundur tanpa bantuan operator,USB-C
253,K-Tek KE-89CC Avalon,K-Tek,Tripod Udara (Boom Pole),,🔧,0,Tiang Karbon Fiber|Other; XLR In|Audio,,Tongkat pancing panjang berongga untuk menggantung mic shotgun di atas kepala talent luar jangkauan pandangan kamera,"Tiang Karbon Fiber, XLR In"
254,Skaarhoj PTZ Pro,Skaarhoj,Pengendali Kamera Jarak Jauh,,🔧,0,PoE RJ45|LAN; Joystick|Other,,Meja kemudi tuas joystick raksasa pengatur 10 kamera robotik (PTZ) berbeda merek dalam satu jaringan LAN,"PoE RJ45, Joystick"
255,Tally-Lights USB Controller,Tally-Lights,Sistem Tally Jaringan,,🔧,0,USB to Terminal Block|USB,,Pusat komando penyala lampu Tally merah/hijau yang kompatibel 100% dengan pemicu otomatis software vMix OBS,USB to Terminal Block
256,Decimator MD-QUAD,Decimator,Distributor Layar (Multiviewer),/images_real/real_0254.jpg,🔧,0,4x SDI In|SDI; HDMI Out|HDMI,,Mesin mosaik penyatu 4 umpan kamera SDI menjadi 1 layar kotak-kotak (grid) ke monitor TV sutradara,"4x SDI In, HDMI Out"
257,Blackmagic Teranex Mini Optical,Blackmagic,Ekstender Serat Optik,,🔧,0,SDI|SDI; SFP Optical|Other,,Mengubah video 12G-SDI menjadi cahaya laser untuk ditarik sejauh 10 kilometer tanpa penurunan resolusi pixel,"SDI, SFP Optical"
258,AV Access HDMI Extender 4K,AV,Ekstender Video LAN,,🔧,0,HDMI In-Out|HDMI; RJ45|LAN,,Sepasang alat penerus video HDMI murni melewati bentangan kabel LAN CAT6 sejauh 100 meter (solusi murah pengganti SDI),"HDMI In-Out, RJ45"
259,Kupo KCP-700 Convi Clamp,Kupo,Pelindung Kabel Tali (Grip),,🔧,0,Rahang Penjepit|Other; Lubang Hex|Other,,Penjepit baja legendaris (Convi/Super clamp) andalan kru lampu mencengkram tiang rangka panggung tanpa melorot,"Rahang Penjepit, Lubang Hex"
260,Kupo Apple Box (Set of 4),Kupo,Pelindung Kabel Tali (Grip),,🔧,0,Kotak Kayu Solid|Other,,Kotak kayu ajaib kru film pembantu segalanya (untuk injakan kameramen pendek dudukan meja ekstra alas monitor dll),Kotak Kayu Solid
261,SmallRig ARRI Rosette Handle,SmallRig,Bantalan Tangan Tripod,,🔧,0,Gigi ARRI Rosette|Other; Baut|Other,,Pegangan kayu ergonomis bersendi gigi baja pengunci super rapat penyangga beban kamera berat di atas pundak,"Gigi ARRI Rosette, Baut"
262,Anton Bauer Titon 90,Anton,Sistem Baterai Gold Mount,,🔧,0,Gold Mount (3-Stud)|Other,,Standar baterai broadcast Amerika penyuplai daya monitor dan lampu dengan sistem pin kunci peluru anti copot,Gold Mount (3-Stud)
263,Tilta V-Mount Battery Plate,Tilta,Pembagi Tenaga Kamera,,🔧,0,V-Mount In|Power; D-Tap Out|Other,,Papan colokan multi port di belakang rig kamera pembagi arus ke monitor mesin transmisi video dan kamera sekaligus,"V-Mount In, D-Tap Out"
264,Matthews 18x24 Solid Black,Matthews,Bendera Penahan Cahaya (Flags),,🔧,0,Kain Hitam|Other; Bingkai Besi|Other,,Papan bendera hitam pekat pemblokir kebocoran cahaya lampu dari arah samping agar wajah host lebih dramatis (berbayang),"Kain Hitam, Bingkai Besi"
265,Kupo 8x8 ft Butterfly Frame,Kupo,Difusi Kupu-Kupu (Butterfly Grid),,🔧,0,Rangka Alumunium|Other; Kain|Other,,Bangkai tenda difusi raksasa 2x2 meter pelembut bayangan matahari yang sadis saat live streaming outdoor siang bolong,"Rangka Alumunium, Kain"
266,Aputure MC Pro,Aputure,Lampu Aksen Latar (Practical),,🔧,0,RGBWW|Other; Magnetik|Other,,Lampu kotak rokok bertenaga baterai dengan magnet untuk ditempel sembunyi di rak buku belakang punggung streamer,"RGBWW, Magnetik"
267,Nanlite PavoTube II 15X,Nanlite,Panel LED Lentur (Flexible),,🔧,0,Tabung LED|Other; USB-C|USB,,Tabung lampu efek neon futuristik piksel independen (bisa menyala bergerak seperti animasi air mengalir),"Tabung LED, USB-C"
268,Gator Cases 12U Audio Rack,Gator,Rak Server Audio Video,,🔧,0,Kotak Plastik ABS|Other; Rel Besi|Other,,Peti kargo keras dengan rel baja penyekrup susunan amplifier perekam dan router jaringan agar aman dibanting di bagasi,"Kotak Plastik ABS, Rel Besi"
269,Penn Elcom 2U Rack Drawer,Penn,Laci Rak Tersembunyi,,🔧,0,Slot Rak 19 Inch|Other,,Laci tarik alumunium pembawa obeng baterai lakban dan adaptor cadangan yang menyatu di dalam kotak server,Slot Rak 19 Inch
270,Behringer CT100 Cable Tester,Behringer,Alat Penguji Kabel Audio,,🔧,0,XLR|Audio; RCA|Audio; BNC|Other; MIDI|Other; TRS|Audio,,Kotak pintar dengan lampu indikator diagnostik pencari tahu kaki pin mana yang putus di dalam kabel rakitan yang mati,"XLR, RCA, BNC, MIDI, TRS"
271,Klein Tools Scout Pro 3,Klein,Peralatan Penguji Jaringan,/images_real/real_0269.jpg,🔧,0,RJ45|LAN; Coax Port|LAN,,Alat uji panjang kabel LAN pengukur kecepatan transfer dan pendeteksi kabel keriting tergigit tikus sebelum live dimulai,"RJ45, Coax Port"
272,ProCo 16-Channel Audio Snake,ProCo,Kabel Panggung Multicore,,🔧,0,16x XLR Female|Audio; Kotak Besi|Other,,Kabel tebal seukuran lengan manusia pengangkut 16 jalur mikrofon dari panggung drum disatukan ke satu mesin mixer 20 meter jauhnya,"16x XLR Female, Kotak Besi"
273,SmallRig 11-inch Articulating Arm,SmallRig,Lengan Engsel Magis (Magic Arm),/images_real/real_0271.jpg,🔧,0,"1|Other; 4"" Sekrup Ganda|Other; Tuas Tengah|Other",,Tangan baja yang akan membatu keras seluruh sendinya jika satu tuas di tengah diputar (penyangga monitor favorit),"1, 4"" Sekrup Ganda, Tuas Tengah"
274,YubiKey 5 NFC,YubiKey,Dongle Kunci Sistem PC,/images_real/real_0272.png,🔧,0,USB-A|USB; NFC|Other,,Kunci otentikasi fisik pengaman akun Twitch/YouTube studio agar tak bisa diretas orang meski password bocor,"USB-A, NFC"
275,Elgato Stream Deck XL,Elgato,Konsol Operator Tayangan Ulang,,🔧,0,USB-C (32 Tombol LCD)|USB,,Papan makro besar dengan 32 tombol layar fungsi ganda pemanggil bumper video lower-third dan Instant Replay secara instan,USB-C (32 Tombol LCD)
276,vMix Replay Controller,vMix,Sistem Pemotong Video Instan,,🔧,0,USB|USB; Tuas Putar (Jog Wheel)|Other,,Meja pengendali dengan tuas piringan pemutar waktu mundur (Slow Mo) saat ada momen krusial gol dalam streaming E-Sports,"USB, Tuas Putar (Jog Wheel)"
277,Universal Audio Apollo Twin X,Universal,Audio Interface Kelas Audiophile,,🔧,0,Thunderbolt 3|USB; 2x Combo XLR|Audio,,Soundcard elit bersenjatakan DSP internal pemroses plugin efek kompresor studio rekaman murni tanpa membebani memori PC,"Thunderbolt 3, 2x Combo XLR"
278,Electro-Voice RE20,Electro-Voice,Mikrofon Podcaster Klasik,/images_real/real_0031.jpg,🔧,0,Konektor XLR|Audio,,Mic radio dinamis legenda penolak gema ruangan berkat teknologi Variable-D (suara bass tidak menumpuk saat dipepet mulut),Konektor XLR
279,Manfrotto 175F-1 Justin Clamp,Manfrotto,Penahan Tiang Reflektor,,🔧,0,Jepit Mulut Buaya|Other; Cold Shoe|Other,,Klip penjepit rahang keras pembawa lampu flash/LED tipis untuk digigitkan ke kusen pintu atau dahan pohon lokasi IRL,"Jepit Mulut Buaya, Cold Shoe"
280,VIVO Under Desk PC Mount,VIVO,Sistem Dudukan PC Meja,,🔧,0,Braket Sabuk Baja|Other,,Gantungan penopang CPU rakitan berat untuk melayang di kolong meja sehingga tak tersedot debu lantai dan kaki aman menendang,Braket Sabuk Baja
281,Peplink Balance 20X,Peplink,Pemecah Internet Multi-WAN,,🔧,0,Multi-WAN RJ45|LAN; USB Modem|USB,,Router agresif penggabung koneksi Starlink ISP Kabel dan Modem 5G sekaligus penjamin 100 persen live tidak lag,"Multi-WAN RJ45, USB Modem"
282,Tactical CAT6a Ethernet Cable,Tactical,Kabel Jaringan Tahan Banting,,🔧,0,EtherCON RJ45|LAN; Kulit PUR|Other,,Kabel jaringan LAN berbaju zirah baja fleksibel tahan dilindas ban truk saat melintas jalan raya acara outdoor,"EtherCON RJ45, Kulit PUR"
283,Victron Energy Orion-Tr,Victron,Konverter Penurun Tegangan Listrik,,🔧,0,Terminal DC-DC|Power,,Alat kelistrikan pengubah aliran arus aki mobil (12V/24V) menjadi pasokan daya murni stabil ke PC streaming van keliling,Terminal DC-DC
284,Brennenstuhl Garant IP44,Brennenstuhl,Terminal Listrik Luar Ruangan,,🔧,0,Colokan AC Anti Air|Power,,Gulungan kabel listrik 50 meter dengan tutup karet IP44 tahan cipratan hujan darurat di panggung terbuka,Colokan AC Anti Air
285,Kill A Watt EZ,Kill,Pembaca Indikator Daya PC,,🔧,0,Steker Dinding AC|LAN,,Layar colokan pemantau tagihan watt dan beban arus ampere untuk memastikan sekring MCB gedung tidak akan anjlok (jepret),Steker Dinding AC
286,Inovativ Voyager 36 EVO,Inovativ,Meja Sutradara Portabel,,🔧,0,Meja Baja Beroda Pneumatik|Other,,Troli workstation lipat berharga fantastis pangkalan berjalan bagi operator vMix layar kamera dan mesin encoder di sela lapangan,Meja Baja Beroda Pneumatik
287,PortaBrace Flat Screen Case,PortaBrace,Pelindung Layar Monitor Berjalan,,🔧,0,Tas Kain Cordura|Other; Busa|Other,,Tas selimut bantalan pelindung anti baret pembawa monitor TV sutradara 27 inci dilempar ke mobil pick up,"Tas Kain Cordura, Busa"
288,DJI RS 3 Pro,DJI,Gimbal Kamera Kelas Berat,,🔧,0,Plat Rilis Cepat|Other; Bluetooth|Wireless,,Lengan penyeimbang robotik pengangkut lensa bioskop besar memastikan video operator berjalan mulus tanpa guncangan seperti terbang,"Plat Rilis Cepat, Bluetooth"
289,Easyrig Minimax,Easyrig,Rompi Beban Kameramen,,🔧,0,Rompi|Other; Tali Tarik Berpegas|Other,,Jaket parasut gantung penopang berat lengan kamera ke pundak dan pinggul agar punggung operator tak patah setelah 6 jam live berjalan,"Rompi, Tali Tarik Berpegas"
290,SKAARHOJ Tally Box,SKAARHOJ,Transmisi Tally Wireless,,🔧,0,Jaringan WiFi Lokal|Wireless,,Sistem penerima lampu sinyal warna tanpa kabel sama sekali membebaskan kamera gimbal berjalan ke seluruh lorong studio,Jaringan WiFi Lokal
291,Blackmagic UpDownCross HD,Blackmagic,Kartu Penyelamat Frame Rate,,🔧,0,BNC 3G-SDI|SDI; HDMI|HDMI,,Penyelamat ajaib perubah format dari kamera jadul 1080i (Interlaced) dipaksa menjadi 1080p (Progressive) mulus sebelum dicolok ke mixer PC,"BNC 3G-SDI, HDMI"
292,Purple Royal Seat Cushion,Purple,Bantalan Kursi Meja Ergonomis,/images_real/real_0288.jpg,🔧,0,Busa Polimer Gel|LAN,,Alas duduk ajaib penyerap tekanan tulang ekor (rahasia kru OBS tahan duduk belasan jam tanpa sakit tulang belakang),Busa Polimer Gel
293,Mackie Big Knob Passive,Mackie,Pengendali Suara Monitor,/images_real/real_0289.png,🔧,0,"2x 1|Other; 4"" In|Other; 2x 1|Other; 4"" Out|Other",,Kenop putar volume piringan besi analog penyambung kartu suara ke speaker studio mematikan audio seketika saat ada jeda iklan,"2x 1, 4"" In, 2x 1, 4"" Out"
294,Lindy 4K HDMI Splitter 1x8,Lindy,Pemecah Sinyal Tampilan,,🔧,0,1x HDMI In|HDMI; 8x HDMI Out|HDMI,,Membagi satu jalur layar presentasi Powerpoint murni ke 8 monitor TV berbeda di seluruh panggung auditorium tanpa putus-putus,"1x HDMI In, 8x HDMI Out"
295,FIBBR Fiber Optic USB 3.0,FIBBR,Kabel USB Optik Kelas Jauh,,🔧,0,USB-A to USB-C (15 Meter)|USB,,Kabel kabel serat kaca pembawa sinyal kamera webcam 4K melewati jarak 15 meter ke PC di ruangan seberang tanpa degradasi lag,USB-A to USB-C (15 Meter)
296,Gunnar Intercept,Gunnar,Kacamata Blokir Cahaya Biru,,🔧,0,Kacamata Anti-Glare Lensa Kuning|Power,,Pelindung mata operator encoder dari kelelahan retina memelototi kode error dan ratusan sumber terang layar multiview harian,Kacamata Anti-Glare Lensa Kuning
297,Peak Design Cuff,Peak,Aksesoris Tali Pengaman Kamera,/images_real/real_0293.jpg,🔧,0,Strap Tangan Cepat Lepas|Other,,Gelang pergelangan tangan penahan malapetaka jika kamera DSLR vlog genggam terlepas dari pegangan basah berkeringat di keramaian,Strap Tangan Cepat Lepas
298,SmallRig Desk Mount Stand,SmallRig,Jepit Pinggir Meja Tipis,/images_real/real_0294.jpg,🔧,0,C-Clamp Putar Baja|Other,,Tiang penyangga lampu atau kamera vertikal solusi bagi meja kayu minimalis yang area jepit tepinya hanya tersisa 2 centimeter,C-Clamp Putar Baja
299,Radial IceCube IC-1,Radial,Pengisolasi Ground Loop Suara,,🔧,0,XLR In|Audio; XLR Out (Isolator)|Audio,,Kapsul penyaring ajaib penghancur suara dengung (buzzing) kotor akibat listrik AC jelek berdengung yang masuk lewat jalur mic XLR,"XLR In, XLR Out (Isolator)"
300,Roland VC-1-DL,Roland,Alat Sinkronisasi Lip Sync,,🔧,0,SDI|SDI; HDMI In-Out|HDMI,,Mesin penunda video delay pengatur milidetik buatan agar gerakan mulut host yang lebih cepat dari kabel mic bisa bergerak bersamaan,"SDI, HDMI In-Out"
301,Blackmagic Smart Videohub 20x20,Blackmagic,Switcher Matrix Skala Kecil,,🔧,0,20x SDI In|SDI; 20x SDI Out|SDI,,Terminal pertukaran video bagai operator telepon di mana semua kamera dicolok ke sini dan bisa diarahkan rutenya ke mana saja,"20x SDI In, 20x SDI Out"
302,Ulanzi Camera Battery Door (Dummy),Ulanzi,Penjaga Suhu Baterai Kamera,,🔧,0,Plat Penutup Baterai Bolong|Other,,Pintu penutup baterai DSLR modifikasi yang berlubang kabel colokan sehingga dummy cable charger rapi dan tak mengganjal,Plat Penutup Baterai Bolong
303,American Recorder ON AIR Sign,American,Lampu Indikator Studio On Air,/images_real/real_0299.jpg,🔧,0,Colokan Listrik AC|Power; Saklar|Other,,Lampu akrilik retro merah dipajang di depan pintu ruang kontrol memperingatkan orang luar jangan berisik karena siaran berlangsung,"Colokan Listrik AC, Saklar"
304,Altronix NTP PoE Clock,Altronix,Penanda Waktu Digital (Clock),,🔧,0,RJ45 Power Over Ethernet|LAN,,Jam digital LED gantung merah besar terhubung server internet absolut (jam sutradara dan host tak akan meleset satu detik pun),RJ45 Power Over Ethernet
305,Countryman E6,Countryman,Mic Bando Headset Olahraga,,🔧,0,Microdot ke 3.5mm|Audio; XLR|Audio,,Mic kawat lidi transparan super mahal nyaris tak terlihat menempel di pipi pembicara (tahan keringat aktif bergerak di panggung),"Microdot ke 3.5mm, XLR"
306,K&M 25900 Microphone Stand,K&M,Raket Mikrofon Panggung,,🔧,0,Tiang Kaki Tiga Pendek|Other,,Tiang mic ukuran jongkok untuk ditaruh di depan amplifier gitar listrik atau diletakkan menjepit di tengah tumpukan set drum,Tiang Kaki Tiga Pendek
307,Gator Frameworks Bass Drum Mic Stand,Gator,Peredam Guncangan Meja Drum,,🔧,0,Tiang Besi Rata Lantai|LAN,,Besi berat piringan ceper pencengkram mic yang mengintip ke dalam lubang membran bass drum anti geser dari tendangan pemain,Tiang Besi Rata Lantai
308,Elation Onyx NX Touch,Elation,Kontroler Pencahayaan Panggung,,🔧,0,USB (DMX Protocol)|USB,,Sayap kontrol lampu RGB sorot panggung mengirim sinyal DMX mengedipkan ratusan lampu selaras mengikuti hentakan nada musik,USB (DMX Protocol)
309,ENTTEC DMX USB Pro,ENTTEC,Konverter DMX ke USB,,🔧,0,5-Pin XLR ke USB|Audio,,Dongle otak penerjemah bahasa software komputer agar bisa memberi perintah ke kabel kendali lampu panggung kelas konser,5-Pin XLR ke USB
310,Focusrite Scarlett 18i20,Focusrite,Antarmuka Rekam Multitrack,,🔧,0,8x Combo XLR|Audio; USB-C|USB,,Stasiun kartu suara rak raksasa penerima 8 channel mic independen (Host Tamu 1 Tamu 2 Alat Musik) dirutekan secara terpisah ke OBS,"8x Combo XLR, USB-C"
311,SmallRig HDMI & USB-C Cable Clamp,SmallRig,Pelindung Kabel USB DSLR,,🔧,0,Baut Penjepit Kerangka|Other,,Catok jepit mungil penahan leher kabel USB-C transmisi di badan kamera DSLR agar tak goyah ketika tersenggol siku tangan,Baut Penjepit Kerangka
312,Shurtape P-665 Gaffer Tape,Shurtape,Pita Lakban Pembatas Jarak,,🔧,0,Isolasi Kain Putih|Other; Neon|Other,,Lakban pembatas khusus yang tidak bersinar saat kena pantulan flash kamera digunakan menempel rute lari kamera panggung,"Isolasi Kain Putih, Neon"
313,Netgear Nighthawk A7000,Netgear,Dongle Penerima WiFi PC Tercepat,,🔧,0,USB 3.0 Antena Ganda|USB,,Kaki laba-laba antena penarik jaringan wifi 5Ghz darurat dari jarak jauh saat port LAN motherboard tiba-tiba hangus terbakar,USB 3.0 Antena Ganda
314,Elgato Key Light Air,Elgato,Lampu Panel Dinding LED,,🔧,0,Tiang Dudukan|Other; Wi-Fi|Other,,Panel softbox modern yang diredupkan pakai aplikasi HP atau pencet Stream Deck (tidak butuh menyentuh punggung lampu panas),"Tiang Dudukan, Wi-Fi"
315,AVerMedia Live Gamer 4K,AVerMedia,Kartu Tangkap Layar PS5 Kencang,/images_real/real_0024.jpg,🔧,0,PCIe x4|Other; HDMI 2.0 In|HDMI,,Kartu grafis capture internal jagoan merekam mulus refresh rate 120Hz dan layar HDR (Warna tajam) tanpa membebani prosesor,"PCIe x4, HDMI 2.0 In"
316,Blue Compass Premium Tube,Blue,Tiang Mikrofon Gantung Mewah,/images_real/real_0311.jpg,🔧,0,Lengan Gas Tersembunyi|Other,,Lengan mic gaya radio dengan per ketegangan bersembunyi di dalam pipa rapi tak terlihat mur atau pegas karatan menjuntai keluar,Lengan Gas Tersembunyi
317,SubC Imaging Ethernet/Power,SubC,Kabel Video Bawah Air,,🔧,0,Konektor Emas Tahan Air|Other,,Kabel video selam berbalut kevlar anti korosi tekanan tinggi penyambung kamera ROV selam langsung siaran ke darat kapal,Konektor Emas Tahan Air
318,Glide Gear TMP100,Glide,Layar Baca Prompter Handphone,,🔧,0,Kaca Beam Splitter 70|Power; 30|Other,,Rumah kaca pemantul layar iPad minimalis yang dapat dijepit pada tripod standar tanpa perlu beban pemberat rel raksasa besi,"Kaca Beam Splitter 70, 30"
319,Osee T5 5.5 Inch,Osee,Monitor Panduan Warna (LUT),,🔧,0,HDMI In|HDMI; Slot SD Card|Other,,Monitor saku pembaca slot SD Card memuat file kalibrasi warna .CUBE agar warna pucat log S-Log3 Sony jadi normal di pandangan mata,"HDMI In, Slot SD Card"
320,Tilta SSD Drive Cover for T5,Tilta,Pelindung Panas SSD Perekam,,🔧,0,Kerangka Besi Slot Baut|Other,,Kandang besi aluminium pelepas panas hardisk SSD Samsung yang merekam video RAW 4K panas tinggi agar tak mati kepanasan,Kerangka Besi Slot Baut
321,Rolls DB25 Matchbox,Rolls,Pengalih Audio (A/B Switch),,🔧,0,"1|Other; 4"" In|Other; XLR Out & Switch|Audio",,Kotak mekanik pemilih tombol tekan untuk membuang arah mic ke speaker penonton (A) atau mic ke kuping sutradara rahasia (B),"1, 4"" In, XLR Out & Switch"
322,Triton Audio FetHead,Triton,Penguat Sinyal Mikrofon Lemah,,🔧,0,XLR Female ke XLR Male|Audio,,Tabung dynamit penyuntik tambahan kejernihan volume suara 27 desibel pada mic Shure SM7B tanpa mengotori arus dengung listrik (Hiss),XLR Female ke XLR Male
323,Gator Frameworks Laptop Tripod Stand,Gator,Penjepit Dudukan Laptop Tripod,,🔧,0,Plat Besi Karet Berpori|LAN,,Baki pelat kokoh dengan sabuk perekat laptop mesin encoder duduk seimbang tanpa meluncur jatuh tersenggol kru berlari,Plat Besi Karet Berpori
324,Lume Cube 2.0,Lume,Lampu Aksen Sudut (Hairlight),,🔧,0,"Sekrup 1|Other; 4""|Other; USB-C Tahan Air|USB",,Batu bata lampu LED super kuat (seukuran dadu es) penjebol kegelapan sembunyi di belakang layar menjauhkan kepala Host dari latar belakang,"Sekrup 1, 4"", USB-C Tahan Air"
325,Leofoto LB-65 Leveling Base,Leofoto,Perata Dudukan Tripod (Leveler),,🔧,0,Mangkuk Setengah|Other; Gelembung Air|Other,,Piringan bola pengatur kemiringan air horison datar kamera 15 derajat dalam sedetik tanpa pusing panjang pendek kaki tripod satu persatu,"Mangkuk Setengah, Gelembung Air"
326,Haida Anti-Fog Belt,Haida,Pendingin Lensa Berkabut (Anti-Fog),,🔧,0,Kain Pemanas USB|USB,,Sabuk kain elemen pemanas dililitkan depan lensa penjaga kaca kamera tak meneteskan embun air perbedaan udara AC tenda dan terik lapangan,Kain Pemanas USB
327,Rolux V-Mount Plate Box,Rolux,Kotak Pelindung Baterai V-Mount,,🔧,0,Colokan P-Tap dan USB|USB,,Cangkang baterai kelas siaran dengan keluaran pengurang tenaga (bisa men-charge handphone lampu LED dan kamera dari satu bongkahan saja),Colokan P-Tap dan USB
328,Cletop Fiber Optic Cleaner,Cletop,Alat Pembersih Konektor Fiber,,🔧,0,Pita Pembersih Berputar|Other,,Selotip ajaib penyeka mikroskopis serpihan kotoran debu pada ujung kaca sensitif kabel fiber optik video yang menyebabkan drop-frame,Pita Pembersih Berputar
329,Safety Wire 30kg Steel Cable,Safety,Kabel Pengaman Langit Plafon,,🔧,0,Kaitan Carabiner Baja|Other,,Kawat simpul pengikat lampu gantung sorot panggung ke besi penyangga penjamin lampu tak bunuh orang jika rahang penjepit utamanya patah,Kaitan Carabiner Baja
330,Secretlab MAGNUS Pro,Secretlab,Meja Komando Ketinggian Elektrik,,🔧,0,Kaki Baja Bermotor|Other,,Meja streaming dengan tiang mesin listrik memori otomatis meninggi atau turun merubah formasi Host dari mode duduk santai ke mode berdiri semangat,Kaki Baja Bermotor
331,Audient iD44 MKII,Audient,Konverter Pengurang Kecepatan Audio,,🔧,0,USB-C|USB; ADAT Optical In|Other,,Penyambung mesin kabel optik cahaya kuno ADAT ditarik ke zaman modern (menarik ekstra 16 input mikrofon murni digital),"USB-C, ADAT Optical In"
332,Y-Cable Cordial CFY 0.3 FMM,Y-Cable,Konektor Cabang Audio (Multed),,🔧,0,1x XLR F to 2x XLR M|Audio,,Membelah murni arus mic analog host pembicara satu dikirim ke OBS PC Streaming dan jalur belahan kedua dikirim ke mesin speaker panggung,1x XLR F to 2x XLR M
333,Bitfocus Companion,Bitfocus,Sistem Kontrol Jaringan Layar,,🔧,0,Software (Server Lokal)|Other,,Jantung otak integrator ajaib merangkum Elgato Stream Deck bisa menyuruh ATEM Mixer Lampu dan Pemutar Spotify bersamaan dalam 1 tekan,Software (Server Lokal)
334,Camrade WetSuit,Camrade,Aksesoris Tenda Kameramen,,🔧,0,Kain Parasut Plastik Lembar|Other,,Jas hujan kamera plastik cetak tebal pas menutupi seluruh bodi lekukan mesin broadcast tapi tangan operator masih bisa masuk menyentuh tombol,Kain Parasut Plastik Lembar
335,Edelkrone SliderPLUS V5,Edelkrone,Sistem Track Panggung Berjalan,,🔧,0,Rel Baja Geser|Other,,Rel kereta luncur otomatis yang dapat diprogram kiri kanan non-stop membuat efek latar kamera yang bergerak dramatis tanpa perlu disentuh,Rel Baja Geser
336,Blackmagic HyperDeck Studio HD Mini,Blackmagic,Perekam Siaran Cadangan (Recorder),,🔧,0,SD Card Ganda|Other; SDI In|SDI,,Mesin pemutar dan perekam pita digital kaset SD card kelas industri merekam video utama master PGM terhindar dari virus hang PC Windows,"SD Card Ganda, SDI In"
337,CyberPower PDU15M10AT,CyberPower,Terminal Blok Listrik Khusus IT,,🔧,0,10 Colokan Stopkontak Rack|Power,,Bilah stop kontak penyalur daya raksasa rak server pembagi tegangan ampere adil agar alat di ujung jalur tidak kelaparan listrik voltase melorot,10 Colokan Stopkontak Rack
338,Rode NTG4+,Rode,Mikrofon Podcaster Jarak Jauh,,🔧,0,Konektor XLR|Audio; Baterai Internal|Other,,Mic senapan shotgun tajam lurus depan pembidik mulut penutur dari jarak aman menjauhkan moncong dari bidikan kamera agar bersih ruang frame,"Konektor XLR, Baterai Internal"
339,Laowa Front LED Ring,Laowa,Lampu Ring Lensa (Macro/Ringlight),,🔧,0,Ulir Filter Depan Lensa|Other,,Lampu cincin mini khusus terpasang tepat melingkari mulut lensa sinema untuk membebaskan ruang gelap pada pengambilan detail benda sedekat 2 cm,Ulir Filter Depan Lensa
340,PCIe USB 3.0 Expansion Card (Inateck),PCIe,Modul Audio Komputer Tambahan,/images_real/real_0334.jpg,🔧,0,Slot PCI-E Motherboard PC|Other,,Jalur jalan tol pelebar transfer data mandiri 4 port USB baru bebas antrean yang terhindar dari tabrakan lalu lintas (drop out) kamera 4K,Slot PCI-E Motherboard PC
341,CueBi Light Wireless Tally,CueBi,Sistem Peringatan Kebocoran Tally,,🔧,0,Sepatu Flash (Cold Shoe)|Other,,Bata merah berkedip terhubung WiFi penyampai peringatan visual dari vMix sutradara memberitahu host ke mana wajah harus senyum hadap mata,Sepatu Flash (Cold Shoe)
342,Neotech Wireless Pouch,Neotech,Sabuk Pengikat Perut Alat,,🔧,0,Kantung Pinggang Neoprene|Other,,Kantung ketat tak tembus keringat penaruh balok transmiter wireless lapel mic di punggung penari menolak karat akibat basah badan,Kantung Pinggang Neoprene
343,Mogami 2524 Patch Cable,Mogami,Kabel Penghubung Audio TRS Jumper,,🔧,0,"1|Other; 4"" TS Kanan Kiri (L-Shape)|Other",,Kabel mungil lentur penghubung pedal efek de-esser dan kompresor (tanpa resiko putus saat diinjak rapat dalam koper bawaan panggung),"1, 4"" TS Kanan Kiri (L-Shape)"
344,Kensington MicroSaver 2.0,Kensington,Gembok Keamanan Rigging,,🔧,0,Slot K-Slot T-Bar|Other; Kawat|Other,,Kawat silinder pencengkram baja penyegel nyawa laptop streaming macbook mahal diikat memutar ke tiang besi tenda lapangan penangkal pencuri lari,"Slot K-Slot T-Bar, Kawat"
345,Tilta Cooling System for ZV-E1,Tilta,Kipas Pendingin Udara Punggung Kamera,,🔧,0,Baut Pendingin|LAN; USB-C|USB,,Kipas sirip peredam amuk sensor panas Sony ZV penarik sirkulasi hawa hangat keluar mendinginkan otak processor tak mogok di cuaca gurun pasir,"Baut Pendingin, USB-C"
346,Ulanzi ST-27 Metal Phone Mount,Ulanzi,Dudukan Layar Ponsel Sutradara,,🔧,0,Jepit Pegas Baja|Other; Cold Shoe|Other,,Kerangka kurungan besi menjepit layar handphone pembaca chat Twitch host digantung keras pada leher tripod lampu pencahayaan depan,"Jepit Pegas Baja, Cold Shoe"
347,Art DTI (Dual Transformer Isolator),Art,Konverter Arus Suara Penyeimbang,/images_real/real_0341.jpg,🔧,0,XLR|Audio; TRS|Audio; RCA In Out Ganda|Audio,,Mesin kotak pasif ajaib penjegal tuntas sinyal arus liar statis laptop yang bocor ke mesin mixer panggung (penghancur nyamuk desis hum ground),"XLR, TRS, RCA In Out Ganda"
348,Opolar Duster (Blower Elektrik),Opolar,Alat Penyemprot Udara Pembersih PC,,🔧,0,Corong Angin|Other; Baterai USB-C|USB,,Peniup badai mini angin topan pengganti udara kaleng pemusnah debu arang menumpuk pemicu overheat pada slot RAM motherboard studio,"Corong Angin, Baterai USB-C"
349,Focal Upright Locus Seat,Focal,Kursi Hidrolik Posisi Setengah Berdiri,,🔧,0,Tiang Penopang Pinggul Miring|Other,,Sandaran miring penahan tubuh penyangga postur setengah jongkok pendorong darah tulang belakang mengalir (operator siaga tahan belasan jam),Tiang Penopang Pinggul Miring
350,HDMI EDID Emulator (Pass-through),HDMI,Dongle Penghancur Enkripsi Video,,🔧,0,HDMI Male ke HDMI Female|HDMI,,Penyambung pembodoh kabel PC penahan ingatan resolusi paksa (monitor TV tak akan berkedip gila jika layar asli dicabut copot di tengah acara),HDMI Male ke HDMI Female
351,RuuviTag Pro Sensor,RuuviTag,Sistem Pemantau Beban Baterai Ruang,,🔧,0,Bluetooth Sensor Temperatur Suhu|Wireless,,Chip koin pengukur gerah hawa diletakkan di dalam rak router jaringan (notifikasi otomatis ke HP peringatan server PC nyaris meledak gosong),Bluetooth Sensor Temperatur Suhu
352,Op/Tech Tripod Strap,Op/Tech,Sabuk Tali Tripod (Carry Strap),,🔧,0,Gesper Tali Geser|Other; Bantalan Neoprene|LAN,,Pangkal pundak penggantung penyeret tripod besi baja padat 5 kg menyilang di punggung membebaskan kedua tangan kameramen mendorong kargo lain,"Gesper Tali Geser, Bantalan Neoprene"
353,Canare BNC 75 Ohm Sync Cable,Canare,Kabel Sinkronisasi Video Hitam (B-Burst),,🔧,0,Konektor BNC Laki-laki Hijau|Other,,Pita nadi transmisi denyut nadi hitam (Blackburst Genlock) pendikte ribuan kamera mesin stasiun agar sinkron menggambar frame persis bebarengan,Konektor BNC Laki-laki Hijau
354,Elgato Green Screen Collapsible,Elgato,Papan Penahan Latar Belakang (Green Screen),,🔧,0,Rangka Pegas Tarik Lipat Ke Atas|LAN,,Kanvas hijau kromakey kerut otomatis penggulung ke dalam kasing logam lantai (solusi rumah sempit usir tembok kotor seketika tarik atas),Rangka Pegas Tarik Lipat Ke Atas
355,A Clamps (Spring Clamps) 2 Inch,A,Jepit Kerupuk Penahan Layar Kertas,/images_real/real_0348.jpg,🔧,0,Rahang Pegas Besi Cengkram|Other,,Jepitan buaya jemuran super kuat penjaga lakban kabel terkelupas pengikat taplak meja terbang penahan layar hijau dan ribuan fungsi darurat lainnya,Rahang Pegas Besi Cengkram
356,RF Venue Diversity Fin,RF,Antena Penguat Sinyal Radio Mic,,🔧,0,BNC Antenna Port|LAN; Dinding|LAN,,Antena pedang pemotong silang dua arah memburu gelombang sinyal microphone host keliling ruangan auditorium beton tebal bebas suara kresek sinyal putus,"BNC Antenna Port, Dinding"
357,Mutec MC-3+ Smart Clock,Mutec,Kotak Pelebur Sinyal Audio Digital,,🔧,0,AES|Audio; EBU|Other; Word Clock BNC|Other,,Pemurnian kembali kualitas audio kabel optik mencerahkan kejernihan desibel frekuensi alat efek rack lawas kembali setajam pisau ke telinga audiens,"AES, EBU, Word Clock BNC"
358,XREAL Air 2 Pro AR Glasses,XREAL,Kacamata Tampilan Layar Pribadi,,🔧,0,USB-C DisplayPort Alt-Mode|HDMI,,Kacamata gelap penampil proyeksi bayangan monitor chat streamer di udara kosong rahasia tanpa penonton tau mata host sedang membaca teks curtekan,USB-C DisplayPort Alt-Mode
359,Hollyland Cosmo C1 Receiver,Hollyland,Modul Penerima Video Kilat (RX),,🔧,0,SDI In Out|SDI; Antena Wi-Fi Ganda|Other,,Penerjemah penangkap tembakan video kamera berlari yang langsung mengeluarkan port kabel HDMI bersih dan siap dicolok ke monitor mesin OBS Windows,"SDI In Out, Antena Wi-Fi Ganda"
360,K&M 23860 Desk Microphone Arm,K&M,Dudukan Mic Pegas Rahasia,,🔧,0,Besi Penjepit Meja|Other; Kabel Internal XLR|Audio,,Tiang baja kokoh yang kabel mic-nya bersembunyi masuk membelah dalam rongga pipa menyingkirkan pemandangan kabel ruwet menjuntai menutupi kaos streamer,"Besi Penjepit Meja, Kabel Internal XLR"
361,Zoom F8n Pro,Zoom,Mesin Mixer Audio Berjalan (Field Mixer),,🔧,0,8x XLR Combo|Audio; SD Card Ganda|Other,,Mesin peramu suara komandan lapangan andalan perajut alat perekam mikrofon klip-on 8 aktor sekaligus dengan jaminan baterai aki tak akan pernah padam,"8x XLR Combo, SD Card Ganda"
362,Rode Blimp Windshield System,Rode,Pelindung Angin Mikrofon (Deadcat),,🔧,0,Keranjang Kapsul Bulu Sapi|Other; XLR In|Audio,,Kandang torpedo berbulu lebat memblokir hantaman topan angin kencang padang gurun mengamankan mic tembak di dalamnya tenang merekam bisikan suara,"Keranjang Kapsul Bulu Sapi, XLR In"
363,Samson S-Patch Plus 48-Point,Samson,Terminal Koneksi Kabel Multi (Patchbay),,🔧,0,"48x 1|Other; 4"" TRS Jack|Audio; Rak 19 Inch|Other",,Papan rute terminal kabel lalu lintas yang memindahkan kabel lubang alat A ke efek B dari arah depan tanpa harus repot menyusup gelap bongkar kabel di belakang rak,"48x 1, 4"" TRS Jack, Rak 19 Inch"
364,TESmart 4-Port HDMI KVM Switch,TESmart,Pengalih Layar Keyboard Mouse (KVM),,🔧,0,HDMI 2.0 In Out|HDMI; USB B Host|USB,,Mesin pengontrol peretas otak 4 PC komputer cadangan berbeda dikendalikan oleh satu sentuhan keyboard dan klik mouse (PC Streaming Utama PC Game PC Musik PC Cadangan),"HDMI 2.0 In Out, USB B Host"
365,Godox QR-P90 Parabolic,Godox,Lampu Pendar Putih Lebar (Softbox),,🔧,0,Mount Bowens|Other; Kain Layar Ganda|Other,,Payung raksasa 90cm memecahkan titik sadis lampu terang benderang menjadi usapan cahaya lembut mendalam bagai pantulan awan cerah menyinari sudut meja muka host,"Mount Bowens, Kain Layar Ganda"
366,Kapton Polyimide Tape,Kapton,Isolasi Khusus Penghindar Panas (Kapton),,🔧,0,Gulungan Solatip Kuning Tahan Suhu|LAN,,Pita perekat ajaib penahan titik leleh api panas dari baterai charger rusak mengikat konektor listrik korslet aman ditempel ke papan motherboard capture card studio,Gulungan Solatip Kuning Tahan Suhu
367,IKEA Olov Adjustable Legs,IKEA,Meja Tumpuk Rak Pengarah Tayangan,,🔧,0,Kaki Meja Putar Silinder Baja|Other,,Kaki meja hidrolik putar murah pembangun susunan rak kustom miring tempat sandaran tombol piringan mixer audio sejajar pas kenyamanan jangkauan tangan siku sutradara,Kaki Meja Putar Silinder Baja
368,Kondor Blue D-Tap to LP-E6,Kondor,Penyeimbang Baterai Dummy Palsu (Decoded),,🔧,0,Kabel Chip Penurun Voltase Pintar|LAN,,Kabel silinder colokan menipu indikator persen daya palsu kamera Canon EOS seakan baterai asli penuh daya terus padahal meminum arus raksasa langsung dari colokan tiang V-mount,Kabel Chip Penurun Voltase Pintar
369,Kabel LAN Rj45 Cat 6 Belden (Solid),LAN,Kabel Tarik Lurus (Bukan Spiral),,🔧,0,Kawat Tembaga Murni Kaku 23 AWG|Other,,Jalan tol kabel internet transmisi permanen yang tertanam tembus lorong plafon gedung anti interferensi induksi sinyal stabil menyuapi modem ke router streamer setiap hari harian,Kawat Tembaga Murni Kaku 23 AWG
370,iFi iDefender+,iFi,Penghilang Noise Elektrik USB,,🔧,0,USB Type-A Laki ke Perempuan|USB,,Pil kapsul filter ajaib penyela colokan mic PC USB memisahkan pemutusan arus kotor daya power grounding buruk dari papan induk CPU komputer menjernihkan desis setan rekaman murni,USB Type-A Laki ke Perempuan
371,Kabel Lemo 2-Pin to D-Tap,Lemo,Terminal Penghubung Listrik Kamera (Lemo),,🔧,0,Konektor Lemo Pin Emas|Other; Kabel Lemas|Other,,Kabel sakti suplai pembangkit listrik tegangan standar militer Amerika pengunci mati layar monitor Atomos bioskop tak akan tercabut copot meski kabel tak sengaja ketarik jatuh tegang,"Konektor Lemo Pin Emas, Kabel Lemas"
372,Joby GorillaPod 5K Kit,Joby,Tripod Laba-laba Penempel Dinding,,🔧,0,Kaki Sendi Bola Karet Fleksibel|LAN; Ballhead|Other,,Kaki tiga penyekat bunglon melilit erat memeluk tiang rambu lalu lintas ranting pohon stang sepeda menyandarkan kamera saku kokoh saat live IRL menembus jalan raya kemacetan,"Kaki Sendi Bola Karet Fleksibel, Ballhead"
373,Wicked Cushions Freeze,Wicked,Pelapis Telinga Busa Headset Tahan Lama,,🔧,0,Busa Tebal Gel Pendingin Telinga|LAN; Kulit PU|Other,,Bantalan empuk daun telinga kanvas dingin memanjakan sirkulasi udara telinga tertutup (Gamer tak lagi gerah mandi keringat saat 12 jam pertempuran turnamen E-Sports),"Busa Tebal Gel Pendingin Telinga, Kulit PU"
374,HDMI Sudut Siku-Siku Atas Bawah,HDMI,Kabel Ekstensi Monitor Pendek L-Shape,,🔧,0,Colokan L HDMI Male|HDMI; Kabel Pipih Tipis|LAN,,Solusi elegan penghindar benturan tembok sempit kabel dipaksa belok menempel sudut 90 derajat mulus belakang panel colokan Capture Card di dalam ruang kotak kasing PC,"Colokan L HDMI Male, Kabel Pipih Tipis"
375,JK Audio AutoHybrid,JK,Pengarah Panggilan Telepon Masuk (Hybrid),,🔧,0,XLR In Out|Audio; Kabel Garis Telepon (RJ11)|LAN,,Penyadap jembatan saluran panggilan suara telepon seluler interaktif penonton disalurkan murni jernih tanpa gema masuk ke saluran mixer Host Podcaster saat sesi tanya jawab live,"XLR In Out, Kabel Garis Telepon (RJ11)"
376,Lens Hood Kamera Ulir Universal,Lens,Penghalang Sorot Matahari Lensa (Hood),,🔧,0,Cangkang Plastik Kelopak Bunga (Petal)|Other,,Helm payung moncong ujung kamera menghalau kabut sinar UV lensa kotor bocor putih (Flaring) memfokuskan pencahayaan warna sejati objek manusia dari serangan sinar lampu LED depan,Cangkang Plastik Kelopak Bunga (Petal)
377,SmallRig 15mm Carbon Fiber Rods,SmallRig,Rak Tumpukan Ekstensi Bodi Kamera,,🔧,0,Pipa Karbon Serat Ringan 15mm Hitam|LAN,,Tiang perancah rangka rel penyangga panjang mengangkut tumpuan baterai raksasa motor fokus pengunci mattebox menjauhi dari menindih body lensa kamera rapuh ke depan belakang,Pipa Karbon Serat Ringan 15mm Hitam
378,Carabiner Baja Panjat Tebing Tugas Berat,Carabiner,Gantungan Kait Jepit Besi Tenda,,🔧,0,Cincin D Sekrup Kunci Baja Padat|Other,,Besi kail pengunci rantai cantolan mati penambat nyawa tali baja pengaman perlintasan kabel penyeimbang kantong pasir tiang bendera tripod tak tertembus angin kencang,Cincin D Sekrup Kunci Baja Padat
379,Falcam F22 Quick Release System,Falcam,Alat Pelepas Cepat Piringan (Quick Release),,🔧,0,Pelat Persegi Alumunium Tombol Tekan|Other,,Mekanisme kunci geser magis pencabut monitor layar sangkar lampu ke tiang boom sekilas pandang satu kali dorong tuas pencet lepaskan bebas putar kunci alat obeng baut manual,Pelat Persegi Alumunium Tombol Tekan
380,RF Venue DISTRO4,RF,Modul Penyebar Antena Penguat (Splitter),,🔧,0,BNC Antena Power|LAN; 4-Channel Distribusi|Other,,Otak pemecah distribusi tunggal penyuplai kekuatan arus dari dua antena penangkap dipancarkan berbagi rata adil tanpa kerugian murni ke 4 receiver mic tanpa gangguan sinyal radio tumpang tindih,"BNC Antena Power, 4-Channel Distribusi"
381,Neutrik SCDP Sealing Gasket,Neutrik,Penutup Konektor Anti Air Hujan,,🔧,0,Karet Segel Warna Dudukan Sasis D-Size|Other,,Gelang pelindung karet paking penyumbat rongga udara panel lubang colokan dinding XLR atau LAN dari ancaman bocor embun air debu saat panel outdoor kotak kabel kehujanan deras,Karet Segel Warna Dudukan Sasis D-Size
382,Zacuto Z-Finder Pro,Zacuto,Pendeteksi Titik Fokus Presisi Layar,,🔧,0,Kaca Pembesar Optik Karet Tempel Layar|Power,,Teropong monokuler lensa pembesar tajam melekat menutup silau layar DSLR memeluk mata sang operator meneliti titik bulu mata fokus tertajam yang tak terlihat layar telanjang,Kaca Pembesar Optik Karet Tempel Layar
383,Kabel Tali Velcro Reusable Warna,Tali,Pita Velcro Penyusun Kabel (Ties),,🔧,0,Kain Pengikat Serat Nylon Hook Loop|Other,,Perekat pembungkus kabel pahlawan keruwetan studio dapat dilepas buka pasang ribuan kali memisahkan ikatan kelompok jalur listrik merah jalur kabel video SDI biru secara visual rapi,Kain Pengikat Serat Nylon Hook Loop
384,Auralex LENRD Bass Traps,Auralex,Akustik & Peredam Ruangan,,🔧,0,Busa Sudut Ruang|Other,,Menyerap frekuensi bass rendah yang menggema liar di sudut dinding agar suara mikrofon tidak terdengar mendem (boomy),Busa Sudut Ruang
385,Vicoustic Wavewood Diffuser,Vicoustic,Akustik & Peredam Ruangan,,🔧,0,Panel Kayu Akustik|Other,,Memecah pantulan suara memantul (echo) menjadi tersebar merata tanpa membuat ruangan terasa kedap atau mati total,Panel Kayu Akustik
386,Aitum Vertical Canvas,Aitum,Plugin Software OBS,,🔧,0,Software|Other; Plugin OBS|Power,,Membelah satu aplikasi OBS menjadi dua kanvas independen (16:9 untuk YouTube & 9:16 untuk TikTok) tayang serentak dari 1 PC,"Software, Plugin OBS"
387,Wave Link (Elgato),Wave,Plugin Software OBS,/images_real/real_0380.jpg,🔧,0,Virtual Audio Mixer|Audio,,Merutekan jalur suara Chrome Game dan Mic secara terpisah ke dalam channel virtual mandiri sebelum masuk ke OBS,Virtual Audio Mixer
388,iZotope RX 10 Voice De-noise,iZotope,Plugin Software VST,,🔧,0,Software VST3|Other,,Plugin kecerdasan buatan pembersih suara mesin AC dan desis kipas laptop dari latar belakang vokal secara real-time,Software VST3
389,FabFilter Pro-Q 3,FabFilter,Plugin Software VST,/images_real/real_0382.jpg,🔧,0,Software VST3|Other,,Equalizer presisi bedah untuk memotong frekuensi melengking tajam pada suara sibilance (huruf S/Sy) dari Host,Software VST3
390,Kupo 20-inch C-Stand Riser,Kupo,Grip & Rigging Sinema,,🔧,0,Tiang Baja|Other; Baby Pin|Other,,Tiang ekstensi tambahan berbahan baja murni untuk meninggikan posisi lampu atau bendera flag melebihi batas plafon standar,"Tiang Baja, Baby Pin"
391,Avenger Baby Wall Plate,Avenger,Grip & Rigging Sinema,/images_real/real_0384.jpg,🔧,0,Pelat Besi|Other; Sekrup Dinding|LAN,,Piringan besi berduri (Baby Pin) yang dibor permanen ke tembok atau plafon beton untuk menggantung lampu sorot tanpa tiang kaki,"Pelat Besi, Sekrup Dinding"
392,DeoxIT D5 Contact Cleaner,DeoxIT,Utilitas & Perawatan Alat,,🔧,0,Semprotan Aerosol Cair|Other,,Cairan sakti pembersih karat dan debu oksidasi pada colokan jack audio dan port HDMI agar sinyal kembali jernih bebas kresek,Semprotan Aerosol Cair
393,VSGO Full Frame Sensor Swab,VSGO,Utilitas & Perawatan Alat,,🔧,0,Spatula Silikon|Other; Cairan Optik|Other,,Alat usap ukuran presisi untuk menyapu debu membandel yang menempel langsung di atas sensor kamera mirrorless,"Spatula Silikon, Cairan Optik"
394,GaffGun Tape Applicator,GaffGun,Utilitas & Perawatan Alat,,🔧,0,Mesin Dorong Manual|Other,,Alat dorong mekanik beroda pembantu kru merekatkan lakban gaffer ke kumpulan kabel di lantai panggung sambil berjalan (anti sakit pinggang),Mesin Dorong Manual
395,Brother P-Touch PT-E550W,Brother,Utilitas & Perawatan Alat,,🔧,0,Printer Label Kabel|Other,,Mesin pencetak stiker label industri anti air untuk menandai nama setiap ujung kabel (Mic 1 / Kamera 2) di belakang rak server,Printer Label Kabel
396,Furman F1500-UPS,Furman,Manajemen Daya Lanjutan,,🔧,0,Rackmount UPS 1500VA|Power,,Baterai cadangan murni gelombang sinus (Pure Sine Wave) pelindung mesin Mixer mati mendadak yang bisa merusak komponen internal,Rackmount UPS 1500VA
397,Brennenstuhl Premium-Line,Brennenstuhl,Manajemen Daya Lanjutan,,🔧,0,Stopkontak Anti Petir|Other,,Strip colokan listrik dengan sekring otomatis pemutus lonjakan voltase hingga 60.000 Ampere pelindung PC streaming mahal,Stopkontak Anti Petir
398,Insta360 Link 2,Insta360,Kamera Spesifik & Modul,,🔧,0,Webcam PTZ|Other; USB-C|USB,,Kamera web dengan gimbal mekanik pelacak wajah bertenaga AI yang otomatis mengikuti langkah Host mondar-mandir di depan papan tulis,"Webcam PTZ, USB-C"
399,Sony FR7 Cinema PTZ,Sony,Kamera Spesifik & Modul,,🔧,0,SDI|SDI; Konektor Lensa E-Mount|Other,,Kamera robotik PTZ pertama di dunia yang bisa diganti lensa sinema (full frame) dikendalikan remot jarak jauh dari ruang kontrol,"SDI, Konektor Lensa E-Mount"
400,Rode NT-SF1 Ambisonic,Rode,Audio Spesifik Lapangan,/images_real/real_0393.png,🔧,0,Kabel Cabang 4x XLR|Audio,,Mikrofon VR 360 derajat penangkap suara ruang spasial penuh; penonton yang memakai VR Headset bisa mendengar arah suara dari belakang,Kabel Cabang 4x XLR
401,Crown PZM-30D Boundary Mic,Crown,Audio Spesifik Lapangan,,🔧,0,Mic Plat Datar|Audio; XLR|Audio,,Mikrofon pipih ditempel rata di lantai panggung teater atau meja konferensi besar penangkap suara pantulan langkah kaki dan ruangan,"Mic Plat Datar, XLR"
402,Aputure Light Dome 150,Aputure,Modifikasi Cahaya Lanjut,,🔧,0,Bowens Mount|Other; 150cm|Other,,Softbox bundar super besar (1.5 meter) pencipta cahaya selembut awan; menutupi seluruh tubuh talent dengan bayangan sangat halus,"Bowens Mount, 150cm"
403,Kupo 40x40 inch Floppy Flag,Kupo,Modifikasi Cahaya Lanjut,,🔧,0,Bendera Kain Hitam|Other,,Tirai pemblokir cahaya raksasa yang bisa dibuka lipatannya ke bawah menyerap kebocoran sinar lampu agar tak bocor ke area layar hijau,Bendera Kain Hitam
404,Rosco Cinegel Color Correction,Rosco,Modifikasi Cahaya Lanjut,,🔧,0,Lembaran Plastik Gel|Other,,Filter optik biru (CTB) atau oranye (CTO) jepitan lampu lawas menyamakan suhu warna bohlam kuning agar serasi dengan matahari jendela,Lembaran Plastik Gel
405,DoPchoice Snapgrid,DoPchoice,Modifikasi Cahaya Lanjut,,🔧,0,Karet Tarik Grid Sarang Lebah|Other,,Jaring kain pengarah sinar lampu LED panel dipasang di depan softbox pembatas cahaya agar tak menyebar bocor ke tembok belakang,Karet Tarik Grid Sarang Lebah
406,SanDisk Professional PRO-READER,SanDisk,Manajemen Media Penyimpanan,,🔧,0,USB-C 10Gbps|USB; Multi-Slot|Other,,Dok pembaca kartu memori CFexpress dan SD Card bahan aluminium dingin mentransfer file RAW video raksasa tanpa kepanasan,"USB-C 10Gbps, Multi-Slot"
407,OWC ThunderBay 4 RAID,OWC,Manajemen Media Penyimpanan,,🔧,0,Thunderbolt 3|USB; 4-Bay HDD|Other,,Kotak brankas hardisk pelipatganda kecepatan baca tulis (RAID 0) edit video multicam langsung dari hardisk eksternal tanpa patah-patah,"Thunderbolt 3, 4-Bay HDD"
408,Angelbird CFexpress Type B,Angelbird,Manajemen Media Penyimpanan,,🔧,0,Kartu Memori NVMe Internal|Other,,Media rekam kasta tertinggi berkecepatan 1700MB/s syarat mutlak merekam resolusi 8K RAW internal di kamera sinema RED atau Canon,Kartu Memori NVMe Internal
409,NiSi Swift True Color VND,NiSi,Aksesoris Lensa Sinematik,,🔧,0,Filter Lensa Ulir Putar|Other,,Kaca peredam cahaya matahari (Variable ND) mutakhir tanpa efek cacat silang (X-Cross) penjaga langit siang tetap biru saat bukaan lensa F1.4,Filter Lensa Ulir Putar
410,Moment 1.33x Anamorphic,Moment,Aksesoris Lensa Sinematik,,🔧,0,Adaptor Lensa Depan|Other,,Lensa tambahan pembentuk video layar super lebar gaya film bioskop layar tancap dengan pantulan cahaya melintang (lens flare) horizontal,Adaptor Lensa Depan
411,Tilta Nucleus-Nano II,Tilta,Aksesoris Lensa Sinematik,,🔧,0,Roda Gigi|Other; USB-C Wireless|Wireless,,Motor mesin pemutar cincin lensa nirkabel dikendalikan roda sentuh oleh asisten kamera agar Host tetap fokus meski terus bergerak maju mundur,"Roda Gigi, USB-C Wireless"
412,DSAN PerfectCue Mini,DSAN,Alat Pandu Presentasi,,🔧,0,USB|USB; XLR ke Proyektor|Audio,,Sistem lampu indikator klik rahasia memberi aba-aba operator slide di belakang panggung saat tombol maju dipencet oleh pembicara,"USB, XLR ke Proyektor"
413,Phonak Roger Earpiece,Phonak,Alat Pandu Presentasi,,🔧,0,Receiver Telinga Nirkabel|Wireless,,Alat dengar earphone mikro nyaris tak terlihat ditanam dalam lubang telinga pembaca berita TV penerima perintah sutradara bebas kabel,Receiver Telinga Nirkabel
414,Lindy Fiber Optic HDMI 2.1,Lindy,Peralatan Distribusi Video,,🔧,0,Kabel HDMI Aktif (Chip Optik)|HDMI,,Kabel sakti perpaduan tembaga dan serat kaca mengirim resolusi 4K 120Hz sejauh 50 meter tanpa butuh kotak converter listrik tambahan,Kabel HDMI Aktif (Chip Optik)
415,Blackmagic Web Presenter HD,Blackmagic,Peralatan Distribusi Video,,🔧,0,SDI In|SDI; USB-C Webcam Out|USB,,Mesin hardware khusus merubah sinyal kamera raksasa menjadi wujud USB Webcam instan yang langsung terbaca oleh Zoom atau Google Meet,"SDI In, USB-C Webcam Out"
416,Kiloview NDI to HDMI Decoder,Kiloview,Peralatan Distribusi Video,,🔧,0,RJ45 In|LAN; HDMI Out|HDMI,,Kotak ajaib penarik aliran video jaringan lokal NDI kembali dirubah menjadi kabel fisik HDMI untuk dicolok ke TV monitor ruang tunggu,"RJ45 In, HDMI Out"
417,Clear-Com FreeSpeak II,Clear-Com,Komunikasi Kru Tingkat Lanjut,/images_real/real_0410.jpg,🔧,0,Base Station|Other; Beltpack RF|Wireless,,Sistem komunikasi dewa standar stasiun TV penjamin suara interkom ratusan kru lapangan jernih tanpa putus menembus beton tebal stadion,"Base Station, Beltpack RF"
418,Hollyland Tally Receiver,Hollyland,Komunikasi Kru Tingkat Lanjut,,🔧,0,Sepatu Flash|Other; Baterai|Other,,Lampu indikator nyala merah on-air yang murni menerima sinyal dari switcher ATEM agar talent tahu kamera mana yang sedang live tayang,"Sepatu Flash, Baterai"
419,Netgear M4250 AV Line,Netgear,Jaringan dan Switch IT,,🔧,0,RJ45 Gigabit|LAN; PoE+|LAN,,Switch jaringan LAN yang khusus dirancang ahli IT untuk lalu lintas video audio NDI Dante menolak antrean data macet (QoS pre-configured),"RJ45 Gigabit, PoE+"
420,Ubiquiti UniFi U6 Long-Range,Ubiquiti,Jaringan dan Switch IT,,🔧,0,Access Point Plafon|LAN; PoE|LAN,,Pemancar WiFi 6 piringan plafon penghajar area buta sinyal menembakkan jangkauan internet stabil bagi handphone Host saat IRL indoor,"Access Point Plafon, PoE"
421,Pelican 1535 Air Case,Pelican,Bantalan & Keamanan Alat,/images_real/real_0414.jpg,🔧,0,Kotak Kargo Resin Keras|Other,,Koper udara berkatup pelepas tekanan kedap air anti hancur pelindung roda pendarat bagi lensa puluhan juta saat masuk bagasi pesawat,Kotak Kargo Resin Keras
422,TrekPak Divider System,TrekPak,Bantalan & Keamanan Alat,,🔧,0,Busa Rel Baja|Other; Pin Logam|Other,,Sisipan pembatas dalam koper yang jauh lebih kaku dan presisi dibanding busa robek manual merapikan tumpukan alat tanpa goyang,"Busa Rel Baja, Pin Logam"
423,Elgato Video Capture,Elgato,Konverter Sinyal Analog,/images_real/real_0416.jpg,🔧,0,RCA Kabel 3 Warna|Audio; USB-A|USB,,Dongle spesialis penarik sinyal kaset pita VCR lawas atau kamera VHS kuno direkam menjadi wujud file MP4 digital ke dalam PC modern,"RCA Kabel 3 Warna, USB-A"
424,Corsair iCUE Nexus,Corsair,Alat Monitor Lingkungan PC,,🔧,0,Layar Sentuh USB Mungil|USB,,Layar dasbor di atas keyboard memantau suhu derajat panas kipas VGA dan beban RAM saat proses encode streaming berat berlangsung,Layar Sentuh USB Mungil
425,Atomos Shogun Connect,Atomos,Perekam Siaran Berjalan (Field),,🔧,0,SDI In|SDI; NDI|LAN; Layar 7 Inch|Other,,Tablet monitor perekam hibrida bisa mengunggah video langsung ke cloud internet sembari merekam file mentah ke SSD saat liputan luar kota,"SDI In, NDI, Layar 7 Inch"
426,Yellowtec m!ka Mic Arm,Yellowtec,Standar Mik Meja Penyiaran,,🔧,0,Lengan Aluminium|Other; Engsel Dalam|Other,,Tiang boom mikrofon stasiun radio elit berbahan alumunium solid yang lampu indikator merahnya menyala (On-Air) menyatu di ujung tiang,"Lengan Aluminium, Engsel Dalam"
427,Movo Photo Safety Tether,Movo,Tali Baja Pengaman Lensa,,🔧,0,Tali Kawat Berlapis Karet|Other; Baut|Other,,Tali cincin pergelangan penyelamat mencegah kamera utuh hancur terbanting jatuh jika plat quick release utama pada tripod tiba-tiba patah,"Tali Kawat Berlapis Karet, Baut"
428,Wacom Cintiq 16,Wacom,Papan Tulis Digital (Whiteboard),/images_real/real_0421.JPG,🔧,0,Layar Sentuh|Other; Stylus Pen|Other,,Monitor kanvas gambar digital senjata utama pengajar online mencoret-coret rumus matematika matematika presisi di layar saat live streaming,"Layar Sentuh, Stylus Pen"
429,Yamaha TF-Rack,Yamaha,Pengontrol Audio Jaringan,/images_real/real_0422.jpg,🔧,0,Rak 3U|Other; Layar Sentuh|Other; Dante|Other,,Mixer raksasa tanpa tuas fisik fader; semuanya dikendalikan murni lewat layar sentuh atau iPad meramu 40 jalur mic panggung musisi,"Rak 3U, Layar Sentuh, Dante"
430,Defender Nano Cable Crossover,Defender,Jembatan Pelindung Kabel Lantai,,🔧,0,Karet Jalur Kuning Hitam|Other,,Polisi tidur karpet modular lantai pembungkus aman kabel arus tinggi penangkal resiko tersandung orang lewat dan aman dilindas roda troli,Karet Jalur Kuning Hitam
431,Art HeadAmp6 Pro,Art,Distributor Headphone Studio,,🔧,0,"XLR In|Audio; 6x 1|Other; 4"" Out|Other",,Pusat pembagi suara telinga menyuapi 6 musisi berbeda di mana tiap orang bisa mengatur takaran volume bass/treble untuk dirinya sendiri,"XLR In, 6x 1, 4"" Out"
432,ClearSonic A5-5 Drum Shield,ClearSonic,Panel Akustik Tembus Pandang,,🔧,0,Kaca Akrilik Berengsel|Power,,Tembok perisai mika bening mengurung set drum di panggung agar suara keras simbal tidak membocori mic vokalis yang berdiri di depannya,Kaca Akrilik Berengsel
433,SKB 2U Roto Rack,SKB,Rak Peralatan Portabel Ringan,,🔧,0,Plastik Polietilena|LAN; Pintu Depan Belakang|Other,,Kandang anti guncangan membawa mesin wireless mic atau efek vokal yang tutupan depan belakangnya bisa dicopot saat konser dimulai,"Plastik Polietilena, Pintu Depan Belakang"
434,LTT Northern Lights Desk Pad,LTT,Bantalan Mousepad Ukuran Meja,,🔧,0,Kain Jahitan Tepi Karet Tebal|Other,,Karpet meja raksasa peredam suara pantulan keras ketukan keyboard mekanik gamer agar ketikannya tak masuk ke dalam mic kondensor,Kain Jahitan Tepi Karet Tebal
435,Blackmagic Micro Converter BiDirectional,Blackmagic,Konverter Layar Presentasi,,🔧,0,SDI ke HDMI & HDMI ke SDI|HDMI,,Kotak mini pembaca bolak-balik mengubah SDI menjadi HDMI dan sebaliknya secara bersamaan (satu alat dua fungsi serentak),SDI ke HDMI & HDMI ke SDI
436,Hollyland Mars 400S Pro,Hollyland,Pemancar Video Jarak Menengah,,🔧,0,HDMI|HDMI; SDI|SDI; Antena Eksternal|Other,,Transmiter gambar kamera tanpa kabel ditarik lurus 120 meter menuju layar sutradara dengan jeda waktu sepersebelas detik,"HDMI, SDI, Antena Eksternal"
437,SmallRig NP-W235 Dummy Battery,SmallRig,Adaptor Baterai Lensa Dummy,,🔧,0,Kabel DC Penurun Tegangan|Power,,Kabel pengakalan slot baterai kamera Fujifilm menyedot listrik PLN tak terbatas mengganti baterai orisinal yang cepat habis saat streaming,Kabel DC Penurun Tegangan
438,GoPro Helmet Front + Side Mount,GoPro,Rig Mount Helm Kamera (POV),/images_real/real_0430.jpg,🔧,0,Perekat 3M VHB|Other; Engsel Putar|Other,,Dudukan lekat lengkung kaku memaku kamera aksi di dagu helm motor vlogger penangkap adegan adrenalin murni mata pertama,"Perekat 3M VHB, Engsel Putar"
439,Chauvet DJ Hurricane Haze 4D,Chauvet,Mesin Kabut Efek Cahaya,,🔧,0,Cairan Asap|Other; DMX In Out|Other,,Penembak partikel asap tipis tak terlihat pembentuk garis sinar laser cahaya lampu panggung menjadi pekat padat (beam) di udara,"Cairan Asap, DMX In Out"
440,Think Tank Photo Cable Management,Think,Tas Pengorganisir Kabel (Pouch),/images_real/real_0432.jpg,🔧,0,Tas Plastik Transparan|Other; Ritsleting|Other,,Dompet kantung dengan jendela mika bening menyimpan ribuan adaptor baut flashdisk terpisah tanpa kusut berbelit di koper utama,"Tas Plastik Transparan, Ritsleting"
441,Denon Professional DN-200BR,Denon,Penangkap Sinyal Audio Bluetooth,,🔧,0,Bluetooth|Wireless; XLR Output L|Audio; R|Other,,Modul rak penerima tembakan lagu Spotify dari handphone penonton diterjemahkan ke sinyal XLR bersih kelas studio masuk ke mixer analog,"Bluetooth, XLR Output L, R"
442,Steadicam Zephyr,Steadicam,Penyangga Stabilisator Kamera (Vest),,🔧,0,Rompi Pegas|Other; Tangan Lengan Mekanik|Other,,Baju zirah robotik penyerap getaran hentakan lari memuluskan gerak langkah kameramen merekam aksi berjalan bagai melayang terbang,"Rompi Pegas, Tangan Lengan Mekanik"
443,Manfrotto Tripod Spreader,Manfrotto,Sabuk Pengikat Kaki Tripod,,🔧,0,Karet Lentur Ujung Kaki Tiga|Other,,Bintang pengikat antar kaki tripod di atas lantai marmer licin pencegah kaki kamera merosot mengangkang jatuh rata dengan tanah,Karet Lentur Ujung Kaki Tiga
444,Zendure SuperTank Pro,Zendure,Baterai Cadangan Laptop (Powerbank),,🔧,0,USB-C 100W|USB; Layar OLED|Other,,Bank daya raksasa 26.800mAh berkekuatan memompa setrum Macbook Pro yang kehabisan nafas langsung dari colokan USB tipe C,"USB-C 100W, Layar OLED"
445,Desview T3 Teleprompter,Desview,Teleprompter Kaca Cermin Saja,,🔧,0,Dudukan Smartphone|Other; Kaca Splitter|Power,,Versi ekonomis layar pembaca teks portabel dijepit di lensa DSLR; sang pembicara bisa menatap lurus mata penonton sambil membaca naskah,"Dudukan Smartphone, Kaca Splitter"
446,Shure HA-8089 Helical Antenna,Shure,Antena Wi-Fi Sirip Hiu Panggung,,🔧,0,Kabel Coaxial BNC RF|Wireless,,Antena tabung panjang pemakan sinyal omnidireksional penangkap jangkauan terjauh sinyal mic artis yang berlarian membelakangi panggung,Kabel Coaxial BNC RF
447,NiSi Macro Focusing Rail,NiSi,Dudukan Lensa Makro Geser,,🔧,0,Plat Geser Ulir Halus|Other; Penjepit Arca|Audio,,Rel kereta maju mundur skala milimeter penyangga kamera di atas tripod memastikan fokus setajam silet saat merekam objek cincin berlian,"Plat Geser Ulir Halus, Penjepit Arca"
448,Nauticam HDMI Bulkhead,Nauticam,Pelindung Kabel Tali Bawah Air,,🔧,0,Konektor Ulir Karet Kedap Air|Other,,Colokan baut penambal bodi housing selam pelolos jalur kabel video HDMI kamera dari dasar laut masuk ke kapal siaran di permukaan,Konektor Ulir Karet Kedap Air
449,Neewer Reflector Holder Boom Arm,Neewer,Penahan Reflektor Cahaya (Arm),,🔧,0,Tiang Teleskopik|Other; Penjepit Pegas|Other,,Lengan panjang berkait ganda perentang kain bundar pemantul cahaya perak/emas menggantikan tugas asisten pemegang lampu,"Tiang Teleskopik, Penjepit Pegas"
450,IsoAcoustics ISO-155,IsoAcoustics,Peredam Getaran Speaker Monitor,,🔧,0,Kaki Stand Karet Suspensi|Other,,Dudukan isolator terbang pencegah dentuman getaran speaker menjalar memukul meja kayu yang bisa merusak akurasi frekuensi asli audio,Kaki Stand Karet Suspensi
451,Datacolor SpyderX Pro,Datacolor,Software Kalibrasi Layar Monitor,,🔧,0,Sensor USB Lensa Pembaca Warna|USB,,Mata robot penempel layar pengkalibrasi akurasi warna monitor editor agar kulit wajah talent di PC dan di layar penonton persis sama (tidak pucat kemerahan),Sensor USB Lensa Pembaca Warna
452,Timecode Systems UltraSync ONE,Timecode,Kabel Sinkronisasi Lintas Mesin,,🔧,0,Konektor BNC|Other; DIN|Other; Layar OLED|Other,,Pemancar gelombang penyeragam ketukan detak jam frame rate mutlak penjahit 5 kamera berbeda brand menjadi 1 file sinkron di Adobe Premiere,"Konektor BNC, DIN, Layar OLED"
453,MADI Face USB RME,MADI,Pemisah Sinyal Audio Digital (Splitter),,🔧,0,Kabel Optik|Other; BNC MADI|Other; USB|USB,,Meneruskan 64 jalur audio digital secara simultan membelah sinyal konser langsung direkam ke PC tanpa satupun kabel tersumbat telat,"Kabel Optik, BNC MADI, USB"
454,Peak Design Capture Clip,Peak,Sistem Kunci Tripod Cepat (Arca),,🔧,0,"Jepit Sabuk Logam|Other; Sekrup 1|Other; 4""|Other",,Rumah jepit mekanik dipasang pada sabuk celana tempat melempar istirahat kamera DSLR saat kedua tangan vlogger sibuk meracik makanan,"Jepit Sabuk Logam, Sekrup 1, 4"""
455,Herman Miller Aeron,Herman,Kursi Meja Presenter News,/images_real/real_0447.jpg,🔧,0,Kursi Jaring Ergonomis|Other; Hidrolik|Other,,Kursi tahta kasta tertinggi penyiar podcast jaring lentur punggung tanpa bantalan panas pendorong tulang duduk lurus berjam-jam depan siaran,"Kursi Jaring Ergonomis, Hidrolik"
456,Noctua NF-A12x25 PWM,Noctua,Modul Tambahan Kipas Pendingin PC,,🔧,0,Kabel Kipas 4-Pin Motherboard|LAN,,Kipas baling-baling aerodinamis penendang udara panas casing encoder tanpa menghasilkan desis angin tornado berisik di dalam studio tenang,Kabel Kipas 4-Pin Motherboard
457,Velcro Brand ONE-WRAP,Velcro,Penjepit Kabel Tipis (Wire Tie),,🔧,0,Gulungan Tali Kait Kain (Hook & Loop)|Other,,Pita rekat penyatu kekacauan gurita kabel di belakang layar monitor yang aman dipotong potong kecil tanpa resiko menyayat selongsong tembaga,Gulungan Tali Kait Kain (Hook & Loop)
458,Canon CN-E 18-80mm T4.4,Canon,Modul Kamera Mata Elang (Zoom),,🔧,0,Lensa Bioskop|Other; Motor Servo Grip|LAN,,Lensa panjang bersenjata tuas zoom mekanis tombol (servo) di pegangan memuluskan tarikan zoom in perlahan layaknya siaran sinetron stasiun TV,"Lensa Bioskop, Motor Servo Grip"
459,UGREEN RJ45 Coupler,UGREEN,Konektor Penyambung Kawat LAN,,🔧,0,RJ45 Female to Female (Inline)|Audio,,Barel penyambung penyatu dua bentang kabel internet pendek 10 meter menjadi satu jalur panjang darurat 20 meter di tengah lapangan luas,RJ45 Female to Female (Inline)
460,Tilta Marking Disk for Follow Focus,Tilta,Penanda Fokus Lensa Sinema (Mark),,🔧,0,Piringan Plastik Akrilik Putih|Other,,Donat putih melingkar di roda kontrol asisten kamera tempat mencoret spidol penanda (Titik A: Host Duduk / Titik B: Host Berdiri),Piringan Plastik Akrilik Putih
461,SmallRig V-Mount Battery Clamp,SmallRig,Pemegang Baterai Jepit Kencang,/images_real/real_0453.jpg,🔧,0,Rahang Baja Crab|Other; Plat V-Mount|Power,,Catokan piting gigitan kepiting pembawa beban baterai raksasa ditempelkan memeluk erat kaki tiang tripod logam penerang ruangan,"Rahang Baja Crab, Plat V-Mount"
462,WD-40 Specialist Dry Lube,WD-40,Pelumas Rel Geser Kamera (Slider),,🔧,0,Semprotan PTFE Anti Debu|Other,,Cairan pelicin semprot jalur roda rel besi slider kamera yang kering murni tanpa minyak lengket pencegah kotoran pasir menempel macet,Semprotan PTFE Anti Debu
463,Radial Exo-Pod,Radial,Kotak Distribusi Audio Pres TV,/images_real/real_0455.jpg,🔧,0,XLR In|Audio; 10x XLR & 4x 3.5mm Out|Audio,,Kotak pers terminal penyebar audio (Press Box) mencabangkan pidato mikrofon pembicara utama ke 14 wartawan televisi yang merekam berbarengan,"XLR In, 10x XLR & 4x 3.5mm Out"
464,Ebtech Hum X,Ebtech,Kotak Penyerap Arus Tanah Listrik,,🔧,0,Colokan Listrik AC Male|Power; Female|Other,,Steker filter adaptor pencekik putaran gema dengung kotor (Ground Loop) saat adaptor charger laptop dan speaker dicolok pada terminal listrik yang sama,"Colokan Listrik AC Male, Female"
465,Chauvet DJ Freedom Par,Chauvet,Lampu Aksen Sorot Bawah (Uplight),,🔧,0,Baterai Internal|Other; DMX Nirkabel|Wireless; RGB|Other,,Lampu lantai sorot kaleng menembak pendaran warna warni dari bawah ke arah dinding tirai lipat penghias mempercantik batas dimensi latar studio,"Baterai Internal, DMX Nirkabel, RGB"
466,Carson SensorMag,Carson,Lampu Senter Pemeriksa Sensor,,🔧,0,Kaca Pembesar 4.5x|Power; LED Internal|Other,,Lensa keker mikroskop portabel membesarkan debu nakal tersembunyi di kaca sensor kamera penjamin video steril bebas titik hitam kotoran,"Kaca Pembesar 4.5x, LED Internal"
467,Blackmagic SmartScope Duo 4K,Blackmagic,Monitor Penguji Kualitas Gelombang,,🔧,0,2x Layar 8 Inch|Other; SDI In|SDI; LAN|LAN,,Layar bedah dokter video menampilkan radar gelombang vektor warna oscilloscope memantau ketat siaran tidak melanggar batas terang standar TV,"2x Layar 8 Inch, SDI In, LAN"
468,Belden 1505F Coaxial,Belden,Kabel Busi Video Fleksibel (BNC),,🔧,0,BNC Male Krimping Emas|Other; Inti Serabut|Other,,Tali koaksial video SDI khusus tipe serabut (bukan inti kawat kaku) sangat lemas dan tidak mudah patah tulang saat sering digulung bongkar pasang panggung,"BNC Male Krimping Emas, Inti Serabut"
469,Icron USB 3.0 Raven 3104,Icron,Peralatan Penguat Sinyal USB PC,,🔧,0,4x USB Tipe A|LAN; Kabel LAN CAT6a Out|LAN,,Menipu komputer percaya bahwa webcam USB berada di dekatnya padahal sinyal aslinya dikirim terbentang melintasi gedung sejauh 100 meter via kabel LAN,"4x USB Tipe A, Kabel LAN CAT6a Out"
470,D-Line Cable Management Box,D-Line,Kotak Penyembunyi Kabel Lantai,,🔧,0,Kotak ABS|Other; Lubang Kiri Kanan|Other,,Peti minimalis tempat kuburan sekumpulan terminal adaptor listrik warna-warni yang merusak estetika dipendam aman dari gigitan kucing peliharaan studio,"Kotak ABS, Lubang Kiri Kanan"
471,Elgato Stream Deck Neo,Elgato,Alat Pembantu Pengetikan Host,,🔧,0,USB-C|USB; 8 Tombol LCD|Other; Layar Info|Other,,Papan tombol makro varian minimalis layar sentuh bar di bawahnya khusus memantau jam tayang mundur memanggil efek tepuk tangan secepat kilat,"USB-C, 8 Tombol LCD, Layar Info"
472,NZXT Kraken Elite 360,NZXT,Sistem Pendingin CPU Cair PC,,🔧,0,Pompa Air Pendingin Radiator Lcd|LAN,,Peredam panas prosesor beban rendering video berat bersenjatakan cairan es dan layar GIF bundar penunjuk suhu derajat real-time di atas chip intel,Pompa Air Pendingin Radiator Lcd
473,Roost Laptop Stand,Roost,Standar Dudukan Laptop Berdiri,,🔧,0,Kerangka Serat Karbon Lipat|LAN,,Rangka penjepit lipat super ringan pengangkat leher laptop setinggi mata sejajar pandangan mencegah tulang belakang host bungkuk menunduk layar bawah,Kerangka Serat Karbon Lipat
474,K-Tek KPCCR Boom Pole Adapter,K-Tek,Konektor Putar Kabel Tersangkut,,🔧,0,Ulir 3|Other; 8 Inch Male|Other; XLR Samping|Audio,,Baut penyambung modifikasi mic tiang pancing agar colokan XLR keluarnya dari samping tidak dari bawah tergencet terbentur lantai tergores putus,"Ulir 3, 8 Inch Male, XLR Samping"
475,Antares Auto-Tune Pro,Antares,Perangkat Sinkronisasi Nada Audio,/images_real/real_0467.png,🔧,0,Software VST Plugin|Power; iLok|Other,,Otak digital pengoreksi nada pitch meleset penyanyi live otomatis diseret membulat ke tangga nada yang benar seketika nyaris tanpa terasa di telinga,"Software VST Plugin, iLok"
476,B+W Circular Polarizer (CPL),B+W,Filter Lensa Penghilang Silau,/images_real/real_0468.jpg,🔧,0,Ulir Putar Kaca Optik Hitam|Power,,Kaca ajaib kacamata hitam kamera pemusnah pantulan bayangan putih menyilaukan pada meja kaca atau kacamata sang narasumber podcast,Ulir Putar Kaca Optik Hitam
477,Roland V-160HD,Roland,Pemecah Sinyal Tampilan Layar 4K,/images_real/real_0469.jpg,🔧,0,8x HDMI In|HDMI; 8x SDI In|SDI; Layar PGM|Other,,Mesin sakelar penguasa utama panggung mengendalikan masuknya puluhan layar presentasi zoom meeting dan kamera panggung dilebur dalam satu komando streaming utuh,"8x HDMI In, 8x SDI In, Layar PGM"
478,Intel X540-T2 10Gbe,Intel,Kartu Ekspansi Jaringan (NIC),,🔧,0,PCIe x8 Slot|Other; 2x RJ45 10Gbps|LAN,,Kartu jaringan monster mencolok ke motherboard PC penyedot data mentah 10 Gigabit per detik melayani akses 5 editor video memotong server NAS yang sama bersamaan,"PCIe x8 Slot, 2x RJ45 10Gbps"
479,Behringer Powerplay P1,Behringer,Kotak Kontrol Suara Headphone Khusus,,🔧,0,XLR Ganda Kiri Kanan In|Audio; 3.5mm Out|Audio,,Kotak sabuk baterai merubah sinyal suara meja mixer raksasa menjadi dorongan power ke earphone telinga vokalis berjalan bebas membawa volume mandiri di pinggangnya,"XLR Ganda Kiri Kanan In, 3.5mm Out"
480,Teradek VidiU Go,Teradek,Pemancar Video Seluler (Bonding),,🔧,0,HDMI In|HDMI; USB Modem|USB,,Encoder portabel penembak sinyal video murni menggabungkan 2 modem seluler 4G agar streaming luar kota tidak putus saat sinyal satu operator hilang,"HDMI In, USB Modem"
481,LiveU LU300S,LiveU,Pemancar Video Seluler (Bonding),,🔧,0,SDI|SDI; HDMI|HDMI; 4x 5G Modem|Other,,Ransel backpack pemancar sinyal TV satelit versi modern menggunakan gabungan 4 kartu SIM 5G untuk peliputan berita lari di tengah kerusuhan,"SDI, HDMI, 4x 5G Modem"
482,Peplink MAX HD4 MBX,Peplink,Router Jaringan Ekstrim,,🔧,0,4x Slot SIM|Other; Multi-WAN RJ45|LAN,,Otak pembagi jaringan di dalam van broadcast luar ruangan penyeimbang beban (load balancing) internet satelit kabel dan seluler tanpa latensi,"4x Slot SIM, Multi-WAN RJ45"
483,Poynting XPOL-2-5G,Poynting,Antena Modem Seluler,,🔧,0,Konektor SMA Laki-laki|Other; MIMO|Other,,Antena luar ruangan peningkat sinyal 5G penarik pita frekuensi seluler lemah di area hutan menjadi internet stabil untuk router streaming,"Konektor SMA Laki-laki, MIMO"
484,LogicKeyboard Adobe Premiere,LogicKeyboard,Papan Tik Khusus Video Editor,,🔧,0,USB-A|USB; Ekstra Port USB|LAN,,Keyboard khusus dengan tombol berwarna warni berlambang ikon potong/geser (shortcut) mempercepat editor memotong klip Replay saat live,"USB-A, Ekstra Port USB"
485,Convergent Design Apollo,Convergent,Sistem Perekaman Multi-Kamera,,🔧,0,4x SDI In|SDI; 2x SSD Slot|Other,,Monitor perekam OLED 7 inci penelan 4 arus video kamera sekaligus ke dalam 1 hardisk sinkron (menghemat penggunaan 4 memory card di tiap kamera),"4x SDI In, 2x SSD Slot"
486,MoVI Pro,MoVI,Penstabil Gimbal Raksasa,,🔧,0,Plat Rilis Bawah|Other; 15mm Rod|Other,,Sistem stabilisator serat karbon lingkaran penyangga kamera sinema kelas berat agar pergerakan kameramen mengitari Host terlihat mulus tanpa getaran langkah,"Plat Rilis Bawah, 15mm Rod"
487,DJI Master Wheels,DJI,Roda Pengendali Kamera Jarak Jauh,,🔧,0,Modul Roda Besi 3 Sumbu|Other; RF|Wireless,,Setir kemudi 3 roda besi putar panggung penembak sensor gerak ke arah gimbal MoVI dari jarak 3 kilometer di dalam ruang kontrol AC,"Modul Roda Besi 3 Sumbu, RF"
488,Camplex Fiber Optic Tactical Cable,Camplex,Kabel Serat Optik Taktis (Tactical),,🔧,0,Konektor opticalCON DUO|Other; Kulit Baja|Other,,Tali fiber video baja pelindung inti kaca dari lindasan ban mobil van cocok ditarik membelah jalan raya stadion bola menuju tenda sutradara,"Konektor opticalCON DUO, Kulit Baja"
489,PL Mount ke E-Mount Metabones,PL,Sistem Kunci Otomatis Lensa,,🔧,0,Dudukan Besi Stainless|Other,,Ring leher penyesuai pengunci lensa raksasa stasiun televisi (PL Mount) agar bisa dipasang duduk kuat pada bodi kamera mirrorless Sony ringan,Dudukan Besi Stainless
490,GoPro MAX 360,GoPro,Kamera Aksi Lensa Ganda,/images_real/real_0482.jpg,🔧,0,USB-C|USB; Slot MicroSD|Audio,,Kamera saku 360 derajat penangkap seluruh ruangan studio podcast bisa dipotong reframing arah pandang ke Host A atau Host B saat masuk ruang edit,"USB-C, Slot MicroSD"
491,Zoom H3-VR,Zoom,Sistem Suara Ambien (Surround),,🔧,0,4x Mic Kapsul|Audio; Line Out 3.5mm|Audio,,Perekam audio kerucut pencatat arah sumber suara panggung 3D (suara tepuk tangan dari kiri belakang akan terdengar kiri belakang di earphone penonton),"4x Mic Kapsul, Line Out 3.5mm"
492,PolarPro ND/PL Filters for DJI Mavic,PolarPro,Filter Kaca Kamera Udara (Drone),,🔧,0,Kaca Lensa Jepit Magnet|Power,,Kacamata gelap penjinak silau rotasi baling-baling drone dan pantulan air danau mengizinkan drone terbang merekam panggung konser siang bolong dengan gerakan sinematik,Kaca Lensa Jepit Magnet
493,EcoFlow DELTA Pro,EcoFlow,Baterai Cadangan Stasiun (Power Station),/images_real/real_0485.jpg,🔧,0,Colokan Listrik AC|Power; USB-C|USB; Solar In|Other,,Generator listrik baterai lithium 3.600Wh tanpa suara mesin bensin (bebas polusi) penyuplai daya ke lampu LED dan PC Streaming di tengah gunung,"Colokan Listrik AC, USB-C, Solar In"
494,Bluetti PV350 Solar Panel,Bluetti,Panel Tenaga Surya Lipat,,🔧,0,Konektor MC4|Other,,Karpet lembaran panel surya penyerap energi matahari pengisi ulang baterai EcoFlow secara gratis di lapangan terbuka tanpa butuh bbm,Konektor MC4
495,Kestrel 5500 Weather Meter,Kestrel,Pemantau Cuaca Panggung Udara,,🔧,0,Sensor Angin Suhu Digital|Other,,Pengukur kecepatan angin pembaca kelembaban udara penyelamat nyawa (memberi aba-aba peringatan dini kapan crane lampu raksasa harus segera diturunkan sebelum badai),Sensor Angin Suhu Digital
496,Kupo Monitor Tent,Kupo,Tenda Pelindung Cahaya Monitor,,🔧,0,Kain Parasut Hitam|Other; Rangka Besi|Other,,Gua kain pelindung layar sutradara luar ruangan penghadang bocoran silau matahari menabrak kaca monitor agar kontras warna video tetap terlihat akurat,"Kain Parasut Hitam, Rangka Besi"
497,Megaphone TOA ER-2215,Megaphone,Pengeras Suara Peringatan Lokasi,,🔧,0,Baterai Kering|Other; Mic Terpisah|Audio,,Toa toa pengeras suara portabel senjata sutradara mengatur 100 orang figuran penonton bayaran di area konser tanpa menghancurkan pita suara teriak,"Baterai Kering, Mic Terpisah"
498,Sena 50S Intercom,Sena,Sistem Komunikasi Nirkabel Helm,,🔧,0,Bluetooth 5|Wireless; Mesh Network|LAN,,Interkom tempel helm penyuara kuping kameramen motor pemburu balap sepeda live streaming berkoordinasi dengan kru di mobil komando,"Bluetooth 5, Mesh Network"
499,DPA Microdot to Lemo Adapter,DPA,Kabel Penghubung Mikrofon Kerah,,🔧,0,Konektor Microdot Kuningan|Audio,,Konverter ujung mik klip-on kelas atas DPA agar bisa tertancap ke transmitter sabuk merek Sennheiser tanpa harus memotong kabel asli,Konektor Microdot Kuningan
500,Marshall CV226,Marshall,Kamera Mini Khusus Instrumen,,🔧,0,3G-SDI Berjaket Kabel Tahan Air|SDI,,Kamera tabung sekecil lipstik pelumas anti air bisa diselipkan di sela-sela roda mobil balap atau ujung stik drum memperlihatkan POV pukulan mematikan,3G-SDI Berjaket Kabel Tahan Air
501,CasparCG Server,CasparCG,Pemutar Media Siaran (Playout),,🔧,0,Software Open Source|Other; Output SDI|SDI,,Perangkat lunak pengendali siaran stasiun TV pembaca jadwal pemutar iklan video logo animasi transparan (Alpha Channel) dijalankan pada PC rakitan biasa,"Software Open Source, Output SDI"
502,Gerriets OPERA F Projection Screen,Gerriets,Layar Kanvas Proyeksi Khusus,,🔧,0,Bahan PVC Khusus|Other; Tarikan Rangka|Other,,Kain layar abu-abu penyerap sinar laser proyektor memantulkan kontras hitam pekat dan warna neon tajam tanpa silau mengganggu kamera utama,"Bahan PVC Khusus, Tarikan Rangka"
503,Blackmagic Micro Studio Camera 4K G2,Blackmagic,Sistem Panduan Kamera Robot (Track),,🔧,0,12G-SDI|SDI; Kontrol Tally Jaringan|Other,,Otak mata kamera ultra mungil yang lensa dan warnanya bisa diatur penuh (shutter/iris) melalui tombol di meja ATEM switcher ruang kontrol,"12G-SDI, Kontrol Tally Jaringan"
504,Tripp Lite SRCOOL12K,Tripp,Pengatur Suhu Ruang Server (AC),,🔧,0,Pipa Pembuangan Panas|LAN; 12.000 BTU|Other,,AC portabel khusus rak IT menyedot langsung udara mendidih dari knalpot komputer encoder streaming mencegah frame drop akibat CPU throttling,"Pipa Pembuangan Panas, 12.000 BTU"
505,Novec 1230 Fire Suppression System,Novec,Sistem Pemadam Kebakaran Rak IT,,🔧,0,Tabung Gas|Other; Pipa Detektor Panas|LAN,,Gas cairan pemadam api ajaib yang tidak membasahi elektronik (jika kabel PC terbakar gas ini mematikan api namun tidak akan merusak hardisk data),"Tabung Gas, Pipa Detektor Panas"
506,Pelican 1430 Top Loader,Pelican,Kotak Kargo Pendingin Baterai,,🔧,0,Busa Keras Insulasi|Other,,Koper es insulasi penahan panas matahari menyimpan tumpukan baterai lithium V-Mount agar tidak meledak kepanasan sebelum di pasang ke kamera,Busa Keras Insulasi
507,Rycote InVision Studio Kit,Rycote,Sistem Suspensi Mikrofon Udara,,🔧,0,Rangka Laba-laba Karet|Other; Filter Pop|LAN,,Buaian karet peredam kejut paling mutakhir menahan getaran gempa bumi lantai merambat naik ke tiang mikrofon podcast,"Rangka Laba-laba Karet, Filter Pop"
508,Polywater FTTx,Polywater,Pelindung Kabel Optik Bawah Tanah,,🔧,0,Gel Pelumas Fiber|Other,,Cairan pelicin aman serat kaca pembantu kru IT menarik kabel jaringan 50 meter melewati gorong-gorong tikus pipa PVC tanpa membuat kabel putus tertarik,Gel Pelumas Fiber
509,BirdDog Seammal AI,BirdDog,Sistem Pelacak Wajah Kamera (AI),,🔧,0,Modul Pembaruan NDI|LAN; Algoritma AI|Other,,Perangkat lunak pintar pemerhati kerangka manusia mendikte kamera PTZ untuk menoleh mengikuti langkah gesit pembawa acara otomatis tanpa campur tangan orang,"Modul Pembaruan NDI, Algoritma AI"
510,L-Acoustics L-ISA Controller,L-Acoustics,Meja Pencampuran Audio 3D,,🔧,0,Perangkat Lunak Spasial|Other; Layar Sentuh|Other,,Mesin pemecah tata letak suara panggung mengatur suara gitar seakan benar-benar keluar dari sisi kiri ruangan tempat sang gitaris berdiri secara fisik,"Perangkat Lunak Spasial, Layar Sentuh"
511,Focusrite OctoPre MkII,Focusrite,Modul Input Audio Analog Tambahan,,🔧,0,ADAT Optical Out|Other; 8x Combo XLR|Audio,,Peti harta karun penambah 8 lubang colokan mikrofon ekstra mengirimkannya via satu garis cahaya optik ke dalam soundcard utama PC,"ADAT Optical Out, 8x Combo XLR"
512,Ergotron HX Desk Monitor Arm,Ergotron,Dudukan Layar Ganda Penyiaran,,🔧,0,Lengan Gas Baja Tugas Berat|Other,,Tangan robot hidrolik penahan beban 15 kilogram mengambangkan layar ultrawide 49 inci milik editor sutradara sejajar mata bisa digeser sentuhan satu jari,Lengan Gas Baja Tugas Berat
513,Horita TRG-50 SMPTE Timecode,Horita,Penghitung Waktu Siaran (Timer),,🔧,0,Generator Kode Waktu Digital|Other,,Penghasil pulsa detak jantung waktu sinkronisasi disebar ke seluruh mesin audio dan video di studio (Jam 12:00:00:01 terbaca persis sama di semua alat),Generator Kode Waktu Digital
514,Kopul BNC to BNC 75 Ohm,Kopul,Kabel Sinkronisasi Genlock,,🔧,0,Kabel Koaksial Penahan Genlock|Other,,Urat syaraf penyampai denyut genlock dari generator jam pusat mengunci rana lensa kamera agar tidak berkedip silang saat memotong gambar,Kabel Koaksial Penahan Genlock
515,Siemens Star Focus Chart,Siemens,Alat Penguji Lensa Kamera,/images_real/real_0507.JPG,🔧,0,Papan Cetak Pola Jari-jari Hitam Putih|LAN,,Papan kalibrasi mata kamera diletakkan 5 meter di depan lensa untuk mencari titik putaran cincin fokus tertajam (menguji ketajaman lensa sebelum live),Papan Cetak Pola Jari-jari Hitam Putih
516,Sennheiser EK IEM G4 Receiver,Sennheiser,Pemancar Suara Pemantauan Kamera,,🔧,0,Paket Sabuk Bodypack|Power; Earphone 3.5mm|Audio,,"Kotak penerima radio di pinggang kameramen pembisik telinga perintah dari sutradara (""Kamera 3 geser ke kiri sedikit!"") di keramaian panggung","Paket Sabuk Bodypack, Earphone 3.5mm"
517,Anton Bauer 4-Pin XLR Power Cable,Anton,Kabel Ekstensi Power Baterai,,🔧,0,XLR 4-Pin Laki ke Perempuan|Audio,,Kabel pembawa listrik murni (bukan suara) menarik aliran dari baterai V-Mount sabuk pinggang naik menyalakan layar monitor di atas kamera,XLR 4-Pin Laki ke Perempuan
518,Kipp Handle / Tuas Rachet Baut,Kipp,Sistem Kunci Pengaman Lensa,,🔧,0,Baut Tuas Putar Baja|Other,,Pengganti baut L standar pada kerangka kamera tuas ini bisa ditarik lalu diputar di ruang sempit mengencangkan gigitan pegangan besi tanpa perlu obeng,Baut Tuas Putar Baja
519,ETC Sensor3 Power Control,ETC,Peredam Cahaya (Dimmer) Panggung,,🔧,0,Rak Kabinet Baja|Other; Modul Tegangan Tinggi|Other,,Otak kelistrikan besar peredup bohlam panggung tungsten seribu watt tanpa membuat suara dengung listrik masuk ke dalam sirkuit mikrofon,"Rak Kabinet Baja, Modul Tegangan Tinggi"
520,Chauvet COLORband T3,Chauvet,Lampu Garis Dinding Efek,,🔧,0,Bilah LED RGB|Other; DMX Port|LAN,,Bilah pedang lampu disorot merata mencuci tembok polos studio (Wall Washer) menyulap ruang sempit menjadi lautan gradasi warna-warni cyberpunk,"Bilah LED RGB, DMX Port"
521,Hosa DeoxIT Fader Lube,Hosa,Pembersih Kontak Listrik (Contact Cleaner),,🔧,0,Semprotan Aerosol Botol Kecil|Other,,Minyak pelumas khusus penyelamat tuas naik turun mixer audio analog lawas (menghapus suara kresek-kresek saat volume dinaikkan),Semprotan Aerosol Botol Kecil
522,Yamaha Tio1608-D,Yamaha,Jaringan Distribusi Audio Dante,/images_real/real_0514.jpg,🔧,0,16x XLR In|Audio; 8x XLR Out|Audio; RJ45 Dante|LAN,,Kotak colokan panggung digital menelan 16 mic drum di atas panggung dikirim ke meja mixer utama di bangku penonton hanya melalui satu kabel LAN CAT6,"16x XLR In, 8x XLR Out, RJ45 Dante"
523,Shure A15AS In-Line Attenuator,Shure,Kotak Penurun Tahanan Mikrofon (Pad),,🔧,0,XLR Laki ke Perempuan|Audio; Sakelar -15dB|Other,,Kapsul obat penahan ledakan suara diselipkan di ujung mic snare drum meredam kekuatan arus teriak agar tidak memecahkan mesin soundcard,"XLR Laki ke Perempuan, Sakelar -15dB"
524,ChamSys MagicQ PC Wing,ChamSys,Sistem Kontrol Pencahayaan Perangkat Lunak,,🔧,0,USB-C|USB; 2x DMX Out|Other,,Meja operasi tata cahaya konser portabel menghubungkan laptop Windows menjadi mesin pengendali lampu laser canggih melalui pergerakan tuas fisik,"USB-C, 2x DMX Out"
525,Steinberg eLicenser Key,Steinberg,Dongle Lisensi Perangkat Lunak Audio,,🔧,0,USB Dongle Tipe A|LAN,,Gantungan kunci pengaman menyimpan sertifikat asli software Cubase tanpa ini software tidak akan terbuka (anti pembajakan studio),USB Dongle Tipe A
526,Techflex Flexo PET Expandable Braided,Techflex,Tali Penyusun Kabel Ular (Snake),,🔧,0,Selongsong Rajut Plastik Mengembang|Other,,Baju ular kawat rajut membungkus 5 kabel (HDMI USB Power) menjadi satu batang rapi elastis anti kusut digigit binatang,Selongsong Rajut Plastik Mengembang
527,Blustream HEX70CS-KIT,Blustream,Alat Penyebar Sinyal HDMI Jauh,,🔧,0,HDMI In Out|HDMI; RJ45 HDBaseT|LAN; IR|Other,,Ekstender HDBaseT mendorong video layar proyektor perintah remote control infra merah dan internet sekaligus melalui seutas kabel jaringan 70 meter,"HDMI In Out, RJ45 HDBaseT, IR"
528,Panasonic AW-UE150,Panasonic,Kamera Robotik Beresolusi Tinggi,,🔧,0,12G-SDI|SDI; Serat Optik|Other; NDI|LAN,,Mata dewa kamera PTZ 4K kelas stadion sudut pandang lebar (75 derajat) yang pergerakan putarannya sehalus sutra (tak terlihat pergerakan robot kaku),"12G-SDI, Serat Optik, NDI"
529,Kippertie Revolva ND for RED,Kippertie,Modul Filter Lensa Internal Kamera,,🔧,0,Dudukan Lensa|Other; Cartridge Filter Putar|Other,,Kartrid rolet Rusia menyisipkan 4 kaca gelap ND berbeda di belakang lensa sinema mengubah pencahayaan seketika tanpa mencopot lensa dari bodi,"Dudukan Lensa, Cartridge Filter Putar"
530,Matthews Boa Bag,Matthews,Pengait Beban Keseimbangan Lengan (Boom),,🔧,0,Kantung Pasir Bentuk U (U-Shape)|Other,,Karung pasir lentur melilit mencengkram tiang boom seperti ular sanca penyeimbang beban mikrofon senapan di ujung tongkat agar tiang tidak terjungkal,Kantung Pasir Bentuk U (U-Shape)
531,Wixey WR300 Digital Angle Gauge,Wixey,Alat Penghitung Sudut Presisi,,🔧,0,Sensor Gyro Baterai Koin|Other; Dasar Magnetik|Other,,Kubus ajaib magnet penempel lensa mengetahui kemiringan sudut kamera menunduk persis 45.0 derajat secara matematis demi akurasi CGI hijau,"Sensor Gyro Baterai Koin, Dasar Magnetik"
532,K&M 19790 Tablet Holder,K&M,Dudukan iPad Teleprompter,,🔧,0,Jepit Karet Silang|LAN; Ulir Mic 3|Audio; 8 Inch|Other,,Rahang plastik memegang erat iPad pembaca naskah (Script) menempel stabil di samping lensa tanpa takut tergelincir jatuh,"Jepit Karet Silang, Ulir Mic 3, 8 Inch"
533,MikroTik RouterBOARD RB5009,MikroTik,Pemisah Internet ke Berbagai Jaringan,,🔧,0,7x RJ45 Gigabit|LAN; 1x 2.5G|Other; 1x SFP+|Other,,Mesin palang pintu router memisahkan keamanan wifi penonton (Guest) dari kabel internet suci khusus transmisi video Streamer ke Twitch (VLAN Routing),"7x RJ45 Gigabit, 1x 2.5G, 1x SFP+"
534,Core SWX Fleet Micro,Core,Penjaga Voltase Stabil Kamera,,🔧,0,Pengisi Daya Baterai V-Mount|Power; Layar LCD|Other,,Pompa bensin pengisi 4 baterai raksasa sekaligus secara bersamaan memiliki layar diagnosa kesehatan sel baterai menolak arus berlebih (Overcharge),"Pengisi Daya Baterai V-Mount, Layar LCD"
535,Lilliput SDI to HDMI Cross,Lilliput,Konverter Sinyal SDI ke HDMI Mini,,🔧,0,BNC Laki|Other; HDMI Perempuan Dudukan Besi|HDMI,,Jembatan mini mengubah sinyal profesional kabel BNC menjadi colokan HDMI biasa agar bisa ditayangkan di layar TV LCD ruang tunggu artis,"BNC Laki, HDMI Perempuan Dudukan Besi"
536,Think Tank Pixel Sunscreen V2,Think,Pelindung Silau Layar PC Outdoor,,🔧,0,Kain Tenda Hitam Pop-up|LAN,,Tenda kerudung lipat membungkus layar laptop 15 inci pahlawan editor warna yang terpaksa mengedit video streaming langsung di padang rumput silau matahari,Kain Tenda Hitam Pop-up
537,SKB 3U Fly Rack,SKB,Rak Koper Tahan Air Studio Berjalan,,🔧,0,Plastik Keras|Other; Busa Terapung Internal|Other,,Brankas militer penyimpan mesin ATEM Switcher yang kerangka rel besinya mengambang di atas peredam kejut karet (aman dilempar ke bagasi pesawat),"Plastik Keras, Busa Terapung Internal"
538,Nashua 357 Gaffer Tape,Nashua,Alat Perekat Kabel Sisi Panggung,,🔧,0,Isolasi Kain Kapas Tahan Panas 60 Derajat|Other,,Lakban dewa penempel jalur kabel raksasa di pinggir aspal jalanan melekat keras bak semen tapi saat dicabut tak meninggal setetes pun lem kotor,Isolasi Kain Kapas Tahan Panas 60 Derajat
539,Syrp Genie Mini II,Syrp,Meja Putar Produk Live Streaming,,🔧,0,Piringan Putar Bermotor|Other; Kontrol Bluetooth|Wireless,,Tatakan meja putar otomatis pemamer perhiasan produk 360 derajat bergerak mulus milimeter demi milimeter dikontrol penuh jari melalui aplikasi HP,"Piringan Putar Bermotor, Kontrol Bluetooth"
540,Manfrotto 080G Safety Cable,Manfrotto,Tali Baja Keselamatan Lampu Latar,,🔧,0,Tali Kawat Galvanis|Other; Pengait Karabin|Other,,Sabuk pengaman ekstra yang mengikat lampu panggung seberat 15 kilogram ke tiang utama penangkal jatuh mati jika baut utama tiba-tiba aus,"Tali Kawat Galvanis, Pengait Karabin"
541,AJA HA5-12G,AJA,Konverter Kamera Analog Menuju SDI,,🔧,0,HDMI 2.0 In|HDMI; 12G-SDI Out Ganda|SDI,,Penerjemah handal penyuntik sinyal laptop (HDMI) didorong murni menjadi kabel 12G-SDI kelas broadcast 4K tanpa degradasi latensi prosesor gambar,"HDMI 2.0 In, 12G-SDI Out Ganda"
542,DeckLink 8K Pro,DeckLink,Modul Input Video PCIe Tambahan,,🔧,0,PCI Express 8-Lane|LAN; 4x 12G-SDI Dua Arah|SDI,,Kartu grafis penangkap super menelan empat umpan 4K sekaligus atau bisa diputar balik perannya menjadi pemancar video grafis animasi ke panggung,"PCI Express 8-Lane, 4x 12G-SDI Dua Arah"
543,Tiffen 4x5.65 Black Pro-Mist 1/4,Tiffen,Penyaring Cahaya Depan Lensa Sinema,,🔧,0,Kaca Filter Persegi Optik Tebal|Power,,Kaca ajaib melembutkan ketajaman kejam lensa digital menyebarkan cahaya lampu LED seperti pendaran awan (menyembunyikan jerawat wajah penyanyi),Kaca Filter Persegi Optik Tebal
544,Hollyland Solidcom M1,Hollyland,Perangkat Komunikasi Antar Sutradara,,🔧,0,Base Station|Other; 8 Sabuk Radio Duplex|Other,,Sistem radio sentral menyatukan obrolan 8 kru bergerak (Kameramen Audio Penata Cahaya) di jaringan internal tertutup murni komunikasi 2 arah tanpa pijit tombol,"Base Station, 8 Sabuk Radio Duplex"
545,Westone Mach 50,Westone,Penerima Audio Layar Telinga Jauh,,🔧,0,Kabel In-Ear Monitor (IEM)|Other; Karet Segel|Other,,Alat bantu dengar panggung 5 pengeras suara mini di satu telinga menembakkan detail dentuman bass dan ketukan simbal tajam pemblokir kebisingan konser,"Kabel In-Ear Monitor (IEM), Karet Segel"
546,Avenger E600 Snap-In Pin,Avenger,Adaptor Sambungan Tiang Lampu,,🔧,0,Spigot Besi 5|Other; 8 Inch|Other; Sekrup 3|Other; 8 Inch|Other,,Baut emas pahlawan penyesuai pengunci payung reflektor atau engsel kepala tripod yang hilang lubang colokannya disesuaikan standar industri perfilman,"Spigot Besi 5, 8 Inch, Sekrup 3, 8 Inch"
547,Fluke Networks MicroScanner2,Fluke,Pendeteksi Titik Sinyal Kabel LAN,,🔧,0,Layar LCD|Other; Colokan RJ45 dan Coaxial|LAN,,Alat diagnosa dokter IT pencari tahu di jarak meter ke berapa kabel LAN lantai putus digigit tikus dan membaca apakah ada aliran listrik PoE yang menyala,"Layar LCD, Colokan RJ45 dan Coaxial"
548,Tripp Lite 14-Outlet PDU,Tripp,Terminal Pembagi Listrik Ruang Server,,🔧,0,14 Soket Listrik AC Berbaris Memanjang|Power,,Tiang stopkontak logam ditanam pada pintu belakang rak IT menyuplai energi merata pada router switcher dan encoder (dilengkapi pemutus MCB mandiri),14 Soket Listrik AC Berbaris Memanjang
549,Kupo 40-inch Grip Arm,Kupo,Tiang Tangan Pemegang Lensa Cahaya,,🔧,0,Batang Besi Perak|Other; Ujung Hexagonal|Other,,Lengan ekstensi robot menembakkan posisi lampu kilat (flash) mengambang 1 meter ke depan tiang penyangga utamanya membebaskan ruang di bawahnya untuk talent berdiri,"Batang Besi Perak, Ujung Hexagonal"
550,Kupo Background Paper Drive,Kupo,Pengait Kain Latar Belakang (Backdrop),,🔧,0,Roda Rantai Tarik Katrol|Other; Dudukan Inti|Other,,Mekanisme katrol roda gigi pengerek gulungan kertas latar belakang warna-warni yang sangat berat ditarik ringan pakai rantai plastik dari bawah tanpa menaiki tangga,"Roda Rantai Tarik Katrol, Dudukan Inti"
551,Matthews 15lb Sandbag,Matthews,Tas Penyeimbang Kaki Tiang Cahaya,,🔧,0,Kantung Cordura Oranye Hitam Ganda|Other,,Karung pembawa beban menekan kaki-kaki tiang kamera jerapah (crane) tinggi memastikan seluruh besi seberat puluhan kilo tidak terguling saat tersapu badai angin,Kantung Cordura Oranye Hitam Ganda
552,Whirlwind IMP 2,Whirlwind,Konverter Penyesuai Sinyal Audio Panggung,/images_real/real_0544.jpg,🔧,0,"1|Other; 4"" Input Jack|Audio; XLR Male Output|Audio",,Kotak hitam pasif penyapu bersih hum (desis) menelan suara keyboard listrik piano yang terlalu besar dilemahkan menjadi standar mic masuk aman ke mixer gedung,"1, 4"" Input Jack, XLR Male Output"
553,Sennheiser ASA 214-UHF,Sennheiser,Alat Penyebar Frekuensi Radio Mikrofon,,🔧,0,Kabel Koaksial Antena In|Other; 4x RF BNC Out|Wireless,,Kotak ajaib penangkap 2 antena disalurkan bersih menjadi 4 mesin penerima (receiver) mikrofon menghindari rebutan sinyal radio yang membuat suara penyanyi terputus-putus,"Kabel Koaksial Antena In, 4x RF BNC Out"
554,Astera Titan Tube,Astera,Lampu Aksen Efek Langit-Langit,/images_real/real_0546.jpg,🔧,0,Tabung LED RGB Murni|Other; Baterai Internal 20 Jam|Other,,Lampu tabung nirkabel pengubah warna suasana ditempel di plafon panggung atau pilar gedung (tahan cipratan air hujan) dikendalikan melalui iPad lighting designer,"Tabung LED RGB Murni, Baterai Internal 20 Jam"
555,Atomos Neon 17,Atomos,Layar Pemantau Kualitas Rekaman (HDR),,🔧,0,Layar OLED 17 Inci|Other; SDI|SDI; HDMI In|HDMI,,Televisi kotak panduan warna absolut referensi sutradara film (menilai hitam pekat dan terangnya api 1000 nits) tempat di mana nasib pewarnaan live ditentukan,"Layar OLED 17 Inci, SDI, HDMI In"
556,Rycote Undercover,Rycote,Sistem Suspensi Mikrofon Lapel (Lavalier),,🔧,0,Karet Perekat Dua Sisi|Other; Kain Bulu Tipis|LAN,,Stiker medis penempel mikrofon klip mini di dada telanjang atau di balik kemeja aktor berbulu tipis menghindari gesekan kain kresek kresek saat Host bernafas,"Karet Perekat Dua Sisi, Kain Bulu Tipis"
557,Really Right Stuff B2-AS-II,Really,Dudukan Putar Cepat Pelat Kamera,/images_real/real_0549.jpg,🔧,0,Penjepit Piringan Arca-Swiss Lever Release|Audio,,Rahang klem mewah presisi pengunci kamera terkuat berkat tuas tarik satu kali tuas digeser plat DSLR langsung lepas ke tangan vlogger tanpa memutar mur drat panjang,Penjepit Piringan Arca-Swiss Lever Release
558,Denecke TS-3,Denecke,Mesin Penyelarasan Waktu Siaran (Timecode),,🔧,0,Layar LED Angka Merah Besar|Other; Papan Clapper|Other,,"Papan clapper board tradisional dengan layar jam digital pencatat bunyi ""CLACK!"" keras dan waktu absolut (mempercepat penyatuan 6 video dari kamera tanpa kabel sinkronisasi)","Layar LED Angka Merah Besar, Papan Clapper"
559,Skaarhoj SDI-BNC Link,Skaarhoj,Kotak Modul Penerjemah Tally (Lampu Merah),,🔧,0,SDI In|SDI; Kawat Relay Terminal|Other,,Penggali informasi dari kabel aliran gambar SDI menemukan perintah kode lampu Tally tersembunyi menyalakan lampu peringatan di atas kamera non-broadcast,"SDI In, Kawat Relay Terminal"
560,Safety Sling Heavy Duty 5mm,Safety,Tali Pengaman Layar Tergantung (Safety Cable),,🔧,0,Kawat Baja Anyaman|Other; Carabiner Berulir|Other,,Tali sabuk baja simpul mati pelindung TV monitor penonton 50 inci di atas panggung mencegah hancur berantakan jika braket besinya tiba-tiba patah menjuntai,"Kawat Baja Anyaman, Carabiner Berulir"
561,Fujin Mark II,Fujin,Kotak Pembersih Debu Kamera Otomatis,,🔧,0,Lensa Blower Kipas Penyedot|LAN; Canon EF Mount|Other,,Mesin vacuum cleaner berbentuk lensa ditempel pada bodi kamera meniupkan topan ion menyedot keluar debu membandel sensor tanpa perlu menyentuh kaca secara fisik,"Lensa Blower Kipas Penyedot, Canon EF Mount"
562,Lemo 2-Pin to 4x D-Tap Hub,Lemo,Sistem Pemisah Kabel Tenaga (Splitter),,🔧,0,Lemo Power In|LAN; 4x P-Tap Out Kotak Kecil|Other,,Stopkontak mungil penerima pasokan bensin listrik V-Mount menyebarkannya adil ke mesin transmiter video mesin follow focus dan monitor ekstra yang bertumpuk pada bodi DSLR,"Lemo Power In, 4x P-Tap Out Kotak Kecil"
563,Tilta Nucleus-M Hand Unit,Tilta,Alat Pelacak Pergerakan Mata Lensa,,🔧,0,Roda Kemudi Kayu Putar Nirkabel|Wireless; Baterai 18650|Other,,Setir roda kayu mewah asisten kamera pengendali presisi motor mesin pemutar cincin lensa zoom dan iris berjarak 300 meter menembus beton lokasi syuting,"Roda Kemudi Kayu Putar Nirkabel, Baterai 18650"
564,Tiffen Glimmerglass 1,Tiffen,Kacamata Pelindung Mata Operator Cahaya,,🔧,0,Filter Kaca Bulat Meredup Cahaya Terang|Power,,Bukan kacamata biasa tapi kaca lensa filter (meringankan pendaran lampu led wajah menjadi glowing dan tidak silau menantang mata sensor kamera digital tajam),Filter Kaca Bulat Meredup Cahaya Terang
565,Tether Tools TetherBlock,Tether,Pelindung Kabel Tali Sepatu (Tether Block),/images_real/real_0557.jpg,🔧,0,"Plat Aluminium Ulir Kamera Bawah 1|Other; 4""|Other",,Piringan pengunci nyawa kabel USB dicolok masuk berkelok memutar jalur labirin menahan kabel tidak mungkin mencabut port motherboard kamera jika tersandung kaki kru lari,"Plat Aluminium Ulir Kamera Bawah 1, 4"""
566,AV Matrix MV0430,AV,Layar Pembagi Jendela Kamera (Multiview),,🔧,0,4x 3G-SDI In|SDI; 2x HDMI Out PGM dan Multiview|HDMI,,Mesin pengolah gambar mozaik pemecah 4 kamera SDI layar penuh menjadi bentuk kotak kotak 4 layar keamanan ke monitor TV sutradara memantau siapa yang sedang ngupil sebelum tayang,"4x 3G-SDI In, 2x HDMI Out PGM dan Multiview"
567,Alvin's Cables D-Tap to 4-Pin Hirose,Alvin's,Kabel Konverter Daya Pemasok Lensa,,🔧,0,D-Tap Power In|LAN; 4-Pin Hirose Konektor Lensa|Other,,Selang infus listrik penghisap daya baterai besar mentenagai mesin motor servo lensa zoom TV raksasa yang tidak memiliki baterainya sendiri,"D-Tap Power In, 4-Pin Hirose Konektor Lensa"
568,Decimator MD-LX,Decimator,Kotak Pembersih Gangguan Gambar Listrik,,🔧,0,HDMI In Out|HDMI; SDI In Out Dua Arah Pasif|SDI,,Mesin pengubah HDMI ke SDI dan SDI ke HDMI saku baja terpercaya membuang cacat frame listrik dan perlindungan benturan sinyal silang di belakang monitor sutradara,"HDMI In Out, SDI In Out Dua Arah Pasif"
569,Inovativ DigiPlate Pro,Inovativ,Standar Dudukan Laptop Stabil (Tripod Mount),,🔧,0,Pelat Baki Komputer Baja|Other; Lubang 3|Other; 8 Inch|Other,,Meja nampan sasis keras penyekrup laptop mesin perekam (MacBook Pro) dan brankas hardisk terikat kuat bisa digantung vertikal atau horisontal pada tiang kaki penyangga payung lampu,"Pelat Baki Komputer Baja, Lubang 3, 8 Inch"
570,Hawk-Woods VL-B1,Hawk-Woods,Sabuk Pembawa Baterai Kamera Berjalan,,🔧,0,Sabuk Pinggang|Other; Piringan V-Mount Baterai|Power,,Ikat pinggang taktis kulit memindahkan beban sekian kilo baterai daya dari pundak bahu kameramen turun ke pinggul menyalurkan pasokan listrik ke atas via satu kabel ringan,"Sabuk Pinggang, Piringan V-Mount Baterai"
571,Vornado 660,Vornado,Kipas Blower Udara Dingin (Pendingin Host),,🔧,0,Kipas Sirkulasi Udara AC|LAN; Kabel Colokan AC|Power,,Meriam angin puting beliung (sunyi senyap) penendang hawa sejuk AC terpusat dari ruang tamu ke sudut studio kedap suara mendinginkan keringat artis tanpa berisik dengung di mic,"Kipas Sirkulasi Udara AC, Kabel Colokan AC"
572,Neutrik NA2-IO-DLINE,Neutrik,Konverter Jaringan Audio Ke Analog,,🔧,0,RJ45 Dante|LAN; 2x XLR In 2x XLR Out Karet Tahan Air|Audio,,Batu penghubung jembatan ajaib menterjemahkan kembali data internet Dante menjadi colokan analog mic fisik murni ditaruh bebas diguyur hujan panggung tanpa korslet,"RJ45 Dante, 2x XLR In 2x XLR Out Karet Tahan Air"
573,SmallRig 15mm LWS Universal Lens Support,SmallRig,Alat Penyokong Rel Kamera Besar,,🔧,0,Bantalan Rel Karet|LAN; Y-Bracket Naik Turun|Power,,Garpu penjepit tiang perancah menopang perut beban lensa zoom moncong gajah meredakan stres beban tarikan pada drat cincin lensa bodi mirrorless ringan yang rentan retak,"Bantalan Rel Karet, Y-Bracket Naik Turun"
574,Pelican 0915 SD Memory Card Case,Pelican,Boks Penyimpan Kartu Memori Tahan Banting,,🔧,0,Plastik Polikarbonat Keras|LAN; Sisipan Busa Karet|LAN,,Koper saku anti air anti hancur penyimpan harta karun berharga (12 memori SD Card dan MicroSD) berlapis bantalan kedap mencegah air merendam jerih payah hasil rekaman live seharian,"Plastik Polikarbonat Keras, Sisipan Busa Karet"
575,Neutrik etherCON NE8MX,Neutrik,Pengunci Sambungan Kabel Cepat (Quick Lock),,🔧,0,Cangkang Baju Logam Pengunci|Other; RJ45 Internal|LAN,,Baju zirah baja pemakai konektor internet LAN murahan klik plastik menjadi sekrup pengunci putar (kabel tak akan lepas meski terseret langkah penonton lompat-lompat panggung),"Cangkang Baju Logam Pengunci, RJ45 Internal"
576,MA Lighting grandMA3 onPC command wing,MA,Konsol Pengendali Cahaya (Lighting),,🔧,0,USB|USB; 2x DMX Out|Other; MIDI|Other,,Papan kontrol lampu paling standar di industri konser dunia mengubah komputer biasa menjadi mesin master pengendali ribuan lampu laser panggung,"USB, 2x DMX Out, MIDI"
577,Focusrite RedNet D16R,Focusrite,Antarmuka Audio Jaringan (Audio Network),,🔧,0,Dante (RJ45)|LAN; AES3|Audio; Word Clock|Other,,Mesin konverter kasta tertinggi pembawa 16 jalur audio digital format AES3 langsung ke dalam jaringan internet Dante tanpa konversi analog yang menurunkan kualitas,"Dante (RJ45), AES3, Word Clock"
578,Autocue Contour ShuttleXpress,Autocue,Pengendali Teleprompter (Prompter Controller),,🔧,0,USB-A|USB,,Roda putar pengatur kecepatan teks berjalan pada layar teleprompter yang dikendalikan oleh kaki atau tangan operator agar pas dengan tempo bicara narasumber,USB-A
579,Yellow Jacket 5-Channel Cable Protector,Yellow,Pelindung Kabel Jalan Raya (Cable Ramp),,🔧,0,Karet Polyurethane Tugas Berat|LAN,,Polisi tidur raksasa kuning hitam dengan 5 parit pelindung kabel tebal yang aman dilindas truk logistik seberat 20 ton tanpa menghancurkan kabel fiber optik di dalamnya,Karet Polyurethane Tugas Berat
580,PTZOptics 30X-NDI,PTZOptics,Kamera Robotik NDI (PTZ),,🔧,0,NDI (RJ45)|LAN; 3G-SDI|SDI; HDMI|HDMI,,Kamera pan-tilt-zoom bersenjata lensa super panjang (30x optikal zoom) penembak wajah host dari jarak 20 meter di belakang ruangan langsung jadi format NDI internet,"NDI (RJ45), 3G-SDI, HDMI"
581,AJA Ki Pro Ultra 12G,AJA,Sistem Perekam Cadangan (Backup Recorder),,🔧,0,12G-SDI|SDI; HDMI 2.0|HDMI; 2x Pak Media|Other,,Mesin perekam format ProRes murni pembaca sinyal 4K yang terus menyala sebagai ban serep jika komputer streaming utama tiba-tiba meledak atau hang,"12G-SDI, HDMI 2.0, 2x Pak Media"
582,Matthews 40-inch C-Stand with Turtle Base,Matthews,Penahan Layar Kaca Reflektor,,🔧,0,Tiang Baja|Other; Kaki Kura-kura Lepas Pasang|Other,,Tiang penyangga utama segala kebutuhan panggung yang kakinya bisa dicopot rata dengan tanah agar tidak tersorot masuk ke dalam bingkai kamera,"Tiang Baja, Kaki Kura-kura Lepas Pasang"
583,Mogami Gold Studio XLR,Mogami,Kabel Audio Penghubung Murni,,🔧,0,XLR Male ke Female|Audio; Tembaga Bebas Oksigen|Other,,Tali penghubung sinyal suara tanpa kompromi penetralisir sinyal radio liar penjamin suara mic kondensor terdengar sehangat aslinya tanpa dengung,"XLR Male ke Female, Tembaga Bebas Oksigen"
584,Godox VL300 LED Video Light,Godox,Lampu Kunci Area Wajah (Key Light),,🔧,0,Bowens Mount|Other; V-Mount Power|LAN,,Lampu sorot matahari bertenaga 300 watt pencuci wajah talent yang mesin kipas pendinginnya dipisah dari kepala lampu agar tak masuk ke mic,"Bowens Mount, V-Mount Power"
585,Teradek Spark 4K,Teradek,Pengubah Sinyal HDMI Nirkabel,,🔧,0,HDMI In Out|HDMI; Antena Internal|Other,,Transmiter gambar ringan tanpa kabel pelempar sinyal presentasi 4K dari laptop narasumber di tengah panggung menuju meja operator sejauh 150 meter,"HDMI In Out, Antena Internal"
586,APC NetShelter CX 18U,APC,Rak Server Kedap Suara,,🔧,0,Kotak Kayu Akustik|Other; Kipas Blower Diam|LAN,,Lemari rak berwujud lemari kayu elegan peredam jeritan kipas server bising sehingga mesin encoder bisa ditaruh di dalam ruang siaran tanpa mengganggu audio,"Kotak Kayu Akustik, Kipas Blower Diam"
587,Blackmagic ATEM Talkback Converter 4K,Blackmagic,Sistem Umpan Balik Video (Video Return),,🔧,0,BNC|Other; Fiber Optik|Other; Headset Jack|Audio,,Mesin penyambung kabel fiber mengirim gambar final program dan suara sutradara menempuh jarak puluhan kilometer ke earphone kameramen lapangan,"BNC, Fiber Optik, Headset Jack"
588,Rupert Neve Designs RNDI,Rupert,Kotak Penyesuai Impedansi Gitar,,🔧,0,"1|Other; 4"" Input|Other; XLR Out|Audio; 48V Phantom|Audio",,Kotak ajaib penyulap sinyal gitar bass yang loyo menjadi sinyal gemuk berkarakter analog pita lawas sebelum dicolok masuk ke mixer audio digital,"1, 4"" Input, XLR Out, 48V Phantom"
589,Flanders Scientific DM240,Flanders,Layar Pemantau Warna Presisi,,🔧,0,3G-SDI|SDI; DVI|HDMI; Layar LCD 24 Inci|Other,,Monitor kasta tertinggi rujukan editor pewarnaan film (Colorist) pembawa kepastian absolut bahwa warna merah darah yang diedit tidak akan meleset di bioskop,"3G-SDI, DVI, Layar LCD 24 Inci"
590,K-Tek Avalon KE-89CC,K-Tek,Tiang Ekstensi Mikrofon Ringan,,🔧,0,Alat Pancing Serat Karbon|Other; Kabel XLR Internal|Audio,,Tongkat boom pole berbahan serat karbon super enteng pembebas pegal bahu asisten penata suara yang harus mengangkat mic tinggi-tinggi berjam-jam,"Alat Pancing Serat Karbon, Kabel XLR Internal"
591,vMix Replay Controller,vMix,Pemutar Ulang Aksi Cepat (Slow-mo Replay),,🔧,0,USB-A|USB; T-Bar Tuas Fisik|Other,,Papan keyboard khusus berfitur tuas T-Bar pengendali kecepatan lambat (slow motion) pengulang adegan gol di pertandingan e-sports secara instan,"USB-A, T-Bar Tuas Fisik"
592,Cloudlifter CL-1,Cloudlifter,Penguat Sinyal Mikrofon Dinamis,,🔧,0,XLR In Out|Audio; Bertenaga Phantom 48V|Audio,,Kapsul steroid penambah 25 desibel volume bersih secara gaib pada mikrofon Shure SM7B yang terkenal butuh tarikan tenaga raksasa dari soundcard,"XLR In Out, Bertenaga Phantom 48V"
593,NiSi True Color CPL,NiSi,Filter Penghilang Pantulan Silau,,🔧,0,Kaca Bulat|Power; Ulir Putar|Other,,Kacamata hitam berputar penyingkir efek bayangan putih di kaca jendela mobil saat host melakukan vlog liputan otomotif di siang hari,"Kaca Bulat, Ulir Putar"
594,Manfrotto 035 Super Clamp,Manfrotto,Jepit Pipa Serbaguna (Super Clamp),,🔧,0,"Rahang Besi|Other; Sekrup 1|Other; 4"" dan 5|Other; 8""|Other",,Gigitan macan penjepit tiang atau pinggiran meja kayu menahan kamera atau lampu kecil menggantung aman di udara tanpa butuh tiang kaki tiga (tripod),"Rahang Besi, Sekrup 1, 4"" dan 5, 8"""
595,Netgear GS308 Gigabit Switch,Netgear,Pemisah Internet ke Beberapa PC,,🔧,0,8x RJ45 Gigabit Ethernet|LAN,,Terminal percabangan jalan tol internet memastikan 5 komputer di meja caster esport mendapatkan aliran kecepatan penuh tanpa berebut bandwidth,8x RJ45 Gigabit Ethernet
596,Aputure LS 60d,Aputure,Lampu Sorot Latar Belakang (Backlight),,🔧,0,Lensa Fresnel|Other; V-Mount|Power,,Lampu fokus penembak cahaya setajam laser pembentuk garis rambut menyala (hair light) memisahkan tubuh host agar tidak menyatu gelap dengan latar belakang,"Lensa Fresnel, V-Mount"
597,Elgato 4K60 Pro MK.2,Elgato,Penangkap Video PC Internal,,🔧,0,PCIe x4|Other; HDMI In Out|HDMI,,Kartu sirkuit penelan gambar tertancap permanen di perut komputer khusus menelan gambar konsol PS5 kualitas 4K 60fps tanpa jeda sedetikpun di layar tv gamer,"PCIe x4, HDMI In Out"
598,Syrp Genie II Linear,Syrp,Stabilisator Lensa Kamera Geser,,🔧,0,Tali Tarik Motorized|Other; Bluetooth|Wireless,,Mesin penarik di atas rel besi menyeret tripod kamera perlahan-lahan menghasilkan video timelapse pergantian siang ke malam hari yang bergerak sinematik,"Tali Tarik Motorized, Bluetooth"
599,Shure UA874 Active Directional Antenna,Shure,Modul Antena Radio Penerima Ekstra,,🔧,0,Konektor BNC|Other; Sakelar Gain Amplifier|Other,,Antena kipas raksasa dengan mesin penguat sinyal internal penyedot gelombang mikrofon artis di lapangan tenis yang sangat jauh tanpa putus,"Konektor BNC, Sakelar Gain Amplifier"
600,Elgato Wave Panels,Elgato,Busa Peredam Pantulan Suara Meja,,🔧,0,Busa Heksagonal Ringan|Other,,Peredam gema dinding berdesain segi enam modern pengunci suara pantulan agar suara teriakan gamer tidak memantul seperti di dalam kamar mandi,Busa Heksagonal Ringan
601,Decimator DMON-QUAD,Decimator,Pemecah Arus Video Menjadi Empat (Quad Split),,🔧,0,4x SDI In|SDI; HDMI & SDI Out|HDMI,,Mesin pencampur 4 input kamera menjadi 1 layar mozaik pengawas dikirim ke monitor TV raksasa agar produser bisa mengawasi seluruh kamera sekilas,"4x SDI In, HDMI & SDI Out"
602,Kopul Cable Tie Roll,Kopul,Pembungkus Kabel Kain Serat,,🔧,0,Kain Velcro Gulungan|Other,,Lakban kain pengikat kelompok kabel sisa yang kepanjangan agar tidak terurai seperti mie instan di lantai yang memicu kru tersandung,Kain Velcro Gulungan
603,Datavideo TP-300 Teleprompter,Datavideo,Layar Penyangga Teks Berjalan,,🔧,0,Dudukan Tablet|Other; Kaca Pemisah Sinar|Power,,Rumah kaca pemantul teks dari iPad untuk lensa tablet; sang pendakwah bisa berceramah menatap tepat mata penonton padahal dia sedang membaca,"Dudukan Tablet, Kaca Pemisah Sinar"
604,Matrox Monarch HD,Matrox,Perangkat Keras Enkoder Streaming,,🔧,0,HDMI In|HDMI; RJ45|LAN; USB Drive|USB,,Mesin pencetak siaran yang bekerja mandiri (tanpa butuh PC Windows) menembak video ke YouTube sekaligus merekam cadangan ke flashdisk secara bersamaan,"HDMI In, RJ45, USB Drive"
605,Think Tank Hydrophobia,Think,Penutup Hujan Kamera Bening,,🔧,0,Kain Nilon Kedap Air|Other; Lengan Kaca Mika|Power,,Jas hujan ponco transparan pelindung kamera dan lensa zoom belasan juta dari guyuran badai hujan di pinggir lapangan bola luar ruangan,"Kain Nilon Kedap Air, Lengan Kaca Mika"
606,Mackie Big Knob Passive,Mackie,Pengontrol Volume Audio Desktop,/images_real/real_0289.png,🔧,0,2x TRS In|Audio; 2x TRS Out|Audio; Kenop Putar Besar|Other,,Roda volume mekanik raksasa pemotong suara instan di atas meja editor penyelamat gendang telinga jika tiba-tiba ada suara ledakan dari software edit video,"2x TRS In, 2x TRS Out, Kenop Putar Besar"
607,Avenger A5034 Roller Stand 34,Avenger,Standar Lampu Beroda,,🔧,0,Tiang Baja|Other; 3 Roda Berkunci|Other,,Kaki lampu kuat yang dilengkapi roda pendorong memudahkan kru memindahkan cahaya matahari buatan seberat 20 kilogram hanya dengan satu dorongan jari,"Tiang Baja, 3 Roda Berkunci"
608,Ubiquiti airMAX LiteBeam 5AC,Ubiquiti,Antena Pemancar Internet Jauh,,🔧,0,Piringan Parabola|Other; Port PoE LAN|LAN,,Penembak sinyal internet nirkabel sejauh 15 kilometer menyeberangi lembah gunung mentransfer data siaran langsung dari posko ke titik relay tanpa tarik kabel,"Piringan Parabola, Port PoE LAN"
609,Aputure Spotlight Mini Zoom,Aputure,Modifikasi Bentuk Cahaya (Snoot),,🔧,0,Lensa Proyeksi Optik|Other; Dudukan Lensa LS 60|Other,,Teropong lensa penyempit cahaya mengubah lampu bulat menjadi kotak atau proyektor pencetak siluet bayangan daun jendela palsu ke tembok polos,"Lensa Proyeksi Optik, Dudukan Lensa LS 60"
610,Tripp Lite Heavy-Duty Power Cord,Tripp,Kabel Daya Komputer Kelas Berat,,🔧,0,C13 ke NEMA 5-15P|Other; Kawat 14 AWG|Other,,Tali colokan listrik tebal penyuplai daya ke komputer server anti leleh walau disiksa suhu panas mesin rendering yang bekerja maksimal berhari-hari,"C13 ke NEMA 5-15P, Kawat 14 AWG"
611,Tentacle Sync E mkII,Tentacle,Modul Sinkronisasi Waktu Mungil,,🔧,0,Kabel 3.5mm|Audio; Bluetooth App|Wireless,,Kotak kuning sebesar kotak korek pencetak stempel waktu di jalur audio kamera mempermudah penyatuan gambar dari 3 kamera mirrorless yang berbeda secara instan di Adobe Premiere,"Kabel 3.5mm, Bluetooth App"
612,TC-Helicon VoiceLive Play,TC-Helicon,Kotak Efek Suara Langsung (Vocal Processor),/images_real/real_0600.jpg,🔧,0,XLR In Out|Audio; Efek Harmonik|Other,,Pedal injak penyanyi pemberi efek robot (vocoder) atau suara gema stadion yang diaktifkan penyanyi sendiri pakai kaki di tengah panggung tanpa bantuan operator mixer,"XLR In Out, Efek Harmonik"
613,Peak Design Everyday Backpack 30L,Peak,Tas Ransel Peralatan Rapi,,🔧,0,Kain Kanvas Nilon|Other; Pembagi Origami Fleksibel|Other,,Tas punggung penyimpan drone laptop dan 2 kamera dengan partisi bisa dilipat lipat pelindung alat dari benturan saat vlogger berjalan menembus hutan,"Kain Kanvas Nilon, Pembagi Origami Fleksibel"
614,BrightSign HD224,BrightSign,Pemutar Video Siaran Digital (Digital Signage),,🔧,0,HDMI Out|HDMI; Slot SD Card|Other; LAN|LAN,,Otak pemutar video looping abadi di layar LED lobi perusahaan yang bisa diperbarui videonya dari jarak jauh via internet pusat tanpa harus colok flashdisk manual,"HDMI Out, Slot SD Card, LAN"
615,Universal Audio Apollo Twin X,Universal,Antarmuka Rekaman Suara Resolusi Tinggi,,🔧,0,Thunderbolt 3|USB; 2x Unison Mic Preamp|Audio,,Mesin soundcard pintar yang memiliki prosesor internal khusus mengolah efek suara studio mahal tanpa membebani otak CPU laptop penyiar podcast,"Thunderbolt 3, 2x Unison Mic Preamp"
616,NP-F970 Sony InfoLithium,NP-F970,Baterai Jepit Monitor Kecil,,🔧,0,Kontak Pin Tembaga|Other; Indikator Sisa Daya|LAN,,Baterai balok klasik penyala lampu LED kecil dan layar sutradara andalan sejuta umat yang kapasitas bertahannya bisa diprediksi akurat hingga hitungan menit,"Kontak Pin Tembaga, Indikator Sisa Daya"
617,Metabones EF to E Mount T Smart Adapter,Metabones,Adaptor Pemasang Lensa Beda Merek,,🔧,0,Dudukan Lensa Canon ke Sony|Other; Kontak Elektronik|Other,,Jembatan elektronik pemaksa lensa Canon lawas agar fungsi fokus otomatisnya (autofocus) tetap bekerja mulus saat dipasang di bodi kamera Sony terbaru,"Dudukan Lensa Canon ke Sony, Kontak Elektronik"
618,Apple Thunderbolt 4 Pro Cable,Apple,Kabel Data Hardisk Cepat,/images_real/real_0605.jpg,🔧,0,USB-C|USB; Kecepatan Transfer 40Gbps|Other,,Tali tembaga premium mentransfer file video 8K sebesar 500GB dari hardisk ke laptop dalam waktu kurang dari 5 menit tanpa putus di tengah jalan,"USB-C, Kecepatan Transfer 40Gbps"
619,American Recorder OAL-100,American,Lampu Indikator Siaran (On Air Light),/images_real/real_0606.jpg,🔧,0,Lampu Merah Akrilik|Other; Adaptor Daya Dinding|LAN,,Lampu peringatan merah klasik menyala di atas pintu studio podcast mencegah OB masuk menyapu ruangan saat siaran sedang berlangsung di internet,"Lampu Merah Akrilik, Adaptor Daya Dinding"
620,3M Privacy Filter,3M,Penutup Layar Laptop Kerahasiaan,,🔧,0,Plastik Polarizer|LAN; Perekat Tepi Layar|Other,,Kaca film penolak pandangan samping melindungi naskah presentasi rahasia CEO di laptop agar tidak bisa dicontek atau difoto oleh orang yang duduk di sebelahnya,"Plastik Polarizer, Perekat Tepi Layar"
621,Datacolor Spyder LensCal,Datacolor,Alat Kalibrasi Ketajaman Fokus,,🔧,0,"Papan Penggaris Miring|Other; Dasar Tripod 1|LAN; 4""|Other",,Papan target tembak pencari kelemahan cacat fokus lensa lama yang sering meleset (front focus / back focus) agar kembali setajam silet saat bukaan f/1.4,"Papan Penggaris Miring, Dasar Tripod 1, 4"""
622,SanDisk Extreme Pro CFast 2.0,SanDisk,Kartu Memori Video Ekstrem,,🔧,0,Pin Konektor Internal CFast|Other; Kecepatan Tulis 450MB|Other; s|Other,,Kartu penyimpanan data mentah penyerap video resolusi 4K tanpa kompresi murni dari kamera bioskop ARRI atau Blackmagic tanpa resiko frame hilang,"Pin Konektor Internal CFast, Kecepatan Tulis 450MB, s"
623,Plat Kaki Hi-Hat 100mm Bowl,Plat,Tripod Kamera Sudut Super Rendah,,🔧,0,Papan Kayu Octagon|Other; Mangkuk Besi Dudukan Kepala Kamera|Other,,Alas tatakan besi berkaki pendek pemegang kamera di atas tanah menyentuh rumput menangkap adegan sudut pandang semut (frog eye level),"Papan Kayu Octagon, Mangkuk Besi Dudukan Kepala Kamera"
624,Waves X-Noise VST,Waves,Penghilang Desis Audio Perangkat Lunak,,🔧,0,Software Plugin|Power; Format VST|Other; AU|Other,,Program pencuci suara ahli bedah frekuensi penyedot suara bising gema dengung AC ruangan atau gesekan baju terekam tanpa merusak keaslian suara penyiar,"Software Plugin, Format VST, AU"
625,Nanuk 935 Wheeled Case,Nanuk,Kotak Pelindung Lensa (Hard Case),,🔧,0,Resin Tahan Benturan|Other; Roda|Other; Tuas Tarik Ganda|Other,,Koper tempur kedap udara berkatup pelepas tekanan anti hancur pelindung jiwa lensa puluhan juta saat berdesakan di dalam bagasi pesawat komersil,"Resin Tahan Benturan, Roda, Tuas Tarik Ganda"
626,DSAN Limitimer PRO-2000,DSAN,Sakelar Pengubah Presenter Ganda,,🔧,0,Layar Timer Digital|Other; Lampu Lalu Lintas Mini|Other,,Lampu rambu merah kuning hijau pemberi peringatan sisa waktu presentasi narasumber agar tidak bicara ngelantur kepanjangan dan merusak susunan jadwal acara (rundown),"Layar Timer Digital, Lampu Lalu Lintas Mini"
627,Hollyland Cosmo C1,Hollyland,Modul Penerima Sinyal Layar Sutradara,,🔧,0,SDI In Out|SDI; HDMI|HDMI; Nirkabel UVC USB-C|Wireless,,Transmiter gambar tanpa jeda sama sekali (zero latency) dilengkapi colokan Type-C agar gambar langsung bisa dibaca komputer sutradara sebagai webcam siap streaming,"SDI In Out, HDMI, Nirkabel UVC USB-C"
628,IKEA Signum Cable Management,IKEA,Penahan Kabel Bawah Meja (Tray),,🔧,0,Keranjang Kawat Besi Gantung|Other,,Troli jaring penggantung colokan listrik raksasa dan lilitan kabel di kolong meja editor menyembunyikan kekacauan arus agar studio terlihat bersih minimalis,Keranjang Kawat Besi Gantung
629,Blind Spot Power Junkie,Blind,Konverter Daya Baterai USB-C,,🔧,0,Slot Baterai NP-F|Power; 2x USB-A Out|USB; DC Out|Power,,Kotak ajaib penyulap baterai kamera balok NP-F menjadi powerbank raksasa yang bisa mengisi daya handphone Host atau kamera mirrorless langsung via kabel USB,"Slot Baterai NP-F, 2x USB-A Out, DC Out"
630,Calibrite ColorChecker Passport Video,Calibrite,Alat Pembaca Kode Warna (Color Checker),,🔧,0,Buku Lipat Plastik|LAN; Kepingan Warna Akurat|Other,,Papan warna-warni rujukan sutradara ditunjukkan ke kamera awal syuting demi menyamakan standar warna kulit (skin tone) dari tiga kamera merek berbeda di ruang edit,"Buku Lipat Plastik, Kepingan Warna Akurat"
631,Wiral LITE Cable Cam,Wiral,Sistem Kerek Kamera Langit (Cable Cam),/images_real/real_0618.jpg,🔧,0,Tali Tali Tarikan Motorized|Other; Remot Kontrol Jarak Jauh|Other,,Motor roda kabel terbang pembawa kamera aksi meluncur lurus menyusuri tali di atas kerumunan penonton hutan memberikan efek kamera drone di tempat terbang drone dilarang,"Tali Tali Tarikan Motorized, Remot Kontrol Jarak Jauh"
632,Lifetime 4-Foot Commercial Folding Table,Lifetime,Meja Produksi Lipat Kasar,/images_real/real_0619.jpg,🔧,0,Plastik HDPE|Other; Rangka Kaki Baja|Other,,Meja plastik legendaris andalan stasiun TV lapangan yang anti patah walau ditumpuki tiga monitor CRT mesin switcher dan beban orang duduk menyandar,"Plastik HDPE, Rangka Kaki Baja"
633,K-Tek Stingray Mixer Bag,K-Tek,Sabuk Pembawa Perangkat Audio (Audio Bag),,🔧,0,Bahan Tahan Cuaca|Power; Partisi Busa Cetak|Other,,Tas peluk perut khusus penata suara menyimpan mixer kecil dan baterai di dada dilengkapi ritsleting bolong samping tempat kabel XLR keluar teratur tanpa menekuk,"Bahan Tahan Cuaca, Partisi Busa Cetak"
634,"Kabel Ekstensi TRS 1/4"" Mogami",Ekstensi,Kabel Ekstensi Audio Pemantau (Headphone),,🔧,0,Konektor Laki ke Perempuan|Other; Inti Tembaga Tebal|Other,,Tali lemas namun kokoh pemanjang kabel telinga drumer panggung agar leluasa bergerak memukul simbal jauh 5 meter dari kotak pembagi audio tanpa resiko kabel putus tertarik,"Konektor Laki ke Perempuan, Inti Tembaga Tebal"
635,Zacuto VCT Pro Baseplate,Zacuto,Penjepit Rel Bawah Kamera (Baseplate),,🔧,0,Bantalan Pundak Busa|LAN; Rel Pipa 15mm|LAN; Plat VCT Geser|Other,,Baju zirah pelat alas kamera mengubah DSLR ringan menjadi kamera panggul stasiun TV (bisa ditaruh empuk di bahu atau dikunci ke tripod raksasa dalam 1 detik),"Bantalan Pundak Busa, Rel Pipa 15mm, Plat VCT Geser"
636,Wooden Camera Director's Monitor Cage,Wooden,Penghalang Sinar Monitor Sutradara,,🔧,0,Pegangan Kulit Kayu|Other; Tali Leher|Other; Plat Layar|Other,,Kerangka tameng besi penyatu layar baterai dan penerima sinyal dilengkapi tali leher gantungan agar sutradara leluasa berjalan mandiri menonton hasil rekaman tanpa lelah memegang,"Pegangan Kulit Kayu, Tali Leher, Plat Layar"
637,Lee Filters 216 White Diffusion,Lee,Gel Penyebar Cahaya Lampu (Diffusion Gel),,🔧,0,Lembaran Kertas Plastik Buram|Other,,Plastik kertas mentega disematkan di depan lampu menahan sengatan cahaya panas LED tajam menjadikannya selembut sinar matahari sore yang masuk lewat jendela kamar,Lembaran Kertas Plastik Buram
638,VIVO Dual Monitor Desk Mount Stand,VIVO,Dudukan Layar Ganda Penyiaran Vertikal,,🔧,0,Tiang Besi|Other; Engsel Putar VESA|Other,,Tiang penusuk langit penyangga layar atas bawah penghemat ruang meja editor (layar bawah menaruh timeline potong video layar atas untuk melihat hasil jadi warna gambar),"Tiang Besi, Engsel Putar VESA"
639,Chauvet Nimbus Dry Ice Machine,Chauvet,Mesin Asap Kering Panggung (Dry Ice Fog),,🔧,0,Keranjang Air Panas Elektrik|Other; Tuas Penekan Es Kering|Other,,Pemasak air panas pembuat asap kabut es tebal yang tidak terbang naik tapi merayap menempel menutupi lantai panggung bak hamparan awan surga,"Keranjang Air Panas Elektrik, Tuas Penekan Es Kering"
640,DJI Force Pro,DJI,Pengendali Kamera Presisi Udara (Gimbal Remote),/images_real/real_0627.jpg,🔧,0,Sensor Gyro Internal|Other; Roda Pengendali|Other; RF Nirkabel|Wireless,,Batang besi peniru gerak; kemana pun sutradara memiringkan alat ini di tangannya maka kamera drone atau gimbal yang berjarak 3 kilometer akan otomatis ikut menunduk seketika,"Sensor Gyro Internal, Roda Pengendali, RF Nirkabel"
641,Shure ULXD4Q Quad Channel Digital Receiver,Shure,Penerima Audio Nirkabel Rak (Receiver Rack),,🔧,0,Rak 1U|Other; 4x XLR Out|Audio; Port LAN Dante|LAN,,Mesin penangkap radio kelas dewa menerima empat mikrofon sekaligus dalam satu kotak besi anti guncangan mengkonversinya langsung jadi sinyal internet audio Dante bebas latensi,"Rak 1U, 4x XLR Out, Port LAN Dante"
642,Rycote Cyclone Windshield,Rycote,Isolator Anti Getar Mikrofon Lapangan,,🔧,0,Keranjang Plastik Berongga|Other; Kain Bulu Luar (Deadcat)|Power,,Kapsul peluru pelindung angin meredam tiupan badai pantai tidak masuk menggemuruh di dalam mic shotgun (memastikan suara debur ombak dan dialog terekam bersih kristal),"Keranjang Plastik Berongga, Kain Bulu Luar (Deadcat)"
643,Sachtler Video 25 Plus Tripod,Sachtler,Tiang Kaki Tiga Kamera Super Berat,,🔧,0,Serat Karbon Tiga Tingkat|Other; Kepala Cairan Panci (Fluid Head) 100mm|Other,,Tripod gajah menahan beban kamera siaran TV 25 kilogram memastikan pergerakan geser kiri kanan (panning) mengikuti mobil balap berjalan semulus minyak mentega,"Serat Karbon Tiga Tingkat, Kepala Cairan Panci (Fluid Head) 100mm"
644,FFmpeg Command Line Tool,FFmpeg,Pengubah Format Video Perangkat Lunak,,🔧,0,Software Codec Open Source|Other; Skrip Baris Perintah|LAN,,Mesin ajaib (tanpa tampilan antarmuka) andalan IT membakar ribuan file video 4K dirubah menjadi ringan format mp4 untuk HP hanya lewat ketikan kode perintah,"Software Codec Open Source, Skrip Baris Perintah"
645,Camplex FIBERJUICE,Camplex,Kabel Serat Optik SDI Ringan (Optical Fiber SDI),,🔧,0,Kabel Serat Taktis|Other; Konektor Lemo ST|Other,,Kabel urat kaca penyalur gambar video sejauh 25 kilometer tanpa butuh pemancar ulang (booster) mustahil dilakukan oleh kabel tembaga BNC biasa yang mati di 100 meter,"Kabel Serat Taktis, Konektor Lemo ST"
646,Convex Security Mirror 18 Inch,Convex,Layar Kaca Cermin Sudut Pengawas,,🔧,0,Kaca Cembung Akrilik|Power; Baut Dinding Sudut|LAN,,Kaca cembung minimarket dipasang di pojok ruang kontrol agar operator switcher bisa melirik melihat ada tamu nyelonong masuk dari pintu belakang tanpa harus menoleh,"Kaca Cembung Akrilik, Baut Dinding Sudut"
647,AC Infinity CLOUDPLATE T7,AC,Kipas Angin Pembuang Panas Rak (Rack Fan),,🔧,0,Layar Suhu Digital|Other; Kipas Ganda Rak 2U|LAN,,Kipas cerdas pengukur suhu mendeteksi kepanasan mesin server lalu otomatis mempercepat hisapan angin membuang udara mendidih keluar rak kabinet,"Layar Suhu Digital, Kipas Ganda Rak 2U"
648,Kondor Blue Mini Lock Quick Release,Kondor,Sistem Kunci Tripod Instan Lepas (Quick Release),,🔧,0,Sistem Capit Logam Tekan|Other; Pin Penahan Putar|Other,,Gesper sabuk pengaman super mini pengunci erat layar monitor kecil atau mikrofon di bodi kamera yang bisa dilepas pasang hanya memencet satu tuas tombol tanpa memutar baut,"Sistem Capit Logam Tekan, Pin Penahan Putar"
649,Pro Tapes Pro Spike,Pro,Penanda Tape Lantai Panggung (Spike Tape),/images_real/real_0636.jpg,🔧,0,Pita Kertas Warna Neon 0.5 Inci|Other,,Lakban neon kecil warna warni penanda tanda silang X lantai panggung instruksi bisu dimana artis harus berhenti berjalan agar tepat masuk ke area fokus sorotan lampu,Pita Kertas Warna Neon 0.5 Inci
650,Hosa YPP-111 Y-Cable,Hosa,Kabel Pemisah Suara B Stereo,,🔧,0,"1x TRS 1|Audio; 4"" Laki ke 2x TS 1|Other; 4"" Perempuan|Other",,Kabel garpu pencabang satu colokan output audio kiri kanan (stereo) dibelah menjadi dua colokan terpisah kiri murni dan kanan murni masuk ke lubang mixer analog,"1x TRS 1, 4"" Laki ke 2x TS 1, 4"" Perempuan"
651,Swit S-3812S Fast Charger,Swit,Alat Pengatur Tekanan Baterai,,🔧,0,Pelat V-Mount Ganda|Power; LCD Arus Voltase|Other,,Mesin penjahit nyawa baterai kamera raksasa pengisi daya kilat berkecepatan 6 Ampere menghidupkan kembali baterai kosong total menjadi penuh dalam waktu kurang dari dua jam,"Pelat V-Mount Ganda, LCD Arus Voltase"
652,Fujikura One-Click Cleaner,Fujikura,Alat Pembersih Konektor Kaca (Fiber Cleaner),,🔧,0,Alat Suntik Tekan Kering|Other; Tali Pembersih Mikro|Other,,Pena penghapus debu ajaib sekali klik menyeka kotoran tak kasat mata dari ujung pin serat optik penangkal sinyal video macet akibat secercah debu halus,"Alat Suntik Tekan Kering, Tali Pembersih Mikro"
653,Shure A56D Universal Microphone Mount,Shure,Dudukan Mikrofon Drum Jepit (Drum Mic Clip),,🔧,0,Rahang Logam Berlekuk|Other; Ulir Mic 5|Audio; 8|Other,,Klem baja penjepit pinggiran panci snare drum tempat bertengger mic menahan guncangan gempa pukulan drumer tanpa ikut bergetar memantulkan suara bising besi,"Rahang Logam Berlekuk, Ulir Mic 5, 8"
654,Cerevo FlexTally,Cerevo,Kotak Penerjemah Sinyal Tally Kamera Nirkabel,,🔧,0,Unit Penerima Baterai Lampu Merah|Other; Sinyal Wi-Fi|Other,,"Lampu Tally tanpa kabel dipasang di atas kamera bergerak bebas keliling ruangan murni mengambil aba-aba ""sedang tayang"" dari mesin switcher melalui tembakan sinyal wifi","Unit Penerima Baterai Lampu Merah, Sinyal Wi-Fi"
655,Dekoni Audio Elite Sheepskin Earpads,Dekoni,Bantalan Telinga Headphone Kulit Domba,,🔧,0,Busa Memori Inti|Other; Penutup Kulit Asli|Other,,Sepasang donat telinga kulit empuk pengganti busa bawaan pabrik mengisolasi bocoran suara luar sekaligus tak membuat kuping editor berkeringat panas setelah 8 jam editing,"Busa Memori Inti, Penutup Kulit Asli"
656,AJA U-TAP SDI,AJA,Kotak Modul Pemancar Video Komputer,,🔧,0,SDI In|SDI; USB-A 3.0 Out Bus Powered|LAN,,Dongle baja anti peluru perubah gambar kabel BNC menjadi layaknya webcam tertancap di laptop tanpa butuh aliran adaptor colokan listrik PLN eksternal,"SDI In, USB-A 3.0 Out Bus Powered"
657,Tilta 15mm LWS Lens Support,Tilta,Modul Penahan Dudukan Lensa Sinema (Lens Support Bracket),,🔧,0,Tiang Sangga Tengah|Other; Penjepit Batang Rel 15mm|Other,,Tongkat cagak gigi penyangga perut lensa bioskop panjang yang sangat berat menyelamatkan sekrup leher kamera dari retakan patah leher (mount patah) akibat gravitasi,"Tiang Sangga Tengah, Penjepit Batang Rel 15mm"
658,DK-Technologies PT0760M,DK-Technologies,Lampu Indikator Sinyal Audio Digital,,🔧,0,Layar Tampilan Bar Vektor|LAN; AES3 In|Audio,,Meteran pengukur keras volume siaran stasiun TV jarum warna penunjuk level desibel (dB) penjaga ketat agar audio acara tidak meledak (clipping) menyalahi standar undang-undang penyiaran,"Layar Tampilan Bar Vektor, AES3 In"
659,Doughty T55510 Safety Wire,Doughty,Pengaman Jatuh Lampu (Safety Bond),,🔧,0,Kawat Baja Putih Tenunan|Other; Karabiner Baja|Other,,Tali tameng nyawa kedua pengikat kaitan lampu sorot ke pipa atap penjamin lampu panas 30 kilo tidak menimpa kepala penonton saat klem utamanya tiba-tiba hancur rontok,"Kawat Baja Putih Tenunan, Karabiner Baja"
660,Think Tank Photo Pixel Pocket Rocket,Think,Kotak Pelindung Memori Flash (Card Case),,🔧,0,Dompet Kain Nylon Lipat|LAN; Kantong Plastik Transparan|Other,,Tas dompet gantungan kunci penyimpan harta karun 10 keping memori SD Card berjejer rapi melindungi hasil liputan agar tidak tercecer jatuh masuk ke sela sofa saat perjalanan pulang,"Dompet Kain Nylon Lipat, Kantong Plastik Transparan"
661,Anton Bauer 4-Position Battery Belt,Anton,Sabuk Tali Pinggang Baterai Beban (Battery Belt),,🔧,0,Sabuk Kulit|Other; 4x Plat Baterai Gold Mount|Other,,Ikat pinggang taktis pemindah beban 4 batu bata baterai listrik dari pundak kameramen turun ke pinggul menyalurkan energi tahan seharian syuting ke kamera melalui satu kabel perut,"Sabuk Kulit, 4x Plat Baterai Gold Mount"
662,Kabel RP-SMA Male to Female Pigtail,RP-SMA,Kabel Ekstensi Antena WiFi Kamera,,🔧,0,Konektor Ulir Kuningan|Other; Kabel Koaksial Rendah Rugi|Other,,Tali perpanjangan antena pemindah posisi titik siar pemancar sinyal (router/kamera nirkabel) melewati halangan pilar beton panggung mencari titik sinyal bebas hambatan garis lurus,"Konektor Ulir Kuningan, Kabel Koaksial Rendah Rugi"
663,Prism Lens FX Dream Filter,Prism,Lensa Efek Cahaya Cacat (Lens Flare Filter),,🔧,0,Kaca Filter Optik Prisma Ulir|Power,,Kaca bundar pemecah ketajaman steril kamera digital membengkokkan titik lampu menjadi cahaya berpendar buram mirip adegan kilas balik (flashback) pada film romantis,Kaca Filter Optik Prisma Ulir
664,SafCord Velcro Cable Cover,SafCord,Sistem Penutup Kabel Lantai Tipis,,🔧,0,Karpet Nilon Kasar|Other; Tepi Lem Velcro|Other,,Karpet jalan penyembunyi kabel merayap merekat kuat bagai lem di atas karpet lantai hotel tanpa isolasi gaffer tape (tidak merusak karpet hotel saat dicabut panitia),"Karpet Nilon Kasar, Tepi Lem Velcro"
665,Radial ProAV2,Radial,Kotak Penyesuai Sinyal Audio Komputer,,🔧,0,"RCA|Audio; 3.5mm|Audio; 1|Other; 4"" In|Other; 2x XLR Out Stereo Pasif|Audio",,Kotak Swiss Army pisau lipat audio penerima segala jenis colokan musik HP dan Laptop yang loyo dan mendengung dirubah menjadi colokan XLR bersih siap masuk ke mixer panggung,"RCA, 3.5mm, 1, 4"" In, 2x XLR Out Stereo Pasif"
666,Noctua NF-A14 PWM,Noctua,Sistem Pembuangan Angin Panas PC (PC Exhaust),,🔧,0,Kipas Pendingin 140mm|LAN; Bantalan Karet Anti Getar|LAN,,Baling baling pesawat pendingin radiator PC penyiaran berputar sangat kencang meredakan suhu mesin namun sangat hening tanpa bising deru angin masuk ke mic kondensor studio,"Kipas Pendingin 140mm, Bantalan Karet Anti Getar"
667,Setwear Combo Tool Belt,Setwear,Sabuk Gantungan Bor Panggung (Tool Belt),,🔧,0,Kain Cordura Tahan Lama|Other; Kantung Paku dan Obeng|Other,,Sabuk tukang bangunan pelindung paha teknisi lampu menyimpan lakban obeng pengupas kabel sarung tangan tanpa harus turun naik tangga berulang kali mengambil alat jatuh,"Kain Cordura Tahan Lama, Kantung Paku dan Obeng"
668,Canare L-2.5CHD,Canare,Kabel Video BNC Fleksibel Tipis (Slim BNC),,🔧,0,Konektor BNC Krimp|Other; Kabel Tembaga Miniatur|Other,,Tali video HD-SDI bertubuh sangat langsing seperti lidi lentur ditelusupkan rapi berkelok di sempitnya sasis besi pelindung kamera gimbal stabilisator tanpa menyangkut putaran motor mesin,"Konektor BNC Krimp, Kabel Tembaga Miniatur"
669,Rycote Mini Windjammer,Rycote,Busa Anti Angin Mikrofon (Wind Muff),,🔧,0,Bulu Tiruan Abu-abu Sintetis|Other; Karet Elastis|Other,,Tupai bulu sarung kepala mic kamera mirrorless pemecah hembusan angin laut sehingga suara ngevlog di pinggir pantai tidak terdengar suara gemuruh mendem,"Bulu Tiruan Abu-abu Sintetis, Karet Elastis"
670,Lumina Networks SDN Controller,Lumina,Sistem Kontrol Jaringan IT Siaran,,🔧,0,Perangkat Lunak Pengatur|Other; GUI Dashboard|Other,,Otak polisi lalu lintas pengatur aliran data internet pembagi jalan prioritas utama anti macet khusus untuk paket video NDI (Quality of Service) agar sinyal tidak nge-lag gara gara ada kru yang mendownload file,"Perangkat Lunak Pengatur, GUI Dashboard"
671,Kupo 115-inch Master C-Stand,Kupo,Tripod Lampu Berbahan Baja Tahan Karat,,🔧,0,Baja Krom Tahan Karat|Other; Ulir Rem Cakram Kuat|Other,,Kaki tiga tiang cahaya perak penyangga sejati panggung (standar hollywood) seberat tank menahan tiupan angin padang pasir tanpa goyah dan tak berkarat diguyur hujan asam,"Baja Krom Tahan Karat, Ulir Rem Cakram Kuat"
672,Prompter People ProLine Plus 19,Prompter,Layar Teleprompter Khusus Tampilan Jauh,/images_real/real_0657.jpg,🔧,0,Kaca Pembagi Berengsel|Power; Monitor Kecerahan Tinggi 1000 Nits|Other,,Mesin pembaca naskah kaca cermin gajah berukuran 19 inci memampukan presiden membaca teks pidato kenegaraan tanpa kacamata dari kejauhan jarak 7 meter,"Kaca Pembagi Berengsel, Monitor Kecerahan Tinggi 1000 Nits"
673,Dan Dugan Automixer Plugin,Dan,Perangkat Lunak Pengendali Volume Suara Otomatis,,🔧,0,Perangkat Lunak Prosesor|Other; Format VST|Other; AU|Other,,Robot ajaib pengatur volume 10 narasumber talkshow otomatis menarik turunkan fader mixer tanpa tangan manusia (jika satu orang bicara mic yang lain otomatis mengecil menghindari gema ruangan),"Perangkat Lunak Prosesor, Format VST, AU"
674,Pro Tapes Pro Gaffer Tape,Pro,Lakban Khusus Panggung (Gaffer),/images_real/real_0659.jpg,🔧,0,Kain Kapas Tahan Panas|Other; Lem Karet Sintetis|Other,,Lakban hitam legendaris pengikat kabel tebal ke lantai beton panggung yang merekat sangat kuat namun bisa dikelupas bersih tanpa meninggalkan sisa lem lengket sedikitpun,"Kain Kapas Tahan Panas, Lem Karet Sintetis"
675,RF Venue DISTRO4,RF,Distributor Sinyal Antena Radio,,🔧,0,BNC In Ganda|Other; 4x BNC Out|Other; Power DC Out|LAN,,Pembagi sinyal radio menyedot tangkapan dari sepasang antena sirip hiu dan mendistribusikannya merata ke empat receiver mic nirkabel tanpa ada penurunan kualitas sinyal,"BNC In Ganda, 4x BNC Out, Power DC Out"
676,Behringer MicroMON MA400,Behringer,Kotak Penyesuai Sinyal Headphone,,🔧,0,XLR In Out|Audio; 1|Other; 4 Inci Headphone Out|Other,,Penguat suara telinga mungil yang memungkinkan drumer mendengarkan gabungan suara klik metronom dari laptop dan suara mic vokalis secara bersamaan dalam satu earphone,"XLR In Out, 1, 4 Inci Headphone Out"
677,BirdDog Studio NDI,BirdDog,Konverter Video Jaringan (NDI),,🔧,0,SDI In Out|SDI; HDMI In Out|HDMI; RJ45 PoE|LAN,,Kotak baja pengubah kamera siaran konvensional menjadi sumber video internet (NDI) yang bisa ditarik oleh komputer vMix mana saja di seluruh gedung hanya dengan mencolok kabel LAN,"SDI In Out, HDMI In Out, RJ45 PoE"
678,Peak Design Slide Lite,Peak,Sistem Tali Pengaman Kamera Terjun,/images_real/real_0661.jpg,🔧,0,Jangkar Kevlar Lepas Cepat|Other; Gesper Logam|Other,,Tali leher kamera silang dada berdesain sabuk pengaman mobil yang bisa dipanjangkan atau dipendekkan dalam satu tarikan jari saat fotografer berlari mengejar momen,"Jangkar Kevlar Lepas Cepat, Gesper Logam"
679,Kinotehnik LCDVF,Kinotehnik,Kaca Pembesar Layar Monitor Lapangan,,🔧,0,Bingkai Magnetik Layar|Other; Lensa Optik Karet Telinga|Other,,Bantalan mata karet penutup layar LCD kamera DSLR mengubah layar kecil menjadi jendela bidik raksasa yang bebas silau matahari saat syuting film dokumenter di siang bolong,"Bingkai Magnetik Layar, Lensa Optik Karet Telinga"
680,Blackmagic DaVinci Resolve Speed Editor,Blackmagic,Papan Tombol Pintar Pemotong Video,,🔧,0,USB-C|USB; Konektivitas Bluetooth Internal|Wireless,,Papan ketik khusus editor warna berhiaskan roda putar besi raksasa pencari titik potong video secara presisi frame-per-frame tanpa perlu menyentuh mouse komputer,"USB-C, Konektivitas Bluetooth Internal"
681,LumenRadio CRMX Nova,LumenRadio,Pengontrol Cahaya LED Jarak Jauh,,🔧,0,DMX 5-Pin In Out|Other; Antena Radio Taktis|Other,,Pemancar data tata cahaya nirkabel menembus tembok beton mengirimkan perintah pergantian warna lampu dari meja operator ke lampu sorot yang dipasang di atas gedung seberang,"DMX 5-Pin In Out, Antena Radio Taktis"
682,RTS ODIN Digital Intercom,RTS,Sistem Komunikasi Interkom Matrix,,🔧,0,RJ45 OMNEO Dante|LAN; Analog 2-Wire 4-Wire|Other,,Otak sentral komunikasi stasiun televisi tempat sutradara bisa memilih berbicara secara pribadi hanya ke kameramen 1 atau berteriak ke seluruh kru lantai panggung secara serentak,"RJ45 OMNEO Dante, Analog 2-Wire 4-Wire"
683,Manfrotto 114MV Tripod Dolly,Manfrotto,Alas Dudukan Beroda Kaki Tripod,,🔧,0,3x Roda Rem Individu|LAN; Pengunci Kaki Karet|Other,,Segitiga beroda pengubah tripod statis kaku menjadi mesin peluncur memuluskan pergerakan geser kamera mendekati subjek di atas lantai studio yang rata,"3x Roda Rem Individu, Pengunci Kaki Karet"
684,CalDigit TS4 Thunderbolt 4 Dock,CalDigit,Pengganda Port USB Komputer PC,,🔧,0,Thunderbolt 4 In|USB; 18x Port Ekspansi (USB|LAN; LAN|LAN; SD)|Other,,Terminal stasiun pelabuhan pembelah satu colokan laptop menjadi 18 jalur koneksi berkecepatan dewa penyuplai daya ke layar 8K dan hardisk SSD sekaligus,"Thunderbolt 4 In, 18x Port Ekspansi (USB, LAN, SD)"
685,PortaBrace Rain Slicker,PortaBrace,Kain Pelindung Hujan Anti Suara,,🔧,0,Kain Nilon Tahan Air|Other; Jendela Plastik Mika Bening|Other,,Jas hujan kamera tebal berinsulasi yang bukan hanya menolak air badai tapi juga meredam suara rintik hujan agar tidak bocor masuk ke dalam rekaman mikrofon senapan,"Kain Nilon Tahan Air, Jendela Plastik Mika Bening"
686,Teradek Bolt 4K LT 750,Teradek,Pemancar Video Tanpa Kompresi,,🔧,0,SDI In Out|SDI; HDMI|HDMI; Antena Pengarah|Other,,Tukang pos pengantar gambar resolusi tinggi memancarkan video dari kamera berlari ke monitor sutradara sejauh 200 meter tanpa delay sepersekian detik pun,"SDI In Out, HDMI, Antena Pengarah"
687,SmallRig Half Cage for Sony,SmallRig,Sistem Tumpukan Kotak Kamera (Rigging),,🔧,0,Kerangka Logam Aluminium|Other; Lubang Ulir 1|Other; 4 3|Other; 8|Other,,Baju zirah separuh badan penahan benturan kamera mirrorless penyedia puluhan lubang sekrup kosong tempat menancapkan mikrofon lampu dan layar monitor tambahan,"Kerangka Logam Aluminium, Lubang Ulir 1, 4 3, 8"
688,X-Rite i1Display Pro,X-Rite,Alat Pembaca Warna Monitor (Colorimeter),,🔧,0,Sensor Lensa Optik USB|USB; Perangkat Lunak Kalibrasi|Other,,Mata robot penempel layar pengukur kecerahan dan akurasi warna RGB mengoreksi warna monitor desainer grafis agar hasil cetakan poster persis sama dengan yang di layar,"Sensor Lensa Optik USB, Perangkat Lunak Kalibrasi"
689,ARRI Junior 650 Plus,ARRI,Lampu Sorot Fresnell Tungsten,,🔧,0,Kabel Listrik Daya Tinggi|Power; Lensa Kaca Fresnel|Power,,Lampu bohlam kuning panas klasik industri film pencipta bayangan paling tajam dan warna kulit paling natural yang tak bisa ditiru sempurna oleh lampu LED modern,"Kabel Listrik Daya Tinggi, Lensa Kaca Fresnel"
690,Asus ROG Rapture GT-AX11000,Asus,Antena Router Pemancar Internet Jauh,/images_real/real_0671.jpg,🔧,0,8x Antena Wi-Fi 6|Other; Port LAN 2.5G|LAN,,Router laba laba raksasa penembak sinyal internet tiga pita (Tri-Band) penguasa jaringan nirkabel menolak lag patah patah walau 20 HP kru terkoneksi bersamaan,"8x Antena Wi-Fi 6, Port LAN 2.5G"
691,Rode PSA1+ Pro Studio Arm,Rode,Penyangga Mikrofon Podcaster Lentur,,🔧,0,Engsel Pegas Internal|Other; Penjepit Meja Putar|Other,,Lengan robotik meja mikrofon penyiar radio yang pegasnya bersembunyi di dalam selongsong besi bergerak naik turun tanpa mengeluarkan suara decit per perabotan lawas,"Engsel Pegas Internal, Penjepit Meja Putar"
692,Furman M-8x2 Power Conditioner,Furman,Alat Pengatur Tegangan Listrik (Stabilizer),,🔧,0,9x Colokan Listrik AC|Power; Pemutus Sirkuit Otomatis|Other,,Gawang penjaga gawang listrik menyaring arus kotor PLN panggung menyuapi listrik murni tanpa desis ke mesin audio mahal dan memutus arus jika ada petir menyambar,"9x Colokan Listrik AC, Pemutus Sirkuit Otomatis"
693,Century Optics .3X Ultra Fisheye,Century,Konverter Lensa Lebar (Wide Angle Adapter),,🔧,0,Dudukan Ulir Lensa Depan Kamera|Other,,Kaca cembung raksasa tempelan depan lensa pengubah pandangan standar menjadi mata ikan ekstrim penangkap seluruh ruangan sempit cocok untuk liputan olahraga ekstrem,Dudukan Ulir Lensa Depan Kamera
694,Sound Devices MixPre-6 II,Sound,Alat Perekam Suara Lapangan Portabel,/images_real/real_0248.jpg,🔧,0,4x XLR Input Preamplifier 32-Bit Float|Audio; USB-C|USB,,Mesin perekam suara tak tertembus cacat berfitur teknologi 32-bit yang mustahil suaranya pecah (clipping) walau sang aktor tiba tiba berteriak sekencang mungkin di depan mic,"4x XLR Input Preamplifier 32-Bit Float, USB-C"
695,Mogami Gold ADAT Lightpipe,Mogami,Kabel Serat Optik Audio Digital,,🔧,0,Konektor Optik TOSLINK|Other; Serat Kaca Polimer|LAN,,Tali penghantar cahaya laser pembawa 8 saluran audio digital murni menyeberang antar dua mesin soundcard tanpa ada risiko dengung arus listrik tanah (ground loop),"Konektor Optik TOSLINK, Serat Kaca Polimer"
696,Boss DB-90 Dr. Beat Metronome,Boss,Penghitung Ketukan Musik Panggung,/images_real/real_0675.jpg,🔧,0,Layar LCD|Other; Speaker Internal|Other; Jack Headphone|Audio,,Mesin detak jantung pemandu tempo pemain drum panggung memiliki suara manusia penghitung ketukan memastikan tempo lagu live tidak melambat atau mempercepat tak terkendali,"Layar LCD, Speaker Internal, Jack Headphone"
697,Lilliput Q15 15.6 Inch,Lilliput,Layar Sentuh Multiview Pengarah Siaran,,🔧,0,12G-SDI|SDI; HDMI 2.0 In Out|HDMI; Layar Sentuh Tally|Other,,Televisi koper logam asisten produser menampilkan 4 sudut pandang kamera sekaligus di lapangan lengkap dengan indikator garis aman potong gambar (safe area) standar stasiun TV,"12G-SDI, HDMI 2.0 In Out, Layar Sentuh Tally"
698,Radial J48 Active Direct Box,Radial,Kotak Penurun Sinyal Bass (DI Box Khusus),,🔧,0,1|Other; 4 Inci Input|Other; XLR Out|Audio; 48V Phantom Power|Audio,,Penerjemah handal pengubah sinyal gitar akustik lemah berisik ditenagai listrik hantu (phantom) didorong menjadi sinyal XLR kelas berat melintasi 50 meter kabel panggung tanpa cacat,"1, 4 Inci Input, XLR Out, 48V Phantom Power"
699,Joby GorillaPod 5K Kit,Joby,Tripod Mini Kaki Gurita (Gorillapod),,🔧,0,Kaki Sendi Bola Fleksibel|LAN; Kepala Ballhead Arca|Audio,,Kaki penyangga kamera bunglon bisa dililitkan kuat memeluk dahan pohon atau tiang rambu lalu lintas menahan beban kamera 5 kilogram dengan stabil,"Kaki Sendi Bola Fleksibel, Kepala Ballhead Arca"
700,LaCie Rugged SSD Pro,LaCie,Kotak Pelindung Hardisk Tahan Banting,/images_real/real_0678.jpg,🔧,0,Koneksi Thunderbolt 3 USB-C|USB; Cangkang Karet Oranye|Other,,Brankas penyimpanan data video tahan dilindas ban mobil tahan guyuran air hujan menyedot pindahan file 100 GigaByte hanya dalam waktu beberapa detik,"Koneksi Thunderbolt 3 USB-C, Cangkang Karet Oranye"
701,Genelec 8030C,Genelec,Pengeras Suara Monitor Meja (Studio Monitor),,🔧,0,Input XLR Analog|Audio; Cangkang Aluminium Cor|Other,,Sepasang speaker kejujuran absolut pembongkar aib rekaman mengabarkan kepada editor jika ada suara noise kipas angin kecil yang bocor masuk ke hasil rekaman wawancara,"Input XLR Analog, Cangkang Aluminium Cor"
702,ARRI SkyPanel S60-C,ARRI,Lampu Tembak Langit (Sky Panel),,🔧,0,Panel LED RGBW|Other; Port DMX|LAN; Input Daya PowerCON|LAN,,Jendela cahaya buatan raksasa peniru cahaya langit mendung siang hari meratakan pencahayaan lembut ke seluruh ruangan studio berita televisi tanpa menyilaukan mata presenter,"Panel LED RGBW, Port DMX, Input Daya PowerCON"
703,Antari F-2R Phaser,Antari,Mesin Asap Ringan Penghias Cahaya (Hazer),,🔧,0,Tangki Cairan Hazer|Other; Port DMX|LAN; Layar Kontrol|Other,,Penyembur kabut tipis tak berbau penyebar garis sinar laser panggung (beam) agar terlihat padat di udara tanpa membuat penyanyi batuk atau mengaburkan pandangan kamera,"Tangki Cairan Hazer, Port DMX, Layar Kontrol"
704,Caig Labs DeoxIT Audio Video Survival Kit,Caig,Alat Pembersih Konektor Audio (Swab),,🔧,0,Kapas Lidi Khusus|Other; Cairan Pembersih Kontak Listrik|Power,,Kotak P3K bengkel audio berisi cairan ajaib pengupas karat hijau pada colokan mic usang mengembalikan suara jernih bebas suara berderak,"Kapas Lidi Khusus, Cairan Pembersih Kontak Listrik"
705,Swit DC-DC Converter Cable,Swit,Modul Penurun Tensi Tegangan Listrik,,🔧,0,D-Tap Baterai Besar|Other; Jack DC Barel Kamera|Audio,,Kabel pintar penjinak arus menurunkan tenaga 14 volt baterai V-Mount raksasa menjadi 8 volt aman untuk dihirup kamera mirrorless tanpa membakar motherboard internalnya,"D-Tap Baterai Besar, Jack DC Barel Kamera"
706,PortaBrace BOOM-2,PortaBrace,Sabuk Beban Pembawa Tiang Mic (Boom Pole Belt),,🔧,0,Sabuk Pinggang Nilon|Other; Cangkang Kulit Pemegang Bawah|Other,,Kantung penopang ujung tongkat mikrofon di area pinggang memindahkan beban belasan kilogram dari pundak ke kaki membebaskan asisten audio dari siksaan pegal berjam-jam,"Sabuk Pinggang Nilon, Cangkang Kulit Pemegang Bawah"
707,Kensington MicroSaver 2.0,Kensington,Tali Baja Pelindung Monitor TV,,🔧,0,Kabel Baja Anyaman|Other; Kunci Silinder Rahasia|Other,,Gembok tali kawat pelindung anti maling mengikat layar presentasi mahal di area lobi umum ke pilar beton mencegahnya dibawa lari orang tak bertanggung jawab,"Kabel Baja Anyaman, Kunci Silinder Rahasia"
708,Audinate AVIO Dante Analog Output,Audinate,Pemancar Sinyal Audio Jaringan Tembok,,🔧,0,RJ45 PoE|LAN; 2x XLR Male Output L|Audio; R|Other,,Ujung tombak ajaib penarik suara internet Dante langsung dari kabel LAN dirubah menjadi colokan suara murni menuju speaker analog di ruangan rapat lantai berbeda,"RJ45 PoE, 2x XLR Male Output L, R"
709,Magewell USB Capture HDMI Gen 2,Magewell,Pengganda Antarmuka HDMI Komputer,,🔧,0,HDMI In|HDMI; USB 3.0 Out Plug and Play|USB,,Dongle baja penyedot murni tampilan layar kamera atau konsol game masuk ke dalam laptop Windows tanpa perlu instalasi driver atau aplikasi pabrik yang merepotkan,"HDMI In, USB 3.0 Out Plug and Play"
710,Tether Tools JerkStopper Camera Support,Tether,Pengunci Kabel Bawah Kamera,,🔧,0,Gelang Karet Perekat Bodi|LAN; Kaitan Pengunci Kabel Tarik|Other,,Penjaga nyawa port USB kamera mengikat kencang kabel yang terjulur ke komputer mengurangi ketegangan colokan agar tidak rusak jika kabel tak sengaja terinjak asisten,"Gelang Karet Perekat Bodi, Kaitan Pengunci Kabel Tarik"
711,Thermaltake Massive 20 RGB,Thermaltake,Bantalan Pendingin Laptop Render (Cooling Pad),,🔧,0,Kipas Angin Raksasa 200mm|LAN; Jaring Besi Penahan Dudukan|Other,,Tatakan landasan pacu peniup es angin dari bawah perut laptop gaming menyelamatkan performa prosesor agar tidak melambat (throttling) saat me-render video streaming 8K,"Kipas Angin Raksasa 200mm, Jaring Besi Penahan Dudukan"
712,Sekonic C-800 Spectromaster,Sekonic,Pengukur Suhu Warna Cahaya (Color Meter),,🔧,0,Sensor Spektrometer Lensa|Other; Layar Sentuh Berwarna|Other,,Mata dewa pendeteksi gelombang cahaya menganalisis lampu jalan raya untuk memberi tahu videografer kode filter warna apa yang harus dipasang agar kulit wajah talent tidak terlihat hijau,"Sensor Spektrometer Lensa, Layar Sentuh Berwarna"
713,Shure Microflex Advance MXA310,Shure,Sistem Mikrofon Meja Konferensi,,🔧,0,Bentuk Piringan Meja|Other; Koneksi Jaringan Dante PoE|LAN,,Mikrofon pipih cerdas pembagi meja bulat menjadi 4 area fokus suara menyaring bising kertas dibalik dan hanya menangkap suara bibir direksi rapat yang sedang berbicara,"Bentuk Piringan Meja, Koneksi Jaringan Dante PoE"
714,Ubiquiti SFP+ 10G Transceiver,Ubiquiti,Modul Pemanjang Kabel Fiber Optik (SFP),,🔧,0,Slot SFP+ Switch Router|Other; Konektor Fiber LC Ganda|Other,,Kapsul laser mungil dicolok ke sakelar jaringan (switch) mengubah sinyal internet kabel LAN tembaga menjadi tembakan cahaya yang mampu melesat 10 kilometer tanpa hilang data,"Slot SFP+ Switch Router, Konektor Fiber LC Ganda"
715,Hercules GS525B 5-Piece Guitar Rack,Hercules,Rak Dudukan Multi Gitar Panggung,,🔧,0,Rangka Pipa Baja Lipat|LAN; Bantalan Busa Karet Khusus|LAN,,Kandang penyimpanan 5 gitar bass dan akustik berjajar rapi di belakang panggung melindungi instrumen senilai ratusan juta dari resiko tersenggol kru lari dan jatuh patah leher,"Rangka Pipa Baja Lipat, Bantalan Busa Karet Khusus"
716,Atomos Screen Protector for Ninja V,Atomos,Pelindung Layar Monitor Tahan Gores,,🔧,0,Kaca Tempered Glass 9H|Power; Perekat Silikon Bening|Other,,Perisai kaca lapis baja menempel pas di layar sentuh perekam monitor menahan goresan kuku tajam editor atau benturan ujung kabel besi saat dibereskan ke dalam tas,"Kaca Tempered Glass 9H, Perekat Silikon Bening"
717,Shure PSM 300 P3R Bodypack,Shure,Penerima Audio Pemantau Telinga Nirkabel,,🔧,0,Antena Fleksibel|Other; Colokan Headphone 3.5mm|Audio; Baterai AA|Other,,Radio pinggang penerima komando musik dari meja mixer menyuapkannya langsung ke telinga sang vokalis memungkinkan ia berlarian di tengah penonton tanpa kehilangan ketukan nada,"Antena Fleksibel, Colokan Headphone 3.5mm, Baterai AA"
718,Loupedeck CT Custom Console,Loupedeck,Pengatur Cahaya Layar Bawah Meja (Loupedeck),,🔧,0,USB-C|USB; Layar Sentuh Dinamis|Other; Kenop Tombol Putar|Other,,Meja kendali alien masa depan berhiaskan layar sentuh di setiap tombolnya merubah fungsi seketika mengikuti aplikasi yang dibuka (dari edit video ke edit foto ke kontrol suara streaming),"USB-C, Layar Sentuh Dinamis, Kenop Tombol Putar"
719,Kabel Hosa Pro Stereo Breakout,Hosa,Kabel Penghubung Audio TRS ke XLR,,🔧,0,3.5mm TRS Laki|Audio; Dua XLR Laki Kiri Kanan|Audio,,Tali pemecah jalur suara kabel HP kecil bercabang dua menjadi konektor besar masuk aman membawa lagu intro dari handphone panitia acara ke dalam sistem tata suara gedung,"3.5mm TRS Laki, Dua XLR Laki Kiri Kanan"
720,Pony Jorgensen 2 Inci Spring Clamp,Pony,Klem Jepit Pegas Jepitan Kertas (A-Clamp),,🔧,0,Rahang Baja Pegas|Other; Lapisan Pelindung Karet Oranye|Other,,Capit buaya penjepit serbaguna penolong utama kru tata cahaya (menjepit gel warna ke lampu menjepit kabel menjuntai ke tiang menjepit ujung layar hijau yang tertiup angin),"Rahang Baja Pegas, Lapisan Pelindung Karet Oranye"
721,Azden SMX-15 Shock Mount,Azden,Sistem Suspensi Karet Mikrofon Shotgun,,🔧,0,Dudukan Sepatu Kamera|Other; Gelang Karet Peredam Getar|LAN,,Tali ayunan pemutus getaran peredam hentakan guncangan langkah kaki kameramen agar bunyi gedebuk berat tidak merambat masuk mengotori kejernihan suara mic senapan di atas kamera,"Dudukan Sepatu Kamera, Gelang Karet Peredam Getar"
722,Kondor Blue D-Tap to NP-FZ100,Kondor,Terminal Baterai Tiruan Kamera (Dummy Battery),,🔧,0,Konektor Baterai Tiruan Sony|Other; Kabel Spiral Lentur D-Tap|Other,,Penipu sistem daya kamera sebongkah plastik berbentuk baterai namun berekor kabel yang menarik sumber listrik abadi dari baterai panggul besar agar syuting tak henti ganti baterai,"Konektor Baterai Tiruan Sony, Kabel Spiral Lentur D-Tap"
723,Blackmagic Design Mini Converter Heavy Duty,Blackmagic,Penstabil Tegangan Listrik Kamera (Voltage Regulator),,🔧,0,Bodi Logam Paduan Pesawat|Other; Sirkuit Anti Korsleting|Other,,Otak pengubah gambar tangguh anti pecah dilindas tank yang memfilter aliran listrik buruk di lapangan mencegahnya merusak komponen sensor video saat disambung ke aki mobil balap,"Bodi Logam Paduan Pesawat, Sirkuit Anti Korsleting"
724,PocketWizard Plus IIIe,PocketWizard,Kotak Sinkronisasi Flash Kamera Multi,,🔧,0,Transceiver Radio 32 Saluran|Other; Colokan Hot Shoe|Other,,Pemancar sinyal radio sakti penyatu komando (memencet satu tombol rana di satu kamera utama akan memicu 4 kamera di sudut stadion lain memotret bersamaan di detik yang sama persis),"Transceiver Radio 32 Saluran, Colokan Hot Shoe"
725,Zeiss Lens Cleaning Wipes,Zeiss,Pembersih Lensa Kacamata Kamera Cair,/images_real/real_0701.jpg,🔧,0,Kertas Tisu Basah Serat Halus|Other; Alkohol Murni Mudah Menguap|Other,,Bungkusan tisu basah pemusnah noda sidik jari berminyak di depan kaca lensa layar sentuh HP dan kacamata Host yang langsung kering di udara tanpa meninggalkan jejak air,"Kertas Tisu Basah Serat Halus, Alkohol Murni Mudah Menguap"
726,Kramer VP-440H2,Kramer,Alat Pemutar Video Iklan Seamless,,🔧,0,4x HDMI In|HDMI; 1x HDBaseT|Other; Skaler Video Internal|Other,,Mesin pengubah ukuran resolusi gambar memaksa sinyal laptop jadul resolusi aneh menjadi tayangan kotak 4K rapi memotong peralihan antar slide bersih tanpa kedipan hitam di proyektor,"4x HDMI In, 1x HDBaseT, Skaler Video Internal"
727,Coowoo Lens Heater,Coowoo,Sabuk Pemanas Penghalau Embun Lensa,,🔧,0,Sabuk Kain Panas Velcro|Other; Kabel Power USB-A|LAN,,Syal leher elektrik penghangat lensa memeluk kaca mencegah timbulnya kabut embun air (fogging) saat merekam pergerakan bintang timelapse di malam gunung bersalju yang membeku,"Sabuk Kain Panas Velcro, Kabel Power USB-A"
728,Rode Blimp Windshield System,Rode,Penyaring Suara Bising Angin Kencang (Deadcat),,🔧,0,Keranjang Zeplin Plastik|Other; Pistol Pegangan Mic XLR|Audio,,Kapsul torpedo raksasa pengurung mikrofon di dalam sangkar udara hampa pelumpuh suara badai helikopter agar dialog aktor di landasan pacu pesawat tetap terdengar jelas jernih,"Keranjang Zeplin Plastik, Pistol Pegangan Mic XLR"
729,SmallRig Swivel and Tilt Monitor Mount,SmallRig,Modul Ekstensi Lengan Penahan Monitor,,🔧,0,Dudukan Hot Shoe Berengsel|Other; Baut Kencang Kunci L|Other,,Sendi leher baja pelipat layar monitor kamera ke atas bawah kiri kanan sangat keras menjaga layar tidak merunduk tertunduk lemas akibat beratnya meski terguncang lari,"Dudukan Hot Shoe Berengsel, Baut Kencang Kunci L"
730,StarTech 1U Horizontal Cable Manager,StarTech,Rak Manajemen Kabel Komputer Jaringan,,🔧,0,Besi Penutup Sikat Sisir|Other; Rak Kabinet 19 Inci|Other,,Papan besi penutup lubang rak server berhiaskan bulu sikat pintu keluar masuk kabel LAN dari dalam mesin tampak rapi teratur keluar terhindar dari lilitan benang kusut,"Besi Penutup Sikat Sisir, Rak Kabinet 19 Inci"
731,Roc-N-Soc Nitro Throne,Roc-N-Soc,Bantalan Kursi Drummer Ergonomis,,🔧,0,Kursi Sadel Hidrolik Shock Absorber|Other; Kaki Logam|Other,,Tahta kursi singgasana raja penggebuk drum memiliki pegas gas penyerap pantulan memanjakan tulang ekor dari cedera pegal syuting manggung 5 jam tanpa henti,"Kursi Sadel Hidrolik Shock Absorber, Kaki Logam"
732,ADJ Mister Kool II,ADJ,Mesin Penyebar Asap Berat (Low Fogger),/images_real/real_0707.jpg,🔧,0,Pendingin Es Batu|LAN; Cairan Asap Standar|Other; DMX|Other,,Pembuat ilusi awan surga mencampur asap panas dengan es batu sungguhan mendinginkannya agar merayap di lantai panggung tak mau terbang ke atas menutupi wajah penari,"Pendingin Es Batu, Cairan Asap Standar, DMX"
733,Elgato Game Capture HD60 X,Elgato,Kotak Perekam Video Layar Game Ringan,,🔧,0,HDMI In Out Passthrough|HDMI; USB-C|USB; VRR Support|LAN,,Perangkap gambar penengah layar konsol game dan TV menguras gambar mentah pertandingan dikirim ke laptop penyiar tanpa mengorbankan kecepatan respon layar gamer sesedikitpun,"HDMI In Out Passthrough, USB-C, VRR Support"
734,DataVideo ITC-100 Intercom System,DataVideo,Sistem Peringatan Tally Jarak Jauh Nirkabel,,🔧,0,Base Station Rak Bawah|Other; 4x Sabuk Interkom Berlampu Merah Tally|Other,,Pusat koordinasi merangkap pengirim sinyal lampu merah (On Air) kabel menjalar panjang menempel di atas lensa kamera jadul agar fotografer tahu giliran dia yang direkam,"Base Station Rak Bawah, 4x Sabuk Interkom Berlampu Merah Tally"
735,Sprig Cable Management Plugs,Sprig,Sabuk Pengikat Baterai Rak Cepat,,🔧,0,Kait Karet Baut Pengunci 1|Other; 4 Inci Kamera|Other,,Baut karet penancap lubang sekrup kosong di bodi kamera untuk menjepit kabel layar yang menjuntai dalam hitungan detik tanpa obeng penyelamat visual estetika kerapian rig kamera,"Kait Karet Baut Pengunci 1, 4 Inci Kamera"
736,Audient Nero,Audient,Pengontrol Volume Speaker Analog (Monitor Controller),,🔧,0,4x Input Analog|Other; 3x Output Speaker Kiri Kanan Stereo|Other,,Pusat komando tata suara ruang edit pengalih cepat uji coba antara speaker utama besar speaker kecil jelek atau earphone mengecek apakah suara podcast terdengar bagus di semua alat,"4x Input Analog, 3x Output Speaker Kiri Kanan Stereo"
737,ISP Technologies Decimator II,ISP,Filter Pembersih Listrik Gitar (Noise Gate),,🔧,0,Pedal Injak Gitar|Other; Colokan 1|Other; 4 Inci Input Output|Other,,Gerbang palang pintu suara penjegal desis bising kabel panjang otomatis mematikan total jalur suara saat gitaris berhenti memetik senar menciptakan kesunyian panggung yang gelap murni,"Pedal Injak Gitar, Colokan 1, 4 Inci Input Output"
738,Linebacker 3-Channel Cable Protector,Linebacker,Pembungkus Kabel Tahan Lindasan Kendaraan,,🔧,0,Parit Karet Pelindung Kuning Hitam|Other; Sambungan Silang Kunci|LAN,,Baja karet pelindung arteri kabel listrik dan fiber optik acara dari gilasan traktor dan bus artis berbobot 10 ton di tanah berdebu tanpa menghentikan arus pertunjukan siaran langsung,"Parit Karet Pelindung Kuning Hitam, Sambungan Silang Kunci"
739,Neutrik NC5FXX 5-Pin XLR,Neutrik,Konektor Soket Sinyal DMX Lampu Panggung,,🔧,0,Konektor Perempuan 5 Pin Baja|Other; Kulit Perak|Other,,Ujung tombak penyambung jalur komunikasi data lampu DMX (memiliki 5 lubang pin mencegah teknisi salah mencoloknya ke jalur suara mikrofon 3 pin yang berakibat fatal terbakar mesin),"Konektor Perempuan 5 Pin Baja, Kulit Perak"
740,Sigma TS-111 Tripod Socket,Sigma,Adaptor Dudukan Tripod Lensa Panjang (Tripod Collar),,🔧,0,Cincin Pelat Arca Swiss Logam Cor Terintegrasi|Audio,,Kerah besi pencekik perut lensa tele jarak jauh yang sangat berat (memindahkan titik beban utama sekrup tripod dari pantat kamera ke titik tengah lensa meminimalisir getaran angin),Cincin Pelat Arca Swiss Logam Cor Terintegrasi
741,Klein Tools Scout Pro 3,Klein,Penguji Sinyal Kabel LAN Jaringan,/images_real/real_0269.jpg,🔧,0,Layar LCD Hitam Putih Digital|Other; Colokan Uji Remote RJ45|LAN,,Dokter pemeriksa urat nadi kabel internet merutekan kesalahan pasang kabel warna warni mengetahui jika ada pin terpotong di jarak 30 meter di dalam dinding studio beton,"Layar LCD Hitam Putih Digital, Colokan Uji Remote RJ45"
742,Barco ClickShare CX-30,Barco,Pemancar Sinyal Presentasi Tanpa Kabel,,🔧,0,Tombol Dongle USB-C Eksternal|USB; Base Station Layar TV|Other,,Kancing ajaib penyambung laptop narasumber dadakan ke layar proyektor raksasa dan sound system gedung secara nirkabel hanya dengan mencolok lalu memencet satu tombol bulat,"Tombol Dongle USB-C Eksternal, Base Station Layar TV"
743,Savage Port-A-Stand,Savage,Tiang Teleskopik Latar Belakang Fotografi,/images_real/real_0717.jpg,🔧,0,Dua Kaki Tiang Tripod Hitam|LAN; Palang Besi Mistar Tarik|LAN,,Gawang portal lipat penyangga kain latar hijau (green screen) selebar 3 meter penopang berat tanpa melengkung di tengah yang bisa dibongkar pasang ringkas masuk bagasi sedan,"Dua Kaki Tiang Tripod Hitam, Palang Besi Mistar Tarik"
744,Hoya 4-Point Star Filter,Hoya,Filter Kaca Depan Efek Bintang (Star Filter),,🔧,0,Kaca Bulat Garis Halus Bersilang|LAN; Ulir Putar 77mm|Other,,Kacamata sulap pengubah titik lampu jalanan malam hari menjadi pendaran bintang empat sudut dramatis mempercantik suasana panggung konser akustik tanpa bantuan efek edit software,"Kaca Bulat Garis Halus Bersilang, Ulir Putar 77mm"
745,SmallRig Drop-In HawkLock Mini,SmallRig,Sistem Engsel Putar Layar Kamera Otomatis,,🔧,0,Rel Pengunci Jepit Cepat Logam Logam|Other; Baut Keamanan 1|Other; 4 Inci|Other,,Sepatu rel geser rahasia pelepas cepat engsel monitor dari leher kamera dalam sekejap tanpa memutar drat baut menjamin monitor tak lepas terbanting meski terputar putar tanpa henti,"Rel Pengunci Jepit Cepat Logam Logam, Baut Keamanan 1, 4 Inci"
746,Scythe Hard Disk Stabilizer,Scythe,Bantalan Peredam Getaran Hardisk PC (HDD Silencer),,🔧,0,Bantalan Karet Baut Gantung|LAN; Dudukan Rak Hardisk Internal|Other,,Penahan suspensi ayunan memblokir getaran piringan putar hardisk mekanik raksasa beresonansi menabrak kaleng casing PC yang kerap bocor bisingnya tertangkap mic kondensor studio,"Bantalan Karet Baut Gantung, Dudukan Rak Hardisk Internal"
747,Core SWX Coiled D-Tap to LP-E6,Core,Kabel Spiral Daya Kamera Ke Baterai (D-Tap to Canon),,🔧,0,Kabel Lentur Tarik Per|Other; D-Tap P-Tap Daya In Ke Baterai Dummy|Other,,Tali telpon keriting pemanjang suplai listrik abadi dari baterai jumbo di punggung sutradara ditarik leluasa menyesuaikan jarak genggaman tangan kameramen ke lensa DSLR tanpa kendor berantakan,"Kabel Lentur Tarik Per, D-Tap P-Tap Daya In Ke Baterai Dummy"
748,Mighty Bright Orchestra Light,Mighty,Lampu Klip Dudukan Teks Lembar Musik (Music Stand Light),,🔧,0,Jepitan Rahang Buaya Karet|Other; 9 LED Leher Angsa|Other; Adaptor AC Baterai|Power,,Lampu baca fleksibel pemecah kegelapan penjaga mata konduktor orkestra membaca not balok di panggung gelap gulita tanpa merusak suasana tata cahaya dramatis desain acara,"Jepitan Rahang Buaya Karet, 9 LED Leher Angsa, Adaptor AC Baterai"
749,Blackmagic Sync Generator,Blackmagic,Kotak Antarmuka Sinkronisasi Video Generator,,🔧,0,Output 6x BNC Genlock Reference|Other; Logam Hitam Tahan Panas|Other,,Pendetak jantung pengatur irama utama mesin panggung menyalurkan ketukan palu waktu (Genlock) yang menyamakan putaran sinyal ribuan baris TV dari enam kamera bergerak bersamaan,"Output 6x BNC Genlock Reference, Logam Hitam Tahan Panas"
750,Rycote Duck Rain Cover,Rycote,Penutup Hujan Anti Basah Mikrofon Udara (Rain Cover),,🔧,0,Kain Busa Serat Terbuka Tahan Air Murni|Other; Tali Serut Cepat|Other,,Jaket mantel spesialis perlindungan anti suara rintik hujan mikrofon senapan mengizinkan perekaman dialog aktor di tengah guyuran badai hujan sungguhan tanpa merusak mikrofon jutaan rupiah,"Kain Busa Serat Terbuka Tahan Air Murni, Tali Serut Cepat"
751,Kipon Baveyes Focal Reducer,Kipon,Kotak Konverter Pengubah Lensa Film Kuno,,🔧,0,Dudukan Lensa Hasselblad ke Sony E Mount|Other; Kaca Optik Fokus Penurun|Power,,Kaca pembesar ajaib di dalam besi penarik cahaya memaksa gambar lebar dari lensa raksasa bioskop lawas dimampatkan masuk sempurna tanpa kepotong ke dalam sensor kamera digital modern,"Dudukan Lensa Hasselblad ke Sony E Mount, Kaca Optik Fokus Penurun"
752,ART S8 8-Channel Mic Splitter,ART,Pemisah Alur Suara Meja Mixer (Audio Splitter Box),,🔧,0,8x XLR Input Perut|Audio; 16x XLR Output Bercabang Dua Arah Transmisi|Audio,,Pemisah aliran darah suara delapan vokalis dipecah adil satu jalur dikirim murni ke mesin rekaman komputer streaming satu jalur lagi dikirim aman ke meja tata suara penonton stadion besar,"8x XLR Input Perut, 16x XLR Output Bercabang Dua Arah Transmisi"
753,Bubblebee Industries Windbubble,Bubblebee,Busa Penahan Angin Mikrofon Kerah (Lavalier Windscreen),,🔧,0,Bulu Angin Halus Kedap Suara Berbagai Warna|Other; Karet Lubang Elastis|Other,,Topi bulu bundar mungil penyelamat dialog presenter outdoor penyaring hempasan angin pesisir pantai menjaga suara host tetap tebal saat mikrofon klip-on dijepit di ujung kerah bajunya,"Bulu Angin Halus Kedap Suara Berbagai Warna, Karet Lubang Elastis"
754,Rain Design mStand,Rain,Standar Dudukan Laptop Berdiri Aluminium (Laptop Stand),/images_real/real_0728.jpg,🔧,0,Aluminium Cor Perak Mac|Power; Lubang Sirkulasi Udara Pendingin Udara|LAN,,Singgasana penyangga peninggi pandangan layar laptop sejajar lurus dengan mata editor video pembebas leher bungkuk memperbaiki postur tubuh saat 12 jam proses editing maraton harian,"Aluminium Cor Perak Mac, Lubang Sirkulasi Udara Pendingin Udara"
755,Furman PL-PRO DMC,Furman,Papan Pembagi Listrik Khusus Rak Audio (Power Conditioner),,🔧,0,15 Ampere Arus Tinggi Power Outlet|LAN; Layar Voltase Digital Angka Merah|Other,,Jantung pembagi energi listrik gardu pelindung menyedot setrum gedung kasar disaring menjadi bensin halus tanpa dengung statis menstabilkan tegangan dan mati otomatis jika ada petir meledak,"15 Ampere Arus Tinggi Power Outlet, Layar Voltase Digital Angka Merah"
756,MikroTik S+RJ10,MikroTik,Modul Tambahan Pemancar Internet Kecepatan Tinggi (SFP Module),,🔧,0,Slot SFP+ Kosong 10G|Other; Port Ethernet RJ45 Tembaga Standar|LAN,,Konektor sakti penyulap lubang fiber optik kosong di mesin router menjadi colokan kabel LAN standar berkekuatan transfer data mentah jaringan LAN komputer sebesar 10 Gigabit per detik,"Slot SFP+ Kosong 10G, Port Ethernet RJ45 Tembaga Standar"
757,Neewer 18 Inch Ring Light,Neewer,Lampu Terapi Cincin Pantulan Mata (Ring Light),,🔧,0,Cincin LED Bundar Besar|Other; Dudukan Hot Shoe Tengah|Other; Tripod Lipat|LAN,,Lengkungan cahaya malaikat pembasmi bayangan kantung mata gelap menyinari wajah vlogger kecantikan merata dari segala sisi mencetak bayangan cincin terang bercahaya (catchlight) di bola mata,"Cincin LED Bundar Besar, Dudukan Hot Shoe Tengah, Tripod Lipat"
758,Kabel BNC Laki Laki Ke SMA Perempuan,BNC,Kabel Adaptor Sambungan Antena Video Jauh,,🔧,0,Kabel Kawat Koaksial Impedansi 50 Ohm|Other; Konektor Krimp Emas Putih|Other,,Tali penyambung pengubah lubang antena mungil di belakang pemancar video kamera diubah wujudnya ke jalur kabel stadion raksasa agar bisa dihubungkan ke antena penguat sinyal raksasa sejauh 10 meter,"Kabel Kawat Koaksial Impedansi 50 Ohm, Konektor Krimp Emas Putih"
759,VisibleDust EZ Sensor Cleaning Kit,VisibleDust,Alat Pembersih Jamur Sensor Kamera Kaca (Sensor Sweeper),,🔧,0,Cairan Pembersih Formula Aman Sensor Vdust|Other; Kipas Kapas Ujung Bulu Lembut|LAN,,Pisau bedah debu penghapus bercak noda minyak dan spora jamur membandel menempel langsung di pelat jantung sensor kamera pengembalian gambar video steril dari cacat noda titik hitam,"Cairan Pembersih Formula Aman Sensor Vdust, Kipas Kapas Ujung Bulu Lembut"
760,Shure A15PRS Switchable Phase Reverser,Shure,Kotak Pembalik Fase Suara Mikrofon (Phase Reverser),,🔧,0,Tabung Silinder Metal In Line XLR Jantan Betina|Audio; Tombol Saklar Tersembunyi|Other,,Pil pahit pembalik gelombang suara mengobati mic snare drum atas dan bawah yang saling menabrak menghilangkan frekuensi bass seketika merubah arah dorongan sinyal agar bersatu menggelegar,"Tabung Silinder Metal In Line XLR Jantan Betina, Tombol Saklar Tersembunyi"
761,GoPro Chesty Performance Chest Mount,GoPro,Sabuk Dada Penahan Guncangan Kamera Aksi (Chest Mount),,🔧,0,Tali Sabuk Kain Melar Elastis Nyaman Dada|Other; Gesper Kunci Cepat Lepas|Other,,Baju zirah kain tali ransel memaku kamera aksi tepat di tengah tulang rusuk pembalap sepeda menangkap pemandangan kemudi stang meliuk tajam memberikan penonton pengalaman murni memacu adrenalin,"Tali Sabuk Kain Melar Elastis Nyaman Dada, Gesper Kunci Cepat Lepas"
762,Blackmagic Design SDI to SDI Mini Converter,Blackmagic,Penguat Sinyal Kabel Video Panjang (SDI Repeater),,🔧,0,Input 3G-SDI Lapis Baja|SDI; 2x Output 3G-SDI Distribusi Reclocking Sinyal|SDI,,Stasiun pompa air video penangkap gambar dari kabel BNC sejauh 100 meter yang nyaris mati sinyalnya dihidupkan didorong kembali segar seperti baru menempuh jarak 100 meter selanjutnya tanpa lag,"Input 3G-SDI Lapis Baja, 2x Output 3G-SDI Distribusi Reclocking Sinyal"
763,Telmaco Prompter Monitor Mount,Telmaco,Penjepit Papan Tulisan Kaca Berjalan (Prompter Glass Clamp),,🔧,0,Penjepit Rel Ganda Batang 15mm Kamera|Other; Pelat Sendi Layar Sudut Bebas|LAN,,Rahang klem fleksibel penopang cermin ajaib mesin teleprompter menguncinya aman di depan lensa kamera raksasa layar hijau menahan beban berat iPad dan kaca pembagi tanpa membebani leher dudukan lensa,"Penjepit Rel Ganda Batang 15mm Kamera, Pelat Sendi Layar Sudut Bebas"
764,Alex Tech Expandable Braided Sleeving,Alex,Pelindung Kabel Ritsleting Lengan Kain (Cable Sleeve),,🔧,0,Selongsong Rajut Plastik Mengembang Melar|Other; Pemotongan Panas Tepi Tahan Rumbai|Other,,Baju ular kobra rajut pembungkus menyatukan 6 bentang kabel (HDMI listrik USB audio) berantakan di lantai menjadi satu jalur otot hitam rapi bersih anti kusut terlindung dari gigitan gigi tikus panggung,"Selongsong Rajut Plastik Mengembang Melar, Pemotongan Panas Tepi Tahan Rumbai"
765,K&M 18810 Omega Keyboard Stand,K&M,Standar Dudukan Keyboard Piano Susun Ganda,,🔧,0,Kaki Meja Rangka Baja Palang Palang Merah|LAN; Lengan Penyangga Ekstra Ekstensi Tingkat Atas|Other,,Kaki laba laba merah super kaku penopang utama dua synthesizer piano tumpuk raksasa yang tidak bergoyang memantul walau ditekan gempuran jari pemain keyboard energik yang membabi buta saat live konser,"Kaki Meja Rangka Baja Palang Palang Merah, Lengan Penyangga Ekstra Ekstensi Tingkat Atas"
766,Roho Mosaic Seating Cushion,Roho,Bantalan Kursi Udara Kameramen Berjam-Jam (Air Seat Cushion),,🔧,0,Sel Udara Busa Karet Pijat Tiup|Other; Katup Pengatur Tekanan Bantalan Angin Bebas|LAN,,Karpet udara penyelamat tulang ekor penyiar siaran langsung e-sports 12 jam membagikan tekanan duduk rata ke seluruh gelembung menghindari mati rasa punggung pegal dan penyakit aliran darah tersumbat,"Sel Udara Busa Karet Pijat Tiup, Katup Pengatur Tekanan Bantalan Angin Bebas"
767,B+W 82mm XS-Pro UV Haze,B+W,Filter Kaca Kamera Penghilang Kabut (UV Filter),,🔧,0,Cincin Logam Kuningan Ulir Ultra Tipis Kamera|LAN; Kaca Multi Lapisan Optik Anti Pantul Jernih|Power,,Kacamata perisai bening pelindung lensa 30 juta pencegah goresan kerikil terbang dan penangkal debu embun udara biru puncak gunung memastikan gambar tajam aslinya tanpa mengurangi intensitas masuknya cahaya sedikitpun,"Cincin Logam Kuningan Ulir Ultra Tipis Kamera, Kaca Multi Lapisan Optik Anti Pantul Jernih"
768,Mackie M48 48V Power Supply,Mackie,Kotak Adaptor Daya Mikrofon Phantom Power Tambahan,,🔧,0,XLR Betina Pintu Masuk|Audio; XLR Jantan Pintu Keluar Mic|Audio; Baterai Kotak 9 Volt Listrik PLN|Power,,Kotak obat kuat pemberi daya listrik hantu (48 Volt) menghidupkan mic kondensor sensitif yang dicolok masuk ke kamera mirrorless mungil yang tidak memiliki mesin pemasok tegangan daya bawaan dari pabrik,"XLR Betina Pintu Masuk, XLR Jantan Pintu Keluar Mic, Baterai Kotak 9 Volt Listrik PLN"
769,Kupo Motorized Background System Remote,Kupo,Alat Pengatur Jarak Jauh Penggulung Latar Belakang (Backdrop Remote),,🔧,0,Transmiter Radio Nirkabel Tombol Maju Mundur|Wireless; Modul Penerima Listrik Kabel Roda Motor Atap|Power,,Remot tv penguasa tirai warna ruang studio mengerek turun naik tiga kertas gulung latar berat (hijau hitam putih) dari plafon langit langit bergantian secara instan dengan satu sentuhan jari,"Transmiter Radio Nirkabel Tombol Maju Mundur, Modul Penerima Listrik Kabel Roda Motor Atap"
770,Aputure 2-Bay Battery Power Station,Aputure,Sabuk Pembawa Lampu Baterai Tali Sandang Berjalan (Lighting Sling),,🔧,0,Tali Ransel Dada Sandang Lengan Kulit|Other; 2x Slot Pelat Baterai V-Mount Port Listrik XLR|Audio,,Tas ransel dada peluk pembawa beban gardu listrik 2 baterai V-Mount penyuplai lampu matahari berjalan (menjadikan lampu sorot studio maha berat bisa dibawa asisten lari menyorot menerangi aktor di tengah hutan gelap),"Tali Ransel Dada Sandang Lengan Kulit, 2x Slot Pelat Baterai V-Mount Port Listrik XLR"
771,Matthews 15lb Boa Bag,Matthews,Tas Pasir Pemberat Kaki Tripod (Sandbag),,🔧,0,Bahan Cordura Hitam|Other; Resleting Ganda Jahitan Kuat|Other,,Bantal pasir peluk kaki besi C-Stand menahan lampu raksasa agar tidak tumbang menimpa artis saat tertiup angin kencang di lokasi syuting luar ruangan,"Bahan Cordura Hitam, Resleting Ganda Jahitan Kuat"
772,Manfrotto 244 Variable Friction Arm,Manfrotto,Lengan Ajaib Penyangga Monitor (Magic Arm),,🔧,0,Ujung Baut 1|Other; 4 Inci dan 3|Other; 8 Inci|Other; Kenop Pengunci Tengah|Other,,Lengan robotik besi binaraga bisa ditekuk ke segala arah menahan layar monitor berat di samping kamera yang mengunci kaku bagai batu hanya dengan satu putaran tuas,"Ujung Baut 1, 4 Inci dan 3, 8 Inci, Kenop Pengunci Tengah"
773,Kupo 4x4ft Floppy Cutter,Kupo,Tirai Kain Hitam Pemblokir Cahaya (Floppy),,🔧,0,Kain Hitam Pekat Velour|Other; Rangka Kawat Baja|Other; Tali Velcro|Other,,Bendera kain raksasa pembunuh cahaya matahari bocor penghalang silau masuk ke lensa sutradara dan pembentuk siluet bayangan dramatis di wajah aktor,"Kain Hitam Pekat Velour, Rangka Kawat Baja, Tali Velcro"
774,Aputure MC RGBWW,Aputure,Lampu Sorot Latar Portabel Ringkas,,🔧,0,Konektor USB-C|USB; Pengisi Daya Nirkabel|Wireless; Magnet Belakang|Other,,Balok lampu ajaib sebesar kartu nama penyihir warna warni yang bisa ditempel di kulkas atau disembunyikan di balik pot bunga memberi aksen cahaya neon pada adegan film,"Konektor USB-C, Pengisi Daya Nirkabel, Magnet Belakang"
775,Tilta Nucleus-M,Tilta,Pengendali Fokus Kamera Jarak Jauh (Wireless Follow Focus),,🔧,0,Motor Roda Gigi 0.8|Other; Tuas Roda Tangan Kayu|Other; Baterai 18650|Other,,Sistem kendali kemudi lensa nirkabel memampukan asisten kamera memutar ketajaman lensa sinema dari jarak 300 meter saat kamera terbang dibawa lari oleh operator stabilizer,"Motor Roda Gigi 0.8, Tuas Roda Tangan Kayu, Baterai 18650"
776,Rycote Undercover Lavalier Tape,Rycote,Alat Penjepit Kabel Mikrofon Baju,,🔧,0,Bantalan Perekat Lem Medis|LAN; Bantalan Busa Bulat|LAN,,Stiker ajaib dua sisi ramah kulit manusia penempel mikrofon klip-on rahasia di balik kemeja aktor tanpa suara kresek gesekan kain terekam ke audio,"Bantalan Perekat Lem Medis, Bantalan Busa Bulat"
777,Kupo Full Apple Box,Kupo,Kotak Kayu Dudukan Serbaguna (Apple Box),,🔧,0,Papan Kayu Lapis Baltik|Other; Lubang Pegangan Tangan|Other,,Peti kayu penyangga sejuta umat yang bisa diduduki sutradara atau dipakai sebagai peninggi tubuh aktor pendek agar sejajar dengan lawan mainnya di depan kamera,"Papan Kayu Lapis Baltik, Lubang Pegangan Tangan"
778,PolarPro ND64 untuk DJI Mavic 3,PolarPro,Kaca Filter Gelap Kamera Drone (ND Filter),,🔧,0,Bingkai Aluminium Penerbangan|Other; Kaca Optik Multi Lapis|Power,,Kacamata hitam pekat khusus lensa drone penurun paparan sinar matahari gurun siang bolong memastikan baling baling drone terekam memiliki efek buram gerakan yang sinematik,"Bingkai Aluminium Penerbangan, Kaca Optik Multi Lapis"
779,ProGrade Digital Dual-Slot CFexpress Type B,ProGrade,Pembaca Kartu Memori Kecepatan Tinggi,,🔧,0,Koneksi USB-C 3.2 Gen 2|USB; Slot SD UHS-II Bawah|Other,,Mesin penyedot data ganda perampok file video raksasa 8K dari dua memori sekaligus memindahkannya ke laptop editor dengan kecepatan cahaya tanpa membuat komputer hang,"Koneksi USB-C 3.2 Gen 2, Slot SD UHS-II Bawah"
780,Core SWX Fleet Micro,Core,Pengisi Daya Baterai V-Mount Ganda,,🔧,0,Dua Pelat Dudukan V-Mount|Power; Kabel Daya AC|Power; Output DC 4-Pin|Power,,Stasiun pengisian bensin listrik kamera mengisi penuh dua bongkah baterai raksasa dalam waktu kurang dari 3 jam siap menyuplai syuting hari berikutnya tanpa jadwal tertunda,"Dua Pelat Dudukan V-Mount, Kabel Daya AC, Output DC 4-Pin"
781,Filmcraft Pro Director's Chair,Filmcraft,Kursi Sutradara Panggung Lipat,,🔧,0,Bingkai Kayu Beech|Other; Kain Kanvas Hitam Tebal|Other; Engsel Besi|Other,,Singgasana lipat tinggi tempat duduk komando produser di pinggir panggung memastikan matanya sejajar lurus mengawasi monitor tanpa pegal leher,"Bingkai Kayu Beech, Kain Kanvas Hitam Tebal, Engsel Besi"
782,Sekonic L-858D-U Speedmaster,Sekonic,Alat Pengukur Terang Cahaya (Light Meter),,🔧,0,Sensor Bola Luminance|Other; Layar Sentuh Warna|Other; Modul Radio Internal|Other,,Kompas penunjuk arah cahaya panggung pembaca seberapa keras tembakan lampu kilat jatuh ke wajah model menghasilkan hitungan matematis akurat ke kamera tanpa tebak tebakan,"Sensor Bola Luminance, Layar Sentuh Warna, Modul Radio Internal"
783,Rosco Roscolux Gel Kit,Rosco,Paket Plastik Warna Cahaya (Color Gel),,🔧,0,Lembaran Polikarbonat Transparan Tahan Panas 24 Warna|LAN,,Kumpulan kertas mika warna warni pelukis suasana yang dijepit di depan lampu putih membakar panggung menjadi warna biru horor atau jingga senja seketika,Lembaran Polikarbonat Transparan Tahan Panas 24 Warna
784,Chauvet DJ DMX Terminator,Chauvet,Penutup Akhir Sinyal Lampu Panggung (DMX Terminator),,🔧,0,Konektor Laki Laki XLR 3-Pin|Audio; Resistor Internal 120 Ohm|Other,,Busi penutup sirkuit sakti ditancapkan di ujung lampu terakhir mencegah sinyal data DMX memantul kembali dan membuat seluruh lampu panggung berkedip kesurupan,"Konektor Laki Laki XLR 3-Pin, Resistor Internal 120 Ohm"
785,Froggy's Fog Bog Fog Juice,Froggy's,Cairan Asap Panggung Kepadatan Tinggi (Smoke Fluid),,🔧,0,Jerigen Plastik 1 Galon|Other; Formula Berbahan Dasar Air Bebas Bau|Other,,Bahan bakar minyak pembuat kabut awan tebal murni yang tahan melayang berjam jam di udara ruangan ber AC memunculkan sinar tembakan lampu laser tanpa membuat penonton sesak napas,"Jerigen Plastik 1 Galon, Formula Berbahan Dasar Air Bebas Bau"
786,Elasco LiteGuard Drop-Over,Elasco,Jembatan Pelindung Kabel Lantai Kecil,,🔧,0,Karet Poliuretan Hitam|LAN; Tekstur Permukaan Anti Selip|LAN,,Tempurung kura kura karet ringan penutup silang jalur kabel listrik di koridor sempit menyelamatkan kaki tamu VIP berkepala tinggi dari resiko tersandung memalukan,"Karet Poliuretan Hitam, Tekstur Permukaan Anti Selip"
787,K-Tek K-BC Boom Pole Cradle,K-Tek,Tempat Istirahat Tongkat Mikrofon (Boom Cradle),,🔧,0,Besi Melengkung Berlapis Busa Lembut|Other; Pin Dudukan C-Stand|Other,,Gantungan penjepit penopang batang panjang mikrofon saat sutradara sedang rehat makan siang menghindarkan mikrofon mahal ditaruh sembarangan di lantai yang kotor,"Besi Melengkung Berlapis Busa Lembut, Pin Dudukan C-Stand"
788,K-Tek Stingray Slip-On,K-Tek,Bulu Peredam Angin Mikrofon Senapan (Deadcat),,🔧,0,Bulu Sintetis Panjang Tebal|Other; Lubang Karet Elastis Rapat|Other,,Selimut bulu binatang buatan penangkal badai membungkus mic kamera luar ruangan menghancurkan suara dengung hembusan angin topan sebelum menyentuh kapsul sensitif di dalamnya,"Bulu Sintetis Panjang Tebal, Lubang Karet Elastis Rapat"
789,ORCA OR-30 Audio Mixer Bag,ORCA,Tas Sabuk Perekam Suara Lapangan (Audio Bag),,🔧,0,Rangka Aluminium Sarang Lebah Dalam|Other; Tali Sandang Selempang Empuk|Other,,Rumah berjalan tahan banting penyimpan alat rekam suara memliki jendela plastik bening memampukan penata suara melihat layar level meter tanpa terkena tetesan air hujan,"Rangka Aluminium Sarang Lebah Dalam, Tali Sandang Selempang Empuk"
790,Neutrik XXR Color Coding Rings,Neutrik,Karet Penanda Colokan Kabel (Color Coded Rings),,🔧,0,Karet Silikon Fleksibel Berbagai Warna|Other; Cincin Pas Bodi XLR|Audio,,Gelang karet pelangi penanda identitas colokan mempermudah kru menelusuri ujung kabel mana yang dicolok ke gitar dan ujung kabel mana yang dicolok ke bass dalam kegelapan panggung,"Karet Silikon Fleksibel Berbagai Warna, Cincin Pas Bodi XLR"
791,Sennheiser 1/4 Inch Adapter,Sennheiser,Konektor Konverter Headphone Kecil ke Besar,,🔧,0,Colokan Laki 1|Other; 4 Inci Besar|Other; Lubang Perempuan 3.5mm Ulir Dalam|Audio,,Jembatan tembaga lapis emas perubah colokan earphone HP yang kecil agar bisa ditancapkan masuk mendengarkan suara dari meja mixer audio raksasa standar profesional,"Colokan Laki 1, 4 Inci Besar, Lubang Perempuan 3.5mm Ulir Dalam"
792,Clear-Com CC-15 Single-Ear Headset,Clear-Com,Headset Komunikasi Sutradara Satu Telinga,/images_real/real_0764.jpg,🔧,0,Mikrofon Boom Leher Angsa Putar|Other; Bantal Telinga Busa Kulit|Other; Kabel Konektor 4-Pin|Other,,Bando earphone mika dengan satu pelindung kuping memungkinkan operator kamera mendengar instruksi sutradara di kuping kiri sambil tetap mendengar teriakan artis dari kuping kanan,"Mikrofon Boom Leher Angsa Putar, Bantal Telinga Busa Kulit, Kabel Konektor 4-Pin"
793,Tallyman Wireless Emitter,Tallyman,Kotak Pemancar Lampu Peringatan Siaran,,🔧,0,Input RJ45 Data Program|LAN; Antena Pengirim Sinyal Radio VHF|Other,,Stasiun pusat pengendali nyala lampu peringatan merah mengirim kode tanpa kabel ke kamera berjalan memberi tahu kapan lensa mereka masuk layar TV nasional,"Input RJ45 Data Program, Antena Pengirim Sinyal Radio VHF"
794,Magewell Pro Convert HDMI Plus,Magewell,Enkoder Video Jaringan Ringkas (NDI Mini),,🔧,0,Port Masuk HDMI Tembaga|HDMI; Port Keluar RJ45 Internet NDI PoE|LAN,,Perut elektronik pengunyah gambar murni HDMI yang langsung dimuntahkan menjadi bahasa jaringan internet NDI memudahkan integrasi lintas ruangan bermodalkan kabel LAN biasa,"Port Masuk HDMI Tembaga, Port Keluar RJ45 Internet NDI PoE"
795,Canare BCJ-J BNC Barrel Connector,Canare,Konektor Penyambung Kabel Video (SDI Barrel),,🔧,0,Lubang BNC Betina Kiri Kanan Tembaga Solid|Other,,Logam tabung mungil penyelamat hidup penyambung dua kabel video SDI pendek menjadi satu tali utuh sangat panjang saat kamera harus dipindah jauh dadakan,Lubang BNC Betina Kiri Kanan Tembaga Solid
796,Ruipro 8K HDMI Fiber Optic Cable,Ruipro,Kabel Serat Optik HDMI Anti Putus,,🔧,0,Konektor HDMI 2.1 Emas|HDMI; Kabel Inti Kaca Serat Fleksibel|Power,,Tali ajaib pengantar gambar 8K tanpa ampun menggunakan tembakan cahaya di dalamnya mengalahkan batasan maksimal kabel HDMI tembaga yang mati sinyal di jarak 15 meter,"Konektor HDMI 2.1 Emas, Kabel Inti Kaca Serat Fleksibel"
797,MutecPower Active USB 3.0 Extension Cable,MutecPower,Kabel Pemanjang USB Aktif Bertenaga,,🔧,0,Konektor USB-A Jantan Betina|USB; Kotak Chip Penguat Sinyal Tengah|LAN,,Jembatan panjang penghubung webcam jauh ke komputer dilengkapi mesin pendorong data di tengah kabel memastikan gambar tak membeku walau ditarik 10 meter panjangnya,"Konektor USB-A Jantan Betina, Kotak Chip Penguat Sinyal Tengah"
798,Netgear M4250 AV Line 8-Port Switch,Netgear,Pusat Pembagi Jaringan Listrik Otomatis (PoE Switch),,🔧,0,8x Port RJ45 1 Gigabit PoE+|LAN; Antarmuka Kontrol Web AV|Other,,Terminal pemberhentian khusus jalur video siaran pelontar aliran listrik lewat kabel internet mampu menghidupkan 4 kamera PTZ robotik tanpa butuh colokan listrik tambahan,"8x Port RJ45 1 Gigabit PoE+, Antarmuka Kontrol Web AV"
799,Belden CAT6A UTP Cable Spool,Belden,Gulungan Kabel Internet Mentah (Ethernet Spool),,🔧,0,Kotak Tarik Gulungan Kayu 305 Meter|Other; Kabel Tembaga Tebal Biru|Other,,Urat nadi data belum terpotong disiapkan panjang membentang membangun jembatan jaringan internet sementara di lapangan bola yang bisa dipotong sesuai kebutuhan lapangan,"Kotak Tarik Gulungan Kayu 305 Meter, Kabel Tembaga Tebal Biru"
800,Klein Tools VDV226-110 Ratcheting Crimper,Klein,Tang Penjepit Kepala Kabel Jaringan (RJ45 Crimper),,🔧,0,Rahang Penjepit Baja Karbon|Other; Pisau Pemotong Kabel Terintegrasi|Other,,Tang besi pembuat colokan menekan plat kuningan menembus kulit kabel LAN menyatukan kepala plastik ke badan kabel menciptakan koneksi internet permanen anti lepas,"Rahang Penjepit Baja Karbon, Pisau Pemotong Kabel Terintegrasi"
801,StarTech M6 Rack Screws and Cage Nuts,StarTech,Baut Standar Pemasang Server Rak (Rack Screws),,🔧,0,Baut Baja Karbon Hitam Ulir M6|Other; Mur Sangkar Kotak Jepit|Other,,Gigi besi pencengkram sasis server maha berat mengunci mesin perakitan video mati ke tiang lemari kabinet mencegah peralatan ratusan juta merosot jatuh ke lantai,"Baut Baja Karbon Hitam Ulir M6, Mur Sangkar Kotak Jepit"
802,APC Smart-UPS 1500VA,APC,Baterai Cadangan Listrik Tanpa Jeda (UPS),/images_real/real_0774.jpg,🔧,0,Layar Status LCD Digital|Other; Baterai Asam Timbal Segel|Other; Outlet Baterai Cadangan|Other,,Genset diam penyelamat siaran memompa listrik nyawa cadangan dalam hitungan milidetik saat gardu PLN panggung mati mendadak memberi kru waktu emas 15 menit untuk mematikan komputer dengan aman,"Layar Status LCD Digital, Baterai Asam Timbal Segel, Outlet Baterai Cadangan"
803,Tripp Lite 12-Outlet PDU,Tripp,Terminal Distribusi Daya Kabinet (PDU),,🔧,0,12x Colokan NEMA Standar Hitam Belakang|Other; Rak Horisontal 1U|Other; Pemutus Sirkuit 15A|Other,,Terminal listrik panjang perapi colokan menempel manis di rak audio server menyalurkan arus rata ke 12 alat berbeda dengan perlindungan matikan arus total jika korslet,"12x Colokan NEMA Standar Hitam Belakang, Rak Horisontal 1U, Pemutus Sirkuit 15A"
804,Conntek 30 Amp Generator Adapter,Conntek,Adaptor Colokan Listrik Genset,,🔧,0,Colokan Putar NEMA L14-30P Laki|Other; 3x Colokan Standar Rumah 5-15R Betina Ekor Kuning|Other,,Kabel cabang gurita penyedot listrik raksasa dari generator set lapangan diubah menjadi colokan rumahan biasa menghidupkan lampu dan kipas angin kru panggung luar,"Colokan Putar NEMA L14-30P Laki, 3x Colokan Standar Rumah 5-15R Betina Ekor Kuning"
805,Bayco 150-Foot Extension Cord Reel,Bayco,Rol Gulungan Kabel Listrik Panjang (Extension Cord Reel),,🔧,0,Roda Putar Gulung Tangan Plastik Tebal Hitam Kuning|Other; Rangka Baja Pipa Berdiri|LAN,,Roda kincir pembawa tali listrik panggung 50 meter bisa ditarik dan digulung rapi kembali dalam hitungan detik tanpa meninggalkan kabel kusut ular piton di tengah lapangan,"Roda Putar Gulung Tangan Plastik Tebal Hitam Kuning, Rangka Baja Pipa Berdiri"
806,Tiffen Gaffer's Glass Viewing Filter,Tiffen,Kaca Pandang Tembus Matahari (Gaffer Glass),,🔧,0,Kaca Hitam Pekat Filter Tembus Pandang|Power; Tali Lanyard Gantung Leher|LAN,,Kacamata las mini di leher penata cahaya alat mengintip lurus menantang teriknya sumber lampu panggung mencari titik api menyilaukan tanpa merusak retina mata,"Kaca Hitam Pekat Filter Tembus Pandang, Tali Lanyard Gantung Leher"
807,LensPen NLP-1,LensPen,Pena Pembersih Lensa Serbaguna (Lens Pen),,🔧,0,Sikat Bulu Retraktil Lembut|Other; Bantalan Busa Ujung Karbon Pembersih Noda|LAN,,Spidol ajaib tanpa tinta sapu jagat pengusir butir debu dengan satu ujung sikat lalu menyeka noda sidik jari berminyak dengan ujung karbon hitam di lensa kacamata drone,"Sikat Bulu Retraktil Lembut, Bantalan Busa Ujung Karbon Pembersih Noda"
808,Photographic Solutions Sensor Swab Type 3,Photographic,Alat Pembersih Jamur Sensor Kamera Kaca (Sensor Swab),,🔧,0,Lidi Kotak Kertas Berbalut Kain Bebas Serat Lembut|Other; Tongkat Plastik Lentur|Other,,Sapu lantai mikro penghapus bercak noda cairan di atas jantung sensor kamera pemulih gambar buram berbintik menjadi jernih sebening kristal kembali,"Lidi Kotak Kertas Berbalut Kain Bebas Serat Lembut, Tongkat Plastik Lentur"
809,Manfrotto 504X Fluid Video Head,Manfrotto,Kepala Tripod Panci Halus (Fluid Head),,🔧,0,Sistem Gesekan Cairan Dalam|Other; Mangkuk Dasar 75mm|Other; Piringan Cepat Lepas Panjang|Other,,Kepala leher angsa berisi minyak kental penahan hentakan menuntun kamera menengok kiri kanan dan menunduk sehalus pergerakan mata dewa tanpa getaran patah patah,"Sistem Gesekan Cairan Dalam, Mangkuk Dasar 75mm, Piringan Cepat Lepas Panjang"
810,Sirui P-326 SR Carbon Fiber Monopod,Sirui,Tiang Kamera Kaki Satu Berdiri (Monopod),,🔧,0,Tiang Serat Karbon 6 Tarikan|Other; Tiga Kaki Laba Laba Lipat Bawah|LAN; Kepala Putar Mulus|Other,,Tongkat sihir penyangga beban kamera berat di kerumunan festival lincah berpindah pindah posisi namun tetap stabil berdiri mantap berkat cakar bebek tiganya di lantai,"Tiang Serat Karbon 6 Tarikan, Tiga Kaki Laba Laba Lipat Bawah, Kepala Putar Mulus"
811,Kessler Kwik Release Plate,Kessler,Pelat Besi Pengunci Kamera Instan (Quick Release Plate),,🔧,0,Logam Aluminium Hitam Standar Arca Swiss|Audio; Baut 1|Other; 4 dan 3|Other; 8 Inci Geser|Other,,Papan selancar pelindung bawah kamera yang siap menerjunkan kamera dari genggaman tangan masuk mengunci kencang ke atas tripod gimbal dalam bunyi klik satu detik,"Logam Aluminium Hitam Standar Arca Swiss, Baut 1, 4 dan 3, 8 Inci Geser"
812,SmallRig NATO Top Handle,SmallRig,Gagang Atas Sangkar Kamera (Top Handle),/images_real/real_0784.jpg,🔧,0,Penjepit Rel NATO Cepat Lepas|Other; Lubang Baut Ekstra|Other; Sepatu Dingin Depan Belakang|Other,,Pegangan tas koper mengubah kamera kotak kecil menjadi kamera jinjing gaya rendah mempermudah syuting gaya jongkok merekam sepatu berjalan di aspal tanpa pegal tangan,"Penjepit Rel NATO Cepat Lepas, Lubang Baut Ekstra, Sepatu Dingin Depan Belakang"
813,Tilta 15mm LWS Rods,Tilta,Rel Batang Penyangga Lensa Sinema (Lens Support Rail),,🔧,0,Sepasang Pipa Aluminium Hitam Pejal Panjang 30cm|LAN; Ulir Sambung Ujung|Other,,Rel kereta api mini membentang di bawah kamera tempat bertengger penyangga lensa raksasa motor fokus dan kotak pelindung cahaya depan,"Sepasang Pipa Aluminium Hitam Pejal Panjang 30cm, Ulir Sambung Ujung"
814,Zacuto Matte Box Donut,Zacuto,Cincin Busa Penutup Kaca Depan (Matte Box Donut),,🔧,0,Bantalan Karet Neoprene Fleksibel Hitam Melar Menyesuaikan Diameter Lensa|LAN,,Gelang karet hitam penyumbat celah udara antara moncong lensa dan rumah filter kaca memblokir cahaya liar memantul balik dari belakang mengotori gambar video,Bantalan Karet Neoprene Fleksibel Hitam Melar Menyesuaikan Diameter Lensa
815,Prompter People Beamsplitter Glass,Prompter,Kaca Pemantul Teks Pembaca Naskah (Teleprompter Glass),,🔧,0,Kaca Cermin Pemisah Sinar 60|Power; 40 Rasio Tembus Pandang|Other; Lapisan Anti Pantul Lensa Belakang|Other,,Cermin ajaib dua arah penipu mata penonton pembawa teks pidato dari sisi depan tapi sama sekali tak kasat mata saat direkam oleh lensa kamera dari sisi belakang,"Kaca Cermin Pemisah Sinar 60, 40 Rasio Tembus Pandang, Lapisan Anti Pantul Lensa Belakang"
816,Logitech R400 Wireless Presenter,Logitech,Tombol Jarak Jauh Pengendali Slide (Presenter Clicker),,🔧,0,Sinyal USB Dongle Nirkabel Merah|Wireless; Tombol Maju Mundur Karet Lembut|Other; Laser Pointer Merah|LAN,,Remote penguasa layar presentasi genggaman CEO menembakkan sinyal pindah halaman slide PowerPoint dari panggung tanpa harus meminta operator menekan tombol di laptop,"Sinyal USB Dongle Nirkabel Merah, Tombol Maju Mundur Karet Lembut, Laser Pointer Merah"
817,K&M 238 Stand for Monitors,K&M,Tiang Penyangga Layar Pembicara (Confidence Monitor Stand),,🔧,0,Dasar Besi Cor Bulat Sangat Berat Anti Tumbang|Other; Tiang Pipa Miring Sudut Bawah|LAN,,Stand layar rebah menyembunyikan TV raksasa di lantai panggung menghadap ke atas membaca sisa waktu tanpa disadari oleh kamera atau penonton acara,"Dasar Besi Cor Bulat Sangat Berat Anti Tumbang, Tiang Pipa Miring Sudut Bawah"
818,Blackmagic Design SDI Distribution,Blackmagic,Penguat dan Pembagi Video SDI (SDI Distribution Amp),,🔧,0,Satu Lubang SDI Masuk Betina Emas|SDI; Delapan Lubang SDI Keluar Penguatan Ulang Sinyal|SDI,,Air mancur video menduplikasi satu jalur gambar mentah dari switcher dibelah rata masuk ke delapan layar pemantau kru panggung tanpa mengurangi kualitas ketajaman seujung kuku,"Satu Lubang SDI Masuk Betina Emas, Delapan Lubang SDI Keluar Penguatan Ulang Sinyal"
819,Decimator MD-HX,Decimator,Mesin Penyesuai Ukuran Resolusi Video (Video Scaler),,🔧,0,Colokan HDMI Masuk Keluar|HDMI; Colokan SDI Masuk Keluar|SDI; Layar LCD Kontrol Merah|Other,,Kalkulator perubah gambar keras kepala menelan video jadul kotak disulap ditarik menjadi video layar lebar 1080p mulus sebelum masuk menjebol sistem siaran modern,"Colokan HDMI Masuk Keluar, Colokan SDI Masuk Keluar, Layar LCD Kontrol Merah"
820,AJA 3G-AM 3G-SDI Audio Embedder,AJA,Kotak Pemasuk Suara ke Video (Audio Embedder),,🔧,0,Port SDI Video Masuk Keluar|SDI; Jalur Kabel Suara Analog XLR|Audio; Sakelar Konfigurasi Bawah|Other,,Mesin penjahit gambar menyuntikkan suara mic komentator pinggir lapangan langsung kawin masuk menyatu ke dalam kabel video SDI mengalir bersamaan ke truk siaran jauh,"Port SDI Video Masuk Keluar, Jalur Kabel Suara Analog XLR, Sakelar Konfigurasi Bawah"
821,Tentacle Sync Studio Slate,Tentacle,Papan Sinkronisasi Jam Tepat Waktu (Timecode Slate),,🔧,0,Papan Tepuk Akrilik Garis Warna Tahan Gores|Other; Layar Angka Digital Jam Menyala Terang|Other,,Papan tulis sutradara modern pencetak angka jam digital bergerak cepat penyatu gambar dari lima kamera berbeda secara otomatis dalam hitungan menit di ruang edit film,"Papan Tepuk Akrilik Garis Warna Tahan Gores, Layar Angka Digital Jam Menyala Terang"
822,Lemo 5-Pin to BNC Timecode Cable,Lemo,Kabel Pengatur Irama Sinkronisasi Mesin (Sync Cable),,🔧,0,Colokan Logam Lemo Merah Pengunci Klik Tarik|Other; Colokan BNC Kunci Putar Tembaga|Other,,Tali pusar pembawa detak jantung dari otak generator waktu menyuntikkannya ke kamera sinema Arri Alexa memastikan rekaman suara dan gambar bergerak beriringan selamanya,"Colokan Logam Lemo Merah Pengunci Klik Tarik, Colokan BNC Kunci Putar Tembaga"
823,IDX V-Mount Battery Plate,IDX,Pelat Adaptor Baterai V-Mount Dudukan Logam,,🔧,0,Plat Baja Kunci V Kuat Pemasang Baterai|Other; Kabel Terjulur Daya D-Tap Dua Sisi|Other,,Alas parkir penyangga bongkahan baterai listrik raksasa disekrup ke rak besi belakang kamera menahan goncangan beban baterai 2 kilogram saat kamera dipikul lari lari,"Plat Baja Kunci V Kuat Pemasang Baterai, Kabel Terjulur Daya D-Tap Dua Sisi"
824,SmallRig NP-F Battery Plate,SmallRig,Pelat Adaptor Baterai L-Series Sony Ringan,/images_real/real_0796.jpg,🔧,0,Dudukan Slot Ganda Baterai NP-F|Power; Kabel Sambung Barel DC 12V 7.4V Keluar|Power,,Terminal peningkat tenaga merangkai dua baterai kecil bawaan pabrik menjadi satu pasukan gardu listrik kuat menghidupkan monitor layar cerah belasan jam di luar ruangan,"Dudukan Slot Ganda Baterai NP-F, Kabel Sambung Barel DC 12V 7.4V Keluar"
825,Alvin's Cables D-Tap 1 to 4 Splitter,Alvin's,Kabel Pemisah Pembagi Daya Kamera (D-Tap Splitter),,🔧,0,Satu Colokan D-Tap Masuk Merah Utama|Other; Empat Colokan D-Tap Keluar Hitam Panjang Menjuntai|Other,,Kabel gurita listrik pembagi satu lubang colokan baterai V-Mount besar dicabang menjadi empat lubang menyalakan kamera monitor lampu dan motor fokus sekaligus tanpa berebut,"Satu Colokan D-Tap Masuk Merah Utama, Empat Colokan D-Tap Keluar Hitam Panjang Menjuntai"
826,Kondor Blue 15mm Rod Clamp,Kondor,Penjepit Pipa Batang Kamera (Rod Clamp 15mm),,🔧,0,Bongkah Logam Biru Anodized Presisi Tinggi|Other; Baut Sayap Putar Keras Pengunci Rel|Other,,Balok es besi pencengkram urat nadi pipa 15mm di perut kamera menguncinya mati merakit sistem jaring laba laba lengan dudukan penyangga yang anti goyang diterjang badai,"Bongkah Logam Biru Anodized Presisi Tinggi, Baut Sayap Putar Keras Pengunci Rel"
827,Wooden Camera 12 Inch Dovetail Plate,Wooden,Papan Geser Bawah Kamera (Baseplate Dovetail),/images_real/real_0799.jpg,🔧,0,Pelat Rel Geser Logam Panjang Ukuran Standar Arca|Audio; Titik Baut Keamanan Rem Depan Belakang|Other,,Landasan luncur papan skate penyangga seluruh kerangka kamera memampukan operator memajumundurkan keseimbangan gravitasi alat saat ada pergantian lensa berat secara instan,"Pelat Rel Geser Logam Panjang Ukuran Standar Arca, Titik Baut Keamanan Rem Depan Belakang"
828,DJI Ronin Ring Grip,DJI,Pegangan Lingkaran Kamera Penyeimbang (Gimbal Ring Grip),,🔧,0,Lingkaran Serat Karbon Bundar Raksasa Pegangan Dua Tangan|Other; Modul Pengendali Jarak Jauh Tempel Kanan Kiri|Other,,Setir mobil sirkuit penakluk beban memecah berat gimbal motor yang mematikan tangan kanan merata ke dua lengan pundak memampukan gaya syuting mengayun dari lantai ke udara mulus,"Lingkaran Serat Karbon Bundar Raksasa Pegangan Dua Tangan, Modul Pengendali Jarak Jauh Tempel Kanan Kiri"
829,Tiffen Steadicam Zephyr Vest,Tiffen,Rompi Penyebar Beban Kamera (Steadicam Vest),,🔧,0,Rompi Dada Tali Pengikat Busa Ergonomis Punggung|Other; Soket Kunci Baja Sambungan Lengan Pegas|Other,,Baju tempur jubah pelindung tulang punggung memindahkan berat 20 kilo alat siaran dari lengan tangan ke pinggul membiarkan kameramen menari bebas mengikuti artis berjalan melayang,"Rompi Dada Tali Pengikat Busa Ergonomis Punggung, Soket Kunci Baja Sambungan Lengan Pegas"
830,Easyrig Minimax,Easyrig,Tali Gantung Tarik Atas Kamera (Easy Rig Support),,🔧,0,Ransel Rompi Tali Lebar Empuk Bahu|Other; Tiang Besi Punggung Melengkung Atas|Other; Tali Tarik Kawat Tahan Beban|Other,,Kail pancing penyelamat nyawa menggantung kamera dari atas kepala menahan beban pegal lengan selama 10 jam liputan dokumenter kerusuhan tanpa menurunkan kualitas ketepatan gambar bidikan,"Ransel Rompi Tali Lebar Empuk Bahu, Tiang Besi Punggung Melengkung Atas, Tali Tarik Kawat Tahan Beban"
831,Matthews Freedom Car Mount System,Matthews,Dudukan Tempel Kamera Kaca Mobil (Car Mount Suction Cup),,🔧,0,Tiga Mangkuk Karet Vakum Pompa Tangan Raksasa Tempel Kaca Besi|LAN; Kepala Putar Pegangan Besi Lengan Ajaib|Other,,Kaki gurita raksasa penghisap kap mesin mobil menempel bak lem baja membawa lensa kamera menatap tajam sang aktor yang sedang balapan menyetir dengan kecepatan seratus kilometer per jam,"Tiga Mangkuk Karet Vakum Pompa Tangan Raksasa Tempel Kaca Besi, Kepala Putar Pegangan Besi Lengan Ajaib"
832,Syrp Genie II Linear,Syrp,Mesin Penggerak Rel Kamera (Camera Slider Motor),,🔧,0,Tali Kawat Penarik Tarik Bermotor Halus|Other; Pengontrol Aplikasi Smartphone Bluetooth|Wireless; Baterai Internal Li-ion|Other,,Mesin derek penyeret kamera merayap berjam jam di atas rel memotret bintang malam gunung perlahan memutar menciptakan video time lapse gerak kosmik sinematik memukau mata,"Tali Kawat Penarik Tarik Bermotor Halus, Pengontrol Aplikasi Smartphone Bluetooth, Baterai Internal Li-ion"
833,Kessler Pocket Jib Pro,Kessler,Lengan Ayun Pemanjang Kamera Udara (Jib Arm Crane),,🔧,0,Tiang Baja Ekstensi Tarik Panjang Tiga Meter|Other; Pemberat Beban Pasir Belakang Keseimbangan|Other,,Leher jerapah raksasa pendorong kamera terbang melayang dari atas tanah naik mendarat mendekati wajah penyanyi panggung di konser tanpa butuh tenaga hidrolik pesawat,"Tiang Baja Ekstensi Tarik Panjang Tiga Meter, Pemberat Beban Pasir Belakang Keseimbangan"
834,Defy Dactylcam Pro,Defy,Sistem Kamera Meluncur Tali Udara (Cable Cam System),,🔧,0,Sistem Roda Motor Penggerak Cepat Tali Baja|Other; Sabuk Rem Keamanan Berhenti Darurat|Other; Pengendali Radio Nirkabel Jauh|Wireless,,Kereta gantung pembawa peluru kamera melesat di atas kepala penonton hutan konser merekam sudut pergerakan mata elang mustahil yang tak bisa ditiru drone akibat regulasi bahaya,"Sistem Roda Motor Penggerak Cepat Tali Baja, Sabuk Rem Keamanan Berhenti Darurat, Pengendali Radio Nirkabel Jauh"
835,PGYTECH Drone Landing Pad Pro,PGYTECH,Alas Pendaratan Kamera Terbang (Drone Landing Pad),,🔧,0,Kain Nilon Tahan Air Lipat Lingkaran Biru Oranye|LAN; Pasak Plastik Penahan Angin|Other,,Karpet terbang pendaratan helikopter mungil menutup rumput ilalang basah dan mencegah debu kerikil masuk merusak mesin baling baling kamera drone saat mendarat mendarat pendaratan,"Kain Nilon Tahan Air Lipat Lingkaran Biru Oranye, Pasak Plastik Penahan Angin"
836,Insta360 Pro 2 Camera Cage,Insta360,Rig Kerangka Dudukan Kamera Realitas Virtual (VR 360 Rig),,🔧,0,Besi Pelindung Sudut Tabrakan Sisi Melingkar Tabung Kamera|Other; Titik Baut Tak Terlihat Bawah|Other,,Helm pelindung bola mata enam lensa kamera 360 mencegah kehancuran alat ratusan juta jika tak sengaja jatuh tersenggol namun kerangkanya dirancang lenyap gaib tak terekam kamera,"Besi Pelindung Sudut Tabrakan Sisi Melingkar Tabung Kamera, Titik Baut Tak Terlihat Bawah"
837,GoPro Chesty,GoPro,Sabuk Dada Kamera Aksi Olahraga Ekstrem (Action Cam Chest Mount),,🔧,0,Tali Sabuk Kain Nilon Elastis Dada|Other; Pelat Dudukan Tengah Pengunci Gesper Tiga Jari Cepat Lepas|Other,,Baju zirah peluk dada pembawa kamera kecil merelakan penonton merasakan adrenalin murni melihat stang sepeda bergetar terjun menuruni tebing gunung dari sudut pandang jantung pembalap,"Tali Sabuk Kain Nilon Elastis Dada, Pelat Dudukan Tengah Pengunci Gesper Tiga Jari Cepat Lepas"
838,GoPro Curved Adhesive Mounts,GoPro,Perekat Helm Lensa Kamera Tahan Guncang (Helmet Mount Adhesive),,🔧,0,Bantalan Karet Lengkung Alas Tempel Helm|LAN; Lem Tempel 3M VHB Sangat Kuat Anti Air|Other,,Stiker lem baja penempel paku kamera di moncong helm pembalap motor cross tidak akan lepas walau dihantam badai lumpur air hujan atau guncangan lompatan udara sepuluh meter,"Bantalan Karet Lengkung Alas Tempel Helm, Lem Tempel 3M VHB Sangat Kuat Anti Air"
839,Nauticam NA-A7SIII,Nauticam,Kotak Pelindung Kamera Bawah Air (Underwater Housing),,🔧,0,Cangkang Aluminium Solid Hitam Anti Karat Kedap Air|Other; Kaca Lensa Bulat Bening Dome Depan|Power; Tuas Tekan Mekanik Karet Keras|Other,,Kapal selam mini lapis baja penahan tekanan laut memampukan kamera mirroless standar diajak menyelam ke dasar terumbu karang mengabadikan kemegahan ikan paus beresolusi 4K murni,"Cangkang Aluminium Solid Hitam Anti Karat Kedap Air, Kaca Lensa Bulat Bening Dome Depan, Tuas Tekan Mekanik Karet Keras"
840,Think Tank Photo Emergency Rain Cover,Think,Jas Hujan Kamera Tembus Pandang (Rain Cover Clear),,🔧,0,Plastik Kaku Lembut Bening Menyelimuti Bodi|Other; Tali Tarik Serut Kencang Lensa Pengaman|Other,,Jas hujan darurat kantong plastik sakti penyekap tubuh kamera DSLR melindungi dari guyuran badai salju ekstrim tanpa menghalangi mata fotografer mengintip tombol layar menu dari luar,"Plastik Kaku Lembut Bening Menyelimuti Bodi, Tali Tarik Serut Kencang Lensa Pengaman"
841,Atomos Ninja V Sunhood,Atomos,Topi Penghalang Sinar Matahari Monitor (Sun Hood),,🔧,0,Bahan Kulit Sintetis Hitam Penutup Kotak Empat Sisi|Other; Perekat Tali Velcro Sisi Mengelilingi Bingkai|Other,,Atap terpal peneduh layar monitor kecil memotong cahaya silau matahari padang pasir siang bolong mengizinkan mata sutradara mengevaluasi akurasi warna kulit aktor tanpa salah nilai,"Bahan Kulit Sintetis Hitam Penutup Kotak Empat Sisi, Perekat Tali Velcro Sisi Mengelilingi Bingkai"
842,SmallRig Screen Protector for Atomos Ninja,SmallRig,Kaca Pelindung Goresan Layar Monitor (Screen Protector),,🔧,0,Kaca Tempered Glass 9H Tahan Gores Pisau|Power; Lapisan Silikon Lem Tahan Gelembung Bening Mulus|Other,,Perisai tak kasat mata tameng tempel menjaga kejernihan layar sentuh mahal dari resiko goresan kuku sutradara terburu buru atau ujung kabel tajam yang bergesekan saat masuk tas ransel,"Kaca Tempered Glass 9H Tahan Gores Pisau, Lapisan Silikon Lem Tahan Gelembung Bening Mulus"
843,Canare BNC Right Angle Adapter,Canare,Adaptor Belok Kabel Video BNC Siku (BNC Right Angle),,🔧,0,Konektor BNC Jantan Belok Lurus Putar 90 Derajat Kaku|Other; Kepala Ulir BNC Betina Terkunci Sempurna|Other,,Pipa tikungan tajam penyambung kabel membiarkan kabel antena SDI tebal ditarik rata sejajar punggung kamera tanpa harus menekuk paksa urat tembaga yang bisa membuat sinyal siaran mati mendadak,"Konektor BNC Jantan Belok Lurus Putar 90 Derajat Kaku, Kepala Ulir BNC Betina Terkunci Sempurna"
844,Blackmagic Micro Converter HDMI to SDI,Blackmagic,Pengubah Sinyal HDMI Ke SDI Ukuran Mikro (HDMI to SDI Micro),,🔧,0,Colokan HDMI Masuk Pinggir Kecil|HDMI; Dua Colokan SDI Keluar Lurus Tembaga|SDI; Port Daya Tipe-C Listrik|LAN,,Kotak seukuran jempol penelan sinyal laptop lemah merubah bahasanya jadi sinyal siaran kuat mampu berlari kencang sejauh 100 meter kabel membelah gedung konser menuju ruang operator pusat,"Colokan HDMI Masuk Pinggir Kecil, Dua Colokan SDI Keluar Lurus Tembaga, Port Daya Tipe-C Listrik"
845,Blackmagic Micro Converter SDI to HDMI,Blackmagic,Pengubah Sinyal SDI Ke HDMI Ukuran Mikro (SDI to HDMI Mini),,🔧,0,Colokan SDI Masuk|SDI; Colokan SDI Sambung Langsung Terus Keluar|SDI; Port HDMI Ke TV|HDMI,,Kotak ajaib kebalikan menelan sinyal stasiun TV lapangan dari kabel panjang kemudian merubahnya bahasa ramah untuk dicerna oleh monitor TV rumahan biasa di ruang tunggu ganti pakaian artis,"Colokan SDI Masuk, Colokan SDI Sambung Langsung Terus Keluar, Port HDMI Ke TV"
846,Elgato Cam Link 4K,Elgato,Kartu Perekam Video Komputer Colok Bebas (Video Capture USB),,🔧,0,Kepala HDMI Laki Colok Perut Ekor USB 3.0 Colok Komputer|HDMI; Chipset Internal Kompresi Ringan|LAN,,Dongle baja penyulap kamera mirrorless bioskop menjadi sekadar kamera webcam internet berkualitas siaran tanpa butuh aplikasi tambahan yang memberatkan kinerja otak prosesor laptop gamer,"Kepala HDMI Laki Colok Perut Ekor USB 3.0 Colok Komputer, Chipset Internal Kompresi Ringan"
847,Focusrite Scarlett 2i2,Focusrite,Kotak Antarmuka Rekam Suara Dua Jalur (Audio Interface 2 Channel),/images_real/real_0815.jpg,🔧,0,Dua Lubang Campuran XLR Jantan Jack Besar Depan Pintu Masuk|Audio; Kabel Sambung Belakang Tipe-C Laptop|LAN,,Penengah dunia analog ke digital penerjemah getaran suara nyanyian penyanyi mikrofon ruang kamar menjadi bahasa kode angka nol dan satu siap diolah aplikasi rekaman studio merdu,"Dua Lubang Campuran XLR Jantan Jack Besar Depan Pintu Masuk, Kabel Sambung Belakang Tipe-C Laptop"
848,Auralex MoPAD,Auralex,Bantalan Karet Isolasi Speaker Studio (Isolation Pad),,🔧,0,Busa Kepadatan Sangat Tinggi Miring Potong Bergelombang|LAN; Bantalan Segitiga Peninggi Penyesuai Sudut|LAN,,Kasur peredam getaran tempat duduk speaker kayu mencekik frekuensi bass menjalar ke meja kayu menyelamatkan hasil rekaman agar tidak terdengar dengung berlebihan karena pantulan perabotan,"Busa Kepadatan Sangat Tinggi Miring Potong Bergelombang, Bantalan Segitiga Peninggi Penyesuai Sudut"
849,Rode PSA1,Rode,Lengan Ayun Tiang Mikrofon Meja (Mic Stand Boom Arm),,🔧,0,Pegas Baja Tersembunyi Rapi Dalam Engsel Tarik Lengan Aluminium|Other; C-Clamp Penjepit Kuat Pinggir Meja Kayu Tebal|Other,,Lengan robotik melayang mulus memegang mic berat podcast di atas udara tanpa turun lemas menunduk siap digeser mendekat bibir penyiar radio kapanpun lampu tanda siaran menyala merah,"Pegas Baja Tersembunyi Rapi Dalam Engsel Tarik Lengan Aluminium, C-Clamp Penjepit Kuat Pinggir Meja Kayu Tebal"
850,K&M 23956 Pop Killer,K&M,Layar Kain Penghalang Angin Mulut (Pop Filter),,🔧,0,Cincin Plastik Mengikat Kain Nilon Lembut|Other; Leher Angsa Lentur Jepit Tiang Besi Bulat|Other,,Tameng jaring laba laba saringan ludah dan letupan huruf P memblokir semburan badai angin bibir penyanyi agar tidak menabrak merusak selaput tipis mikrofon vokal mahal jutaan rupiah,"Cincin Plastik Mengikat Kain Nilon Lembut, Leher Angsa Lentur Jepit Tiang Besi Bulat"
851,Elgato Wave Panels,Elgato,Panel Busa Peredam Suara Akustik Dinding (Acoustic Foam),,🔧,0,Busa Heksagonal Gelombang Bentuk Segi Enam Tebal Kepadatan Tinggi|Other; Rangka Plastik Klik Sambung Tempel Dinding|LAN,,Perangkap suara dinding sarang lebah menangkap mematikan gema jeritan kasar suara di dalam ruang kotak kosong sehingga suara siaran langsung tidak terdengar menggema seperti dari dalam kamar mandi,"Busa Heksagonal Gelombang Bentuk Segi Enam Tebal Kepadatan Tinggi, Rangka Plastik Klik Sambung Tempel Dinding"
852,Auralex LENRD Bass Traps,Auralex,Busa Penjebak Bass Sudut Ruangan (Bass Trap),,🔧,0,Busa Poliuretan Tebal Bentuk Segitiga Gergaji Ujung Sudut Ruangan|LAN; Permukaan Gelombang Peredam Suara|Other,,Kasur busa sudut raksasa penyerap tenaga ledakan frekuensi rendah dari speaker subwoofer mengembalikan kemurnian suara gitar melodi yang tertutup gemuruh boomy dengung di ruangan studio,"Busa Poliuretan Tebal Bentuk Segitiga Gergaji Ujung Sudut Ruangan, Permukaan Gelombang Peredam Suara"
853,Aputure Light Dome Grid,Aputure,Jaring Pengarah Cahaya Kotak Lembut (Lighting Grid Eggcrate),,🔧,0,Kain Nylon Hitam Jahitan Bentuk Sarang Lebah Persegi Berongga|Other; Tali Velcro Perekat Pinggir Keliling Mengikat Kencang|Other,,Tameng kotak kotak pembatas liar cahaya mengubah sinar lampu yang menyebar berantakan menabrak tembok dikunci lurus fokus menyorot dramatis wajah satu orang model saja di tengah kegelapan,"Kain Nylon Hitam Jahitan Bentuk Sarang Lebah Persegi Berongga, Tali Velcro Perekat Pinggir Keliling Mengikat Kencang"
854,Godox Bowens Mount Speed Ring,Godox,Cincin Logam Penahan Payung Cahaya (Bowens Speedring),,🔧,0,Logam Cor Bulat Cetakan Tiga Gigi Kunci Putar Kilat|Other; Lubang Masuk Besi Tarikan Tenda Softbox|Other,,Pondasi besi pancang pemegang tulang rusuk kain tenda lampu raksasa pengunci universal menghubungkan segala jenis payung modifikasi cahaya ke moncong lampu terang merek standar dunia,"Logam Cor Bulat Cetakan Tiga Gigi Kunci Putar Kilat, Lubang Masuk Besi Tarikan Tenda Softbox"
855,Westcott 43-Inch Optical White Umbrella,Westcott,Payung Pemantul Cahaya Putih (Umbrella Reflector),,🔧,0,Kain Nilon Putih Susu Mengkilap Memantulkan Permukaan Lebar Dalam|Other; Batang Logam Payung Padat Tengah Tusuk Lampu|Other,,Payung hujan ajaib di studio pemantul tembakan lampu mentah merubahnya jadi awan cahaya lembut membanjiri seluruh ruangan secara merata sangat pas untuk sesi foto keluarga berjumlah banyak,"Kain Nilon Putih Susu Mengkilap Memantulkan Permukaan Lebar Dalam, Batang Logam Payung Padat Tengah Tusuk Lampu"
856,Profoto Softlight Reflector White,Profoto,Mangkuk Pemantul Cahaya Fokus Wajah (Beauty Dish),,🔧,0,Logam Mangkuk Lebar Putih Datar Dalam|Other; Cakram Pemantul Balik Tengah Penghalang Cahaya Mentah Lurus|LAN,,Piring terbang besi pelukis wajah memantulkan sinar keras tapi membungkus lembut menciptakan lingkar cincin terang di bola mata model sangat legendaris di kalangan fotografer majalah fesyen,"Logam Mangkuk Lebar Putih Datar Dalam, Cakram Pemantul Balik Tengah Penghalang Cahaya Mentah Lurus"
857,ARRI 4-Leaf Barndoor,ARRI,Sayap Pintu Pembatas Cahaya Empat Arah (Barn Doors),,🔧,0,Empat Daun Pelat Besi Hitam Tahan Panas Berengsel Bebas Putar|Other; Kunci Jepit Penahan Kaca Warna Filter Depan|Power,,Penutup jendela besi penjaga batas cahaya membuka tutup lipatan atas bawah kiri kanan mengukir sinar lampu membentuk garis pisau tajam lurus atau kotak sempurna di layar dinding polos panggung,"Empat Daun Pelat Besi Hitam Tahan Panas Berengsel Bebas Putar, Kunci Jepit Penahan Kaca Warna Filter Depan"
858,Aputure Fresnel 2X,Aputure,Lensa Kaca Peningkat Fokus Cahaya (Fresnel Attachment),,🔧,0,Kaca Pembesar Berlapis Tebal Mangkuk Kaca Bertingkat|Power; Cincin Putar Mekanik Putar Ubah Ukuran Fokus Sebarkan|Other,,Kaca mata teleskop penguat tenaga lampu LED melipatgandakan kecerahan cahaya memfokuskan sinar menyebar jadi laser tajam kuat menerangi aktor yang berdiri jauh 10 meter di ujung lorong,"Kaca Pembesar Berlapis Tebal Mangkuk Kaca Bertingkat, Cincin Putar Mekanik Putar Ubah Ukuran Fokus Sebarkan"
859,Manfrotto 1004BAC Master Stand,Manfrotto,Tiang Lampu Penahan Angin Udara (Air Cushioned Stand),,🔧,0,Pipa Logam Aluminium Hitam Ringan Tarikan Bertingkat|LAN; Sistem Bantalan Per Udara Turun Pelan Pengereman Otomatis|LAN,,Kaki tiang lampu sihir menahan jatuh merosot bebas tiang besi saat kunci pengaman kendor lampu berat tidak langsung menghantam jari tangan melainkan turun sangat pelan tertiup tekanan udara dalam,"Pipa Logam Aluminium Hitam Ringan Tarikan Bertingkat, Sistem Bantalan Per Udara Turun Pelan Pengereman Otomatis"
860,Kupo 40-Inch Grip Arm,Kupo,Lengan Tiang Ayun Silang Berat (C-Stand Boom Arm),,🔧,0,Besi Baja Krom Padat Sepanjang Satu Meter Penuh|Other; Roda Gigi Capit Gigitan Super Kencang Ujung Kepala|Other,,Lengan pedang baja mengayun memegang lampu tepat di atas kepala penyanyi menyeberangi bingkai kamera tanpa kaki tiang bawah masuk terlihat tertangkap masuk ke dalam adegan video syuting,"Besi Baja Krom Padat Sepanjang Satu Meter Penuh, Roda Gigi Capit Gigitan Super Kencang Ujung Kepala"
861,Peak Design Anchor Links,Peak,Jaring Pengaman Lentur Kamera Berjalan (Safety Tether),/images_real/real_0826.jpg,🔧,0,Tali Kevlar Baja Tarik Cepat Pengunci Gesper Kuat|Other; Plastik Serat Penahan Tarikan Bantingan Keras Hitam Merah|Other,,Tali sabuk nyawa cadangan pengaman kamera gantung bahu sangat tipis tapi mampu menahan tarikan gravitasi beban 90 kilo mencegah hancurnya alat mahal akibat kelalaian jepitan tak sempurna,"Tali Kevlar Baja Tarik Cepat Pengunci Gesper Kuat, Plastik Serat Penahan Tarikan Bantingan Keras Hitam Merah"
862,Camplex 4K Active HDMI Cable,Camplex,Kabel Tarikan Panjang Sinkronisasi Gambar Layar (HDMI Optikal),,🔧,0,Kabel Lapis Serat Kaca Lentur Panjang Ekstra Kuat Pelindung Dalam|Power; Kepala HDMI Chipset Sinyal Lurus Tak Terputus|HDMI,,Tali pengantar gambar ke layar LED panggung maha besar memastikan gambar pemain game e-sports yang bergerak super cepat tidak patah atau tertinggal gerak bibirnya walau proyektor berjarak jauh,"Kabel Lapis Serat Kaca Lentur Panjang Ekstra Kuat Pelindung Dalam, Kepala HDMI Chipset Sinyal Lurus Tak Terputus"
863,Hollyland Solidcom C1 Pro Headset,Hollyland,Penstabil Dudukan Berputar Alat Komunikasi Sutradara,,🔧,0,Bando Lingkar Kepala Ringan Bantalan Karet Busa Telinga|LAN; Baterai Tukar Pakai Cepat Tarik Kotak Samping Tutup|Other,,Topi komunikasi tanpa kabel mesin penjaga koordinasi rahasia menghilangkan teriakan sutradara panik membiarkan operator berbicara bisik bisik di stadion bola ramai tanpa terganggu suara riuh penonton,"Bando Lingkar Kepala Ringan Bantalan Karet Busa Telinga, Baterai Tukar Pakai Cepat Tarik Kotak Samping Tutup"
864,Kupo Quick Release Pin,Kupo,Pengunci Pengait Baut Super Cepat Lepas Pasang (Quick Release Pin),,🔧,0,Pin Besi Bulat Baja Tarik Tekan Tombol Pegas Lingkaran Tangan Bawah|Other; Poros Bantalan Bola Kunci Pengait Kencang Tarik|LAN,,Gembok jari kilat melepas paku besi engsel lampu raksasa penyangga panggung dalam hitungan detik mencabut dan merakit ulang peralatan besi seberat baja tanpa butuh memutar kunci inggris pusing,"Pin Besi Bulat Baja Tarik Tekan Tombol Pegas Lingkaran Tangan Bawah, Poros Bantalan Bola Kunci Pengait Kencang Tarik"
865,DeoxIT D5 Contact Cleaner Spray,DeoxIT,Alat Pembersih Konektor Tembaga Emas Audio (Contact Cleaner),,🔧,0,Botol Semprot Kaleng Aerosol Bertekanan Ujung Pipa Merah Sangat Kecil Sasaran Titik Lubang Halus|LAN; Formula Cairan Pelarut Karat Oksidasi|Other,,Semprotan cairan nyawa penyembuh alat tua melunturkan kotoran kerak hijau di ujung kabel membasmi suara kresek statis dari colokan listrik maupun ujung jack gitar kembali mulus seperti baru,"Botol Semprot Kaleng Aerosol Bertekanan Ujung Pipa Merah Sangat Kecil Sasaran Titik Lubang Halus, Formula Cairan Pelarut Karat Oksidasi"
866,AC Infinity Aircom T9,AC,Sistem Pembuang Panas Rak Lemari Studio Kipas,,🔧,0,Tiga Kipas Angin Kotak Panel Logam Atas Rak Berdiri Duduk|LAN; Layar Kontrol Suhu Digital Merah Peringatan Pengatur Otomatis Pintar|Other,,Kipas penyedot es meniupkan topan hampa mengeluarkan udara mendidih panggang dari otak server render video mahal mencegah hang kerusakan akibat kepanasan di ruang tanpa AC sentral gedung,"Tiga Kipas Angin Kotak Panel Logam Atas Rak Berdiri Duduk, Layar Kontrol Suhu Digital Merah Peringatan Pengatur Otomatis Pintar"
867,Logickeyboard Astra 2 Premiere Pro,Logickeyboard,Papan Ketik Pintasan Editor (Editing Keyboard),,🔧,0,Dua Kabel USB Tipe A|LAN; Hub USB Internal Belakang|USB,,Papan ketik warna warni berisi peta rahasia jalan pintas tombol aplikasi edit video mempercepat kerja jari editor layaknya pianis tanpa harus mencari menu di layar,"Dua Kabel USB Tipe A, Hub USB Internal Belakang"
868,VocalBoothToGo Producer's Choice,VocalBoothToGo,Selimut Peredam Suara Ruangan (Sound Blanket),,🔧,0,Kain Katun Tebal Hitam Putih|Other; Cincin Logam Gantung Cincin Tarik Kuat|Other,,Selimut raksasa super tebal penolak gema disampirkan di dinding kaca studio podcast dadakan membungkam suara pantulan ruangan kosong agar terdengar seperti studio rekaman profesional,"Kain Katun Tebal Hitam Putih, Cincin Logam Gantung Cincin Tarik Kuat"
869,Matthews Matthellini Clamp,Matthews,Penjepit Pipa Panggung Cengkraman Kuat (Cardellini Clamp),,🔧,0,Rahang Baja Paralel|Other; Ulir Putar Panjang Ujung Pin 5|Other; 8 Inci|Other,,Tang jepit capit kepiting penjepit tiang bundar atau meja datar sekencang gigitan buaya menahan lampu panggung berat menggantung di sudut mustahil tanpa merusak cat perabotan,"Rahang Baja Paralel, Ulir Putar Panjang Ujung Pin 5, 8 Inci"
870,Radial ProDI,Radial,Kotak Penurun Sinyal Audio Lemah (Passive DI Box),/images_real/real_0112.jpg,🔧,0,Lubang Colokan 1|Other; 4 Inci Masuk|Other; Lubang XLR Jantan Keluar|Audio; Sakelar Pemutus Arus Tanah|Other,,Gerbang penjaga kemurnian suara gitar akustik mengubah sinyal rentan menjadi sinyal tahan banting siap melintasi puluhan meter kabel panggung tanpa menangkap dengung radio liar,"Lubang Colokan 1, 4 Inci Masuk, Lubang XLR Jantan Keluar, Sakelar Pemutus Arus Tanah"
871,SmallRig 15mm LWS Lens Support,SmallRig,Penahan Beban Lensa Raksasa (Lens Support Bracket),,🔧,0,Bantalan Karet Berbentuk Y Atas|LAN; Jepitan Pipa Ganda Rel 15mm Bawah Baut Kunci|LAN,,Cagak tongkat penyangga perut buncit lensa sinema berat menahan tarikan gravitasi agar tidak mematahkan leher dudukan kamera mirrorless yang ringkih,"Bantalan Karet Berbentuk Y Atas, Jepitan Pipa Ganda Rel 15mm Bawah Baut Kunci"
872,Kondor Blue Coiled BNC Cable,Kondor,Kabel Penggulung Monitor Sutradara (Coiled SDI Cable),,🔧,0,Kabel Spiral Lentur Karet Memanjang|Other; Colokan BNC Tembaga Murni Pengunci Putar|Other,,Tali telepon spiral pembawa gambar video yang bisa ditarik memanjang saat sutradara mendekat dan otomatis menggulung rapi memendek saat dijauhkan tanpa menjuntai mengotori lantai,"Kabel Spiral Lentur Karet Memanjang, Colokan BNC Tembaga Murni Pengunci Putar"
873,Pelican 1040 Micro Case,Pelican,Kotak Pengaman Hardisk Portabel (Hard Drive Case),/images_real/real_0837.jpg,🔧,0,Kotak Plastik Keras Tahan Pecah|Other; Katup Tekanan Udara Karet Kedap Air Anti Guncang Dalam|Other,,Brankas saku penahan peluru mengurung memori kartu SD dan hardisk SSD mahal dari guyuran hujan badai atau jatuh dari tebing memastikan data rekaman syuting aman tiba di studio,"Kotak Plastik Keras Tahan Pecah, Katup Tekanan Udara Karet Kedap Air Anti Guncang Dalam"
874,Kondor Blue D-Tap Hub,Kondor,Pembagi Aliran Listrik Kamera (D-Tap Splitter),,🔧,0,Satu Kabel D-Tap Masuk|Other; Empat Port D-Tap Keluar Lampu Indikator Hijau Menyala|LAN,,Terminal gurita pencabang satu colokan bensin baterai V-Mount dibelah menjadi empat menyuapi monitor lampu dan pemancar video nirkabel secara bersamaan tanpa korsleting,"Satu Kabel D-Tap Masuk, Empat Port D-Tap Keluar Lampu Indikator Hijau Menyala"
875,Tether Tools TetherBlock,Tether,Penjaga Kabel Tarikan USB Komputer (TetherBlock),/images_real/real_0557.jpg,🔧,0,Lempeng Besi Alas Kamera Ulir Bawah|Other; Jalur Cacing Berkelok Penjepit Kabel Oranye Masuk|Power,,Tameng pengaman lubang USB kamera mengunci kabel data berkelok di dasar pelat memastikan jika kabel tak sengaja terinjak asisten colokan kamera tidak patah tercabut paksa,"Lempeng Besi Alas Kamera Ulir Bawah, Jalur Cacing Berkelok Penjepit Kabel Oranye Masuk"
876,K&M 25950 Extra Low Mic Stand,K&M,Dudukan Mikrofon Bass Drum Panggung (Kick Drum Mic Stand),,🔧,0,Kaki Tiga Pendek Cor Besi Rata Tanah|Other; Tiang Boom Ayun Rendah Hitam Stabil Ekstra Berat|Other,,Tiang cebol super kaku merayap di lantai panggung menodongkan mikrofon masuk ke dalam lubang bass drum tanpa goyah bergetar menahan getaran dentuman musik rock,"Kaki Tiga Pendek Cor Besi Rata Tanah, Tiang Boom Ayun Rendah Hitam Stabil Ekstra Berat"
877,Pro Tapes Pro Double Sided Gaffer,Pro,Perekat Pita Kain Dua Sisi Karpet (Double Sided Gaffer),/images_real/real_0840.jpg,🔧,0,Gulungan Pita Kain Perekat Kuat Dua Sisi|Other; Lem Karet Sintetis Mudah Dikelupas Bersih|Other,,Lakban rahasia panggung menempelkan karpet merah ke lantai marmer gedung agar tidak tergeser licin saat tamu berjalan tanpa meninggalkan bekas lengket saat acara usai,"Gulungan Pita Kain Perekat Kuat Dua Sisi, Lem Karet Sintetis Mudah Dikelupas Bersih"
878,Luminex GigaCore 10,Luminex,Kotak Penjaga Keseimbangan Jaringan (Network Switch Taktis),,🔧,0,Rak Setengah Lebar Port LAN Terlindung Logam|LAN; Port Serat Optik Cadangan Jalur Data Dante Ganda|LAN,,Otak pengatur jalan tol data khusus audio visual memisahkan jalur suara lampu dan internet memastikan tidak ada data lagu yang macet walau jaringan sedang sibuk berat,"Rak Setengah Lebar Port LAN Terlindung Logam, Port Serat Optik Cadangan Jalur Data Dante Ganda"
879,SmallRig ARRI Standard Dovetail Clamp,SmallRig,Penjepit Rel Bawah Kamera Bongkar Cepat (Dovetail Clamp),,🔧,0,Balok Besi Penjepit Geser Rata Bawah|Other; Tuas Pengunci Cepat Tuas Samping Tarik Kencang|Other,,Sepatu seluncur dasar kamera meluncur masuk ke atas tripod raksasa dan mengunci mati seketika mengizinkan kameramen mengatur titik keseimbangan maju mundur dengan presisi,"Balok Besi Penjepit Geser Rata Bawah, Tuas Pengunci Cepat Tuas Samping Tarik Kencang"
880,Blind Spot NP-FW50 Dummy Battery,Blind,Kabel Catu Daya Baterai Palsu Kamera (Dummy Battery USB-C),,🔧,0,Baterai Plastik Kosong Cangkang Hitam|Other; Ekor Kabel USB Tipe-C Memanjang Colok Powerbank|LAN,,Baterai ilusi penipu sensor kamera mengambil tenaga murni dari colokan listrik powerbank luar mengakhiri mimpi buruk kehabisan baterai saat syuting wawancara tiga jam non stop,"Baterai Plastik Kosong Cangkang Hitam, Ekor Kabel USB Tipe-C Memanjang Colok Powerbank"
881,Hoodman HoodEye,Hoodman,Penutup Mata Jendela Bidik Kamera (Eyecup),/images_real/real_0844.jpg,🔧,0,Bantalan Karet Hitam Empuk Bentuk Tetesan Air|LAN; Cincin Dudukan Layar Intip Kamera Kunci Putar|LAN,,Bantal mata karet menolak bocoran sinar matahari dari samping menyelimuti mata fotografer dalam kegelapan murni agar bisa melihat fokus layar intip (viewfinder) dengan tajam,"Bantalan Karet Hitam Empuk Bentuk Tetesan Air, Cincin Dudukan Layar Intip Kamera Kunci Putar"
882,Domke Color Coded Protective Wrap,Domke,Busa Pelindung Lensa Dalam Tas (Lens Wrap),,🔧,0,Kain Tebal Busa Persegi Empat|Other; Sudut Sudut Velcro Perekat Mengunci Lingkar Lensa|Other,,Selimut lampin bayi pembungkus lensa atau monitor layar mengubah tas punggung biasa menjadi tas kamera anti bentur meredam guncangan selama perjalanan darat jalan berlubang,"Kain Tebal Busa Persegi Empat, Sudut Sudut Velcro Perekat Mengunci Lingkar Lensa"
883,Kupo Wooden C-47 Clothespins,Kupo,Alat Penjepit Kertas Naskah Jepitan Kayu (C47 Peg),,🔧,0,Kayu Jepitan Baju Klasik|Other; Pegas Kawat Besi Penahan Jepit|Other,,Jepitan jemuran legendaris andalan kuli lampu panggung menjepit kertas filter warna panas ke moncong lampu yang mendidih tanpa resiko jari melepuh atau jepitan meleleh,"Kayu Jepitan Baju Klasik, Pegas Kawat Besi Penahan Jepit"
884,Clear-Com RS-701,Clear-Com,Sistem Komunikasi Interkom Pekerja Tali (Wired Intercom Beltpack),/images_real/real_0847.jpg,🔧,0,Kotak Sabuk Besi Pengait Tali Pinggang|Other; Colokan XLR Kabel Jaringan Panggung|Audio; Tombol Bicara Lampu Panggil|Other,,Telepon pinggang kabel baja anti retas penghubung komunikasi krusial asisten lampu di atas atap panggung dengan sutradara di bawah tanpa takut sinyal radio putus,"Kotak Sabuk Besi Pengait Tali Pinggang, Colokan XLR Kabel Jaringan Panggung, Tombol Bicara Lampu Panggil"
885,Village Blackout Tent,Village,Tenda Pemblokir Cahaya Hitam Sutradara (Director's Tent),/images_real/real_0848.jpg,🔧,0,Kain Parasut Hitam Tebal Anti Cahaya Tahan Air|Other; Rangka Pop Up Lipat Cepat Buka Tutup Instan|LAN,,Gua kegelapan portabel di tengah lapangan terang benderang menyembunyikan sutradara dan monitornya ke dalam ruang gelap sempurna untuk mengecek detail warna film tanpa gangguan,"Kain Parasut Hitam Tebal Anti Cahaya Tahan Air, Rangka Pop Up Lipat Cepat Buka Tutup Instan"
886,Rip-Tie Cable Wrap,Rip-Tie,Sabuk Pengikat Kabel Sisa (Cable Tie Velcro),/images_real/real_0849.jpg,🔧,0,Pita Kain Nilon Cakar Velcro Berbulu Tarik|Other; Lubang Sabuk Pengunci Ekor Ujung Lilit|Other,,Sabuk pengikat rajin merapikan usus kabel menjuntai 20 meter digulung bulat menjadi cincin rapi yang siap disimpan ke dalam peti tanpa resiko kusut mematikan di kemudian hari,"Pita Kain Nilon Cakar Velcro Berbulu Tarik, Lubang Sabuk Pengunci Ekor Ujung Lilit"
887,Falcon Dust-Off Electronics Compressed Air,Falcon,Alat Penyemprot Udara Pembersih Mesin (Canned Air),,🔧,0,Kaleng Bertekanan Gas Cair|Other; Pipa Sedotan Merah Kecil Ujung Semprotan Badai Debu|LAN,,Meriam angin kalengan menembakkan topan mini menyapu bersih butiran pasir tersembunyi di sela sela tombol mixer audio dan celah pendingin laptop yang tak terjangkau sikat,"Kaleng Bertekanan Gas Cair, Pipa Sedotan Merah Kecil Ujung Semprotan Badai Debu"
888,Petzl Tikka Core,Petzl,Lampu Kepala Teknisi Panggung Gelap (Headlamp),,🔧,0,Ikat Kepala Karet Sabuk Elastis Dahi|Other; Lampu LED Putih Terang Lampu Merah Siluman|Other; Baterai Cas Ulang|LAN,,Mata ketiga bercahaya di dahi teknisi membebaskan kedua tangannya merakit kabel ruwet di kolong panggung gelap tanpa menyilaukan mata artis berkat mode lampu merah redup,"Ikat Kepala Karet Sabuk Elastis Dahi, Lampu LED Putih Terang Lampu Merah Siluman, Baterai Cas Ulang"
889,Shure RG8X BNC Cable,Shure,Kabel Ekstensi Antena Audio Nirkabel Luar (BNC Antenna Cable),,🔧,0,Kabel Koaksial Tembaga Tebal Kehilangan Sinyal Rendah|LAN; Colokan BNC Putar Tahan Tarikan Besi|Other,,Pipa saluran darah frekuensi radio menarik posisi antena penerima dari dalam lemari besi tertutup keluar ke atas panggung bebas hambatan memeluk gelombang suara dari jauh,"Kabel Koaksial Tembaga Tebal Kehilangan Sinyal Rendah, Colokan BNC Putar Tahan Tarikan Besi"
890,K&M Thread Adapter 3/8 to 5/8,K&M,Adaptor Sambungan Tiang Mikrofon Ulir (Mic Stand Thread Adapter),/images_real/real_0853.jpg,🔧,0,Besi Kuningan Padat Silinder Kecil Ulir Dalam Ulir Luar Keras Anti Karat Kasar Pinggir|Other,,Penyelamat nyawa seukuran koin penyambung ketidakcocokan lubang leher mic eropa kecil dipaksa masuk mengunci ke tiang penyangga mic amerika besar tanpa goyah sedikitpun,Besi Kuningan Padat Silinder Kecil Ulir Dalam Ulir Luar Keras Anti Karat Kasar Pinggir
891,Manfrotto 454 Micrometric Positioning Plate,Manfrotto,Plat Dasar Kamera Pengatur Keseimbangan Halus (Micro Balancing Plate),,🔧,0,Papan Aluminium Rel Rel Roda Gigi Halus Putar|Other; Tuas Kenop Putar Pengatur Geser Maju Mundur Milimeter|Other,,Mesin geser milimeter pelat dasar andalan fotografer makro memajukan lensa ke mata serangga secara sangat pelan tanpa memutar cincin fokus menjaga ketajaman ruang gambar,"Papan Aluminium Rel Rel Roda Gigi Halus Putar, Tuas Kenop Putar Pengatur Geser Maju Mundur Milimeter"
892,Spider Camera Holster SpiderPro,Spider,Sistem Pengunci Sabuk Kamera Kilat Lari (Camera Holster),,🔧,0,Sabuk Pinggang Bantalan Busa|LAN; Pelat Logam Gembok Tarik Pinggul Kamera Jatuh Bebas|Other,,Sarung pistol koboi penyimpan kamera berat di pinggang pinggul fotografer pernikahan membebaskan tangan untuk mengatur gaun pengantin tanpa kalung tali leher yang menyiksa bahu,"Sabuk Pinggang Bantalan Busa, Pelat Logam Gembok Tarik Pinggul Kamera Jatuh Bebas"
893,Accsoon CineEye 2,Accsoon,Monitor Layar Telepon Pintar Sutradara Nirkabel (Smartphone Monitor Mount),,🔧,0,Pemancar Kotak Kecil Sinyal Wifi|Wireless; Antena Lipat Ganda Lurus Kirim Sinyal Ke Aplikasi HP Tablet|LAN,,Pemancar video ajaib tanpa layar menembakkan gambar langsung ke empat iPad atau HP kru panggung mengubah ponsel biasa menjadi monitor sutradara nirkabel beresolusi tinggi,"Pemancar Kotak Kecil Sinyal Wifi, Antena Lipat Ganda Lurus Kirim Sinyal Ke Aplikasi HP Tablet"
894,Kase Neutral Night Filter,Kase,Filter Lensa Pelindung Cahaya Bintang Malam (Light Pollution Filter),,🔧,0,Kaca Optik Pelapis Anti Pantul Nano Kaca Bulat Filter|Power; Cincin Logam Aluminium Hitam Ulir Rapat|Other,,Kacamata penangkal polusi lampu kota memblokir semburat kuning lampu jalanan malam hari mengembalikan langit malam menjadi gelap pekat bertabur bintang bersinar natural,"Kaca Optik Pelapis Anti Pantul Nano Kaca Bulat Filter, Cincin Logam Aluminium Hitam Ulir Rapat"
895,Tilta Gimbal Counterweight 100g,Tilta,Pemberat Keseimbangan Kamera Punggung (Counterweight),,🔧,0,Silinder Logam Baja Berat Padat|Other; Baut Ulir Bawah Lubang Ulir Atas Sambung Susun Tumpuk|Other,,Koin besi pemberat dewa penyeimbang nyawa motor gimbal ditaruh di ujung lengan kamera menetralkan beban lensa raksasa di depan agar mesin stabilisator tidak menjerit kepanasan,"Silinder Logam Baja Berat Padat, Baut Ulir Bawah Lubang Ulir Atas Sambung Susun Tumpuk"
896,Godox MF12 Macro Flash,Godox,Cincin Lampu Pendar Makro Kaca Lensa (Macro Ring Flash),,🔧,0,Dua Kepala Lampu Kilat Kecil Geser Dudukan Cincin Lensa|Other; Baterai Internal Tipe-C Cas Ulang Nirkabel|Wireless,,Gelang cahaya malaikat memeluk moncong lensa menembakkan cahaya lembut membasmi bayangan saat memotret cincin berlian atau tekstur mata serangga dari jarak sangat dekat,"Dua Kepala Lampu Kilat Kecil Geser Dudukan Cincin Lensa, Baterai Internal Tipe-C Cas Ulang Nirkabel"
897,Dyson Purifier Cool,Dyson,Sistem Pembersih Udara Ruang Studio (Studio Air Purifier),/images_real/real_0860.jpg,🔧,0,Menara Silinder Kipas Angin Tanpa Baling Baling|LAN; Filter HEPA Karbon Aktif Layar Indikator Debu Halus|LAN,,Penyaring paru paru studio mengisap debu halus tak kasat mata dan asap rokok menjaga sensor kamera yang sedang diganti lensanya terbebas dari serangan bintik noda kotoran udara,"Menara Silinder Kipas Angin Tanpa Baling Baling, Filter HEPA Karbon Aktif Layar Indikator Debu Halus"
898,Sprig Cable Organizer,Sprig,Sabuk Pengikat Kabel Kamera Ke Tripod (Tripod Cable Strap),,🔧,0,Pengait Karet Elastis Kecil Elastis Baut Putar Jepitan Lentur Cengkraman Tekan Putar|Other,,Jamur karet mungil masuk mengunci ke lubang bodi kamera menahan laju kabel HDMI layar agar tidak menjuntai tersangkut dahan pohon saat kameramen berlari menyusuri hutan,Pengait Karet Elastis Kecil Elastis Baut Putar Jepitan Lentur Cengkraman Tekan Putar
899,Vanguard Alta Fly Umbrella,Vanguard,Payung Tenda Kamera Tahan Hujan Lapangan (Camera Umbrella),,🔧,0,Payung Lipat Kanopi Ganda Tahan Angin Kencang Badai|LAN; Gagang Penjepit Jepit Besi Tiang Tripod Stabil|LAN,,Kanopi peneduh nyawa menempel mati mencengkram kaki tripod melindungi tubuh kamera mirrorless dari sengatan hujan badai selagi memotret balapan mobil di pinggir lintasan lumpur,"Payung Lipat Kanopi Ganda Tahan Angin Kencang Badai, Gagang Penjepit Jepit Besi Tiang Tripod Stabil"
900,Brainwavz Angled Memory Foam Earpads,Brainwavz,Bantalan Telinga Cadangan Headphone (Replacement Earpads),,🔧,0,Busa Memori Inti Tebal Lentur Miring Menyesuaikan Sudut Rahang|Other; Kain Velour Kulit Sintetis Lembut Menempel Kuping|Other,,Donat busa keselamatan telinga menggantikan bantalan keras pabrik memberikan isolasi suara sempurna dan kenyamanan mewah walau editor memakai headphone 10 jam tanpa lepas,"Busa Memori Inti Tebal Lentur Miring Menyesuaikan Sudut Rahang, Kain Velour Kulit Sintetis Lembut Menempel Kuping"
901,HobbyTiger LiPo Battery Safe Bag,HobbyTiger,Kotak Pembawa Baterai Kamera Aman Terbang (LiPo Safe Bag),,🔧,0,Kain Serat Kaca Tahan Api Tebal Anyaman Kuat|Power; Penutup Segel Velcro Lebar Tahan Ledakan Internal Api|Other,,Kantong penjinak bom penyimpan baterai drone bertenaga raksasa menahan kobaran api jika terjadi korsleting di dalam bagasi kabin pesawat menyelamatkan kru dari bencana udara,"Kain Serat Kaca Tahan Api Tebal Anyaman Kuat, Penutup Segel Velcro Lebar Tahan Ledakan Internal Api"
902,Titus Communications On Air Light,Titus,Lampu Indikator Peringatan Pintu Studio (On-Air Warning Light),/images_real/real_0865.jpg,🔧,0,Kotak Akrilik Merah Teks Putih Nyala Cerah|Other; Adaptor Listrik Relai Sambungan Ke Meja Mixer Audio|Audio,,Rambu dilarang masuk menyala terang berdarah di atas pintu studio podcast mencegah panitia acara membuka pintu sembarangan dan bersuara saat siaran internet sedang mengudara,"Kotak Akrilik Merah Teks Putih Nyala Cerah, Adaptor Listrik Relai Sambungan Ke Meja Mixer Audio"
903,SmallRig NATO Wooden Side Handle,SmallRig,Gagang Kayu Kamera Pegangan Samping (Wooden Side Handle),,🔧,0,Kayu Rosewood Asli Pahat Ergonomis|Other; Penjepit Geser Rel NATO Besi Kunci Cepat Sepatu Dingin Atas|Other,,Tuas persneling kemudi samping kamera dari kayu hangat yang tidak beku dipegang saat musim salju memberikan kestabilan dua tangan menahan getaran gaya berjalan kameramen,"Kayu Rosewood Asli Pahat Ergonomis, Penjepit Geser Rel NATO Besi Kunci Cepat Sepatu Dingin Atas"
904,Mogami Gold EXT 1/4 Inch Extension,Mogami,Kabel Pemanjang Lubang Colokan Headphone Panggung (Headphone Extension),,🔧,0,Colokan Laki Besar Ke Colokan Perempuan Besar|Other; Inti Tembaga Tebal Lentur Bebas Oksigen 10 Meter|Other,,Tali pengantar musik murni membebaskan vokalis di bilik rekam bergerak menjauh 10 meter dari mesin ampli tanpa sedikitpun penurunan kualitas suara nada tinggi atau dentum bass,"Colokan Laki Besar Ke Colokan Perempuan Besar, Inti Tembaga Tebal Lentur Bebas Oksigen 10 Meter"
905,Gaffer Power Floor Cable Cover,Gaffer,Sistem Penutup Kabel Lantai Tipis Isolasi (Floor Cable Cover Tapes),,🔧,0,Lakban Lebar Tengah Bening Tanpa Lem Kiri Kanan Berperekat Kuat|Other; Bahan Tahan Sobek Kain Sintetis|Other,,Karpet plester pintar menyekap ular kabel di tengah jalan lantai tanpa menempelkan lem merusak ke kulit kabel menyelamatkan langkah penonton dan kemudahan bongkar kru acara,"Lakban Lebar Tengah Bening Tanpa Lem Kiri Kanan Berperekat Kuat, Bahan Tahan Sobek Kain Sintetis"
906,Seismic Audio 4-Channel XLR Snake,Seismic,Kotak Distributor Sinyal Audio Kamera Lensa Jauh (Audio Snake Cable),,🔧,0,Kotak Besi Lemparan Lantai Empat Lubang XLR Betina|Audio; Kabel Induk Tebal Ekor Empat XLR Jantan Jauh|Audio,,Selang pemadam suara membungkus empat urat kabel mic menjadi satu ular besar mengurangi kekacauan juntaian kabel di lantai dari set drum panggung menuju mesin mixer di sudut ruangan,"Kotak Besi Lemparan Lantai Empat Lubang XLR Betina, Kabel Induk Tebal Ekor Empat XLR Jantan Jauh"
907,Klein Tools 5165 10-Pocket Tool Pouch,Klein,Sabuk Kantong Alat Tukang Panggung (Tool Pouch Bag),,🔧,0,Kulit Asli Keras Tahan Tusukan Pisau Jahitan Keling Besi|Other; Kantung Obeng Tang Lakban Senter Gantung Pinggang|Other,,Sabuk batman teknisi lampu menyimpan segala kunci inggris senter dan gunting kabel di pinggul siap dicabut seketika saat harus memperbaiki lampu gantung panas di atas tangga tinggi,"Kulit Asli Keras Tahan Tusukan Pisau Jahitan Keling Besi, Kantung Obeng Tang Lakban Senter Gantung Pinggang"
908,Gator Frameworks Music Stand Clip,Gator,Klip Penjepit Lembaran Naskah Panggung (Music Stand Clip),,🔧,0,Penjepit Mulut Buaya Plastik Keras|Other; Per Kawat Baja Sangat Keras Cengkraman Kertas Anti Terbang Angin|Other,,Gigi buaya penyelamat partitur penyanyi mengunci kertas susunan acara di papan besi agar tidak terbang buyar ditiup angin topan kipas pendingin panggung yang kencang,"Penjepit Mulut Buaya Plastik Keras, Per Kawat Baja Sangat Keras Cengkraman Kertas Anti Terbang Angin"
909,Nanlite PavoTube 15C,Nanlite,Lampu Tongkat LED Berwarna Efek Video (RGB Tube Light),,🔧,0,Tongkat Cahaya Silinder Panjang|Other; Baterai Internal Kontrol Layar Tombol Ujung Kiri Kanan Bawah|Other,,Pedang laser jedi penyala warna meratakan cahaya di ruangan sempit bisa digantung di plafon mobil merubah suasana adegan balap malam hari menjadi nuansa neon film aksi futuristik,"Tongkat Cahaya Silinder Panjang, Baterai Internal Kontrol Layar Tombol Ujung Kiri Kanan Bawah"
910,Kessler Kwik Release Base,Kessler,Pelat Penggeser Bawah Kamera Rilis Cepat (Quick Release Baseplate),,🔧,0,Bongkahan Logam Penerbangan Pelat Arca Swiss Geser Masuk|Audio; Tuas Kunci Samping Jatuh Kunci Jepit Baja Otomatis|Other,,Landasan pacu pendaratan kamera mengunci mati alat berat dalam hitungan satu detik bunyi klik tanpa harus repot memutar mutar baut sekrup di bawah terik matahari panggung,"Bongkahan Logam Penerbangan Pelat Arca Swiss Geser Masuk, Tuas Kunci Samping Jatuh Kunci Jepit Baja Otomatis"
911,Ambient Recording NanoLockit,Ambient,Kotak Antarmuka Mesin Waktu Video (Timecode Generator),,🔧,0,Kotak Mungil Kabel Lemo Merah|Other; Pemancar Radio Internal Sinyal Waktu Sinkronisasi Cepat Baterai Internal|Other,,Detak jantung nirkabel pencetak angka jam menit detik ke dalam gambar dan suara kamera memastikan tiga kamera terpisah disatukan di ruang edit video secara otomatis dalam satu klik,"Kotak Mungil Kabel Lemo Merah, Pemancar Radio Internal Sinyal Waktu Sinkronisasi Cepat Baterai Internal"
912,Hollyland Mars 300 Pro,Hollyland,Modul Pemancar Sinyal Layar Teleprompter (Prompter Video Sender),,🔧,0,Kotak Logam Pengirim Sinyal HDMI|HDMI; Antena Ganda Eksternal Layar OLED Indikator Status Baterai Sinyal Bawah|LAN,,Tukang pos gambar tanpa kabel melempar naskah pidato dari laptop operator di belakang panggung langsung muncul di kaca cermin depan wajah presiden tanpa butuh tarikan kabel tebal,"Kotak Logam Pengirim Sinyal HDMI, Antena Ganda Eksternal Layar OLED Indikator Status Baterai Sinyal Bawah"
913,Kupo 226M Master C-Stand with Turtle Base,Kupo,Alas Dudukan Monitor TV Lantai Beroda (Monitor Rolling Stand),,🔧,0,Kaki Kura Kura Baja Berat Roda Rem Ganda|Other; Tiang Tinggi Teleskopik Pipa Krom Mulus Tahan Karat Bantingan|LAN,,Kaki baja beroda penyangga layar TV raksasa 50 inci yang bisa didorong mudah pindah sudut ruangan oleh satu jari asisten tanpa takut TV goyah atau ambruk menimpa kaki kru,"Kaki Kura Kura Baja Berat Roda Rem Ganda, Tiang Tinggi Teleskopik Pipa Krom Mulus Tahan Karat Bantingan"
914,Tilta 15mm Rod Battery Plate,Tilta,Penyangga Rel Pipa Tambahan Bawah Baterai (Rod Battery Plate),,🔧,0,Pelat V-Mount Jepitan Ganda Rel Pipa 15mm Aluminium Cor|LAN; Kabel Keluaran Daya Lurus Kamera Layar Samping|Other,,Gantungan ransel listrik menambatkan baterai balok raksasa ke ujung belakang pipa kamera berfungsi menyuplai listrik abadi sekaligus menjadi pemberat keseimbangan leher kamera,"Pelat V-Mount Jepitan Ganda Rel Pipa 15mm Aluminium Cor, Kabel Keluaran Daya Lurus Kamera Layar Samping"
915,Neutrik NA2-IO-DLINE,Neutrik,Kotak Pelindung Sinyal Audio Jaringan (Dante Breakout Box),,🔧,0,Kotak Karet Tahan Banting Dua XLR Masuk Dua XLR Keluar|Audio; Port LAN Jaringan Kunci Ekor Tarikan Anti Lepas Karet Tahan Air|LAN,,Terminal karet ajaib mengubah suara analog murni langsung menjadi bahasa data internet seketika siap dilempar melalui kabel LAN tunggal menuju truk siaran luar sejauh 100 meter,"Kotak Karet Tahan Banting Dua XLR Masuk Dua XLR Keluar, Port LAN Jaringan Kunci Ekor Tarikan Anti Lepas Karet Tahan Air"
916,Kondor Blue Battery Warmer,Kondor,Sabuk Pembalut Penghangat Baterai Dingin Salju (Battery Heater),,🔧,0,Kantung Kain Panas Tali Velcro Balut Baterai Kabel Daya|Other; Elemen Panas Internal Jaga Suhu Baterai Operasional|Other,,Selimut penghangat nyawa mesin mencegah baterai kamera mati beku mendadak saat syuting liputan dokumenter beruang kutub di tengah hamparan badai salju minus sepuluh derajat,"Kantung Kain Panas Tali Velcro Balut Baterai Kabel Daya, Elemen Panas Internal Jaga Suhu Baterai Operasional"
917,B+W 77mm Circular Polarizer Kaesemann,B+W,Filter Lensa Kaca Pemecah Pantulan Air (Polarizer Filter),,🔧,0,Kaca Gelap Putar Dua Lapis Bingkai Kuningan Anti Macet Ulir|Power; Lapisan Pelindung Nano Penolak Debu Air Tetesan Jatuh|Other,,Kacamata pesulap pemotong silau pantulan matahari di kaca mobil dan permukaan danau tembus pandang memperlihatkan ikan di dasar air sekaligus membirukan langit putih pucat,"Kaca Gelap Putar Dua Lapis Bingkai Kuningan Anti Macet Ulir, Lapisan Pelindung Nano Penolak Debu Air Tetesan Jatuh"
918,Rode PG2-R Pistol Grip,Rode,Gagang Pegangan Mikrofon Kamera Eksternal (Shockmount Pistol Grip),,🔧,0,Gagang Karet Berongga Berbentuk Pistol Ergonomis|Other; Tali Karet Penahan Getaran Lengan Penjepit Mic Panjang Atas|Audio,,Pegangan pistol anti gempa memegang mikrofon senapan jauh dari jangkauan kamera memastikan suara langkah kaki dan gesekan tangan kru tidak terekam masuk mengotori kejernihan dialog,"Gagang Karet Berongga Berbentuk Pistol Ergonomis, Tali Karet Penahan Getaran Lengan Penjepit Mic Panjang Atas"
919,SmallHD 702 Touch,SmallHD,Layar Monitor Kecerahan Tinggi Luar Ruang (High Bright Monitor),,🔧,0,Layar Sentuh 7 Inci Resolusi Penuh 1500 Nits Terang Benderang|Other; Dua Plat Baterai Belakang Port SDI HDMI Sisi|HDMI,,Jendela kebenaran yang bersinar mengalahkan terik matahari siang memampukan sutradara mengecek ketepatan fokus mata aktor tanpa harus bersembunyi di balik tenda kain hitam,"Layar Sentuh 7 Inci Resolusi Penuh 1500 Nits Terang Benderang, Dua Plat Baterai Belakang Port SDI HDMI Sisi"
920,Area51 Tether Co. USB-C Cable,Area51,Kabel Ekstensi USB-C Kecepatan Penuh Komputer (USB-C Tether Cable),,🔧,0,Kabel Tali Sepatu Rajut Tahan Putus Terinjak Merah Menyala|Other; Kepala USB-C Siku Menempel Sisi Kamera Lurus Data|USB,,Tali pusar data berkecepatan roket mentransfer ratusan foto mentah resolusi tinggi dari kamera ke laptop editor dalam hitungan milidetik saat sesi pemotretan model majalah sedang berlangsung,"Kabel Tali Sepatu Rajut Tahan Putus Terinjak Merah Menyala, Kepala USB-C Siku Menempel Sisi Kamera Lurus Data"
921,Ulanzi FM01 Filmog Ace,Ulanzi,Mesin Asap Ringan Portabel Fotografi (Handheld Smoke Machine),,🔧,0,Tabung Botol Kecil Seukuran Botol Air Genggam Tangan Baterai|Other; Pipa Semprot Asap Pengatur Ketebalan Asap Jarak Dekat|LAN,,Penyembur kabut mini saku memunculkan efek asap kopi panas buatan atau efek kabut misterius di atas meja produk makanan tanpa perlu menyalakan mesin asap panggung raksasa,"Tabung Botol Kecil Seukuran Botol Air Genggam Tangan Baterai, Pipa Semprot Asap Pengatur Ketebalan Asap Jarak Dekat"
922,Manfrotto MB MBAG120PN,Manfrotto,Tas Pelindung Tripod Beroda Jalan (Tripod Roller Bag),,🔧,0,Kain Balistik Nilon Tahan Sobek Tabung Panjang Roda Ujung|Other; Lapisan Dalam Busa Tahan Benturan Tutup Ritsleting Lingkar|Other,,Kantung pedang raksasa beroda melindungi kaki tripod serat karbon dari goresan dan benturan bagasi pesawat memudahkan asisten menariknya di aspal bandara tanpa merusak tulang bahu,"Kain Balistik Nilon Tahan Sobek Tabung Panjang Roda Ujung, Lapisan Dalam Busa Tahan Benturan Tutup Ritsleting Lingkar"
923,K-Tek KSTGMIX String Ring,K-Tek,Cincin Lampu Pengatur Suara Berjalan (Audio Mixer Bag Ring),,🔧,0,Gelang Baja Kecil Penahan Tali|LAN; Karet Penarik Kantung Mixer Dada Mengikat Pinggang Menahan Beban|Other,,Cincin ajaib penarik sabuk tas audio menempel erat di dada penata suara mencegah tas melompat lompat membentur perut saat berlari mengejar aktor melintasi jalanan setapak hutan,"Gelang Baja Kecil Penahan Tali, Karet Penarik Kantung Mixer Dada Mengikat Pinggang Menahan Beban"
924,Wooden Camera Dual V-Mount Plate,Wooden,Kotak Baterai Tambahan Layar Sutradara (Monitor Battery Plate),/images_real/real_0886.jpg,🔧,0,Papan Aluminium Rel Ganda Dua Baterai V-Mount Parkir Rapat|Power; Kabel Daya Langsung Layar Monitor Daya Berkelanjutan|LAN,,Gudang bensin listrik layar TV menyatukan kekuatan dua baterai menyalakan monitor raksasa secara non stop memampukan baterai ditukar bergantian tanpa harus mematikan layar di tengah syuting,"Papan Aluminium Rel Ganda Dua Baterai V-Mount Parkir Rapat, Kabel Daya Langsung Layar Monitor Daya Berkelanjutan"
925,Shurtape CP 743 Matte Black,Shurtape,Perekat Isolasi Hitam Pemblokir Cahaya Lensa (Black Masking Tape),,🔧,0,Pita Kertas Hitam Buram Tidak Memantulkan Cahaya Permukaan Kasar|Other; Lem Karet Mudah Lepas Tanpa Residu Lensa Kamera|Other,,Lakban ninja tanpa bayangan menutupi lampu indikator merah di bodi kamera yang bocor memantul di kaca jendela mobil saat syuting malam hari menyelamatkan adegan dari pantulan alien,"Pita Kertas Hitam Buram Tidak Memantulkan Cahaya Permukaan Kasar, Lem Karet Mudah Lepas Tanpa Residu Lensa Kamera"
926,Ergotron LX Desk Monitor Arm,Ergotron,Lengan Ekstensi Layar Komputer Rak (Monitor Articulating Arm),,🔧,0,Lengan Baja Pegas Hidrolik Gas Tarik Bebas Atas Bawah|Other; Klem Penjepit Meja Besi Putar Layar Penuh Belakang|Other,,Tangan robot hidrolik penahan monitor komputer editor mengambang di udara bebas ditarik mendekat saat mengedit detail piksel dan didorong menjauh saat meninjau hasil video keseluruhan,"Lengan Baja Pegas Hidrolik Gas Tarik Bebas Atas Bawah, Klem Penjepit Meja Besi Putar Layar Penuh Belakang"
927,Aputure Space Light,Aputure,Sistem Pembuangan Hawa Panas Lampu Video (Lighting Modifier Exhaust),,🔧,0,Kain Silinder Tenda Putih Bawah Bolong Serut Tali Panjang|Other; Lubang Udara Atas Menjaga Sirkulasi Panas Lampu Keluar|Other,,Karung cahaya ajaib penyebar sinar lurus ke bawah meja bundar rapat meminimalisir bocoran cahaya ke tembok sekaligus menjaga kepala lampu tidak meledak akibat panas terperangkap,"Kain Silinder Tenda Putih Bawah Bolong Serut Tali Panjang, Lubang Udara Atas Menjaga Sirkulasi Panas Lampu Keluar"
928,RAM Mounts Tough-Claw,RAM,Penjepit Pipa Kamera Aksi Setang Sepeda (Action Cam Handlebar Mount),,🔧,0,Cakar Kepiting Karet Penjepit Setang Besi Berbagai Ukuran Cengkeram|Other; Kepala Bola Karet Putar Lengan Pendek Jepit Kamera Kecil|Other,,Gigitan harimau karet mencengkram setang motor trail kuat menahan guncangan mesin dan getaran jalan berbatu memastikan kamera aksi tetap menatap tajam ke depan tanpa merunduk lemas,"Cakar Kepiting Karet Penjepit Setang Besi Berbagai Ukuran Cengkeram, Kepala Bola Karet Putar Lengan Pendek Jepit Kamera Kecil"
929,Nitecore MT06MD,Nitecore,Lampu Senter Penerang Warna Asli Kulit (High CRI Flashlight),,🔧,0,Bodi Pena Logam Kecil Aluminium Penjepit Saku Baju Depan|Other; Lampu LED Khusus Akurasi Warna CRI Tinggi Tidak Merusak Mata|Other,,Senter saku dokter andalan sutradara pencahayaan mengecek keaslian warna cat tembok set panggung dalam kegelapan tanpa tertipu oleh cahaya kuning lampu senter HP biasa,"Bodi Pena Logam Kecil Aluminium Penjepit Saku Baju Depan, Lampu LED Khusus Akurasi Warna CRI Tinggi Tidak Merusak Mata"
930,Rode SC6-L Mobile Interview Kit,Rode,Kabel Pembagi Audio Telepon Seluler Siaran (Smartphone Audio TRRS),,🔧,0,Kotak Kecil Dua Lubang Mikrofon Masuk Satu Lubang Earphone Keluar|Other; Colokan Petir Apple Langsung Masuk Perut HP|LAN,,Terminal mungil pengubah iPhone menjadi mesin siaran radio dua arah merekam suara dua orang wawancara jernih sambil membiarkan produser mendengarkan hasilnya secara langsung,"Kotak Kecil Dua Lubang Mikrofon Masuk Satu Lubang Earphone Keluar, Colokan Petir Apple Langsung Masuk Perut HP"
931,Safety Cable 30 Inch,Safety,Gantungan Kait Penahan Kabel Lampu Tali (Cable Lanyard Safety),/images_real/real_0893.jpg,🔧,0,Kabel Baja Berlapis Plastik Transparan Lingkar Cincin Karabiner Kunci Kuat|Other; Tahan Beban Tarikan 20 Kilogram Panas Lampu|Other,,Kawat pengikat nyawa kedua melingkar di tiang dan leher lampu mencegah jatuhnya lampu panggung seberat batu menghantam penonton saat sekrup utama patah di udara,"Kabel Baja Berlapis Plastik Transparan Lingkar Cincin Karabiner Kunci Kuat, Tahan Beban Tarikan 20 Kilogram Panas Lampu"
932,Shure A85WS,Shure,Penutup Kaca Depan Mikrofon Busa Raksasa (Large Mic Windscreen),,🔧,0,Busa Hitam Tebal Berongga Kepadatan Tinggi|Other; Lubang Karet Lentur Masuk Menjepit Kepala Mikrofon Rapat Kuat|Other,,Helm busa pelindung angin menyelimuti kapsul mic dari letupan huruf vokal napas penyanyi jarak dekat menjinakkan suara nafas hidung agar tak terdengar seperti badai topan di telinga pendengar,"Busa Hitam Tebal Berongga Kepadatan Tinggi, Lubang Karet Lentur Masuk Menjepit Kepala Mikrofon Rapat Kuat"
933,Dana Dolly Portable System,Dana,Sistem Rel Peluncur Kamera Tanah Cepat (Speed Rail Slider),/images_real/real_0895.jpg,🔧,0,Plat Roda Enam Belas Bearing Putar Mulus Lurus Halus Roda Karet|Other; Rel Pipa Baja Bebas Ukuran Dudukan Tiang Kaki Tiga Rendah|LAN,,Mesin kereta api kamera legendaris meluncur membelah ruang di atas pipa baja murah yang bisa dibeli di toko bangunan menciptakan gerakan melayang mulus alat berat tanpa getar,"Plat Roda Enam Belas Bearing Putar Mulus Lurus Halus Roda Karet, Rel Pipa Baja Bebas Ukuran Dudukan Tiang Kaki Tiga Rendah"
934,Sockitbox Weatherproof Connection Box,Sockitbox,Kotak Pengaman Colokan Listrik Luar Ruangan (Weatherproof Plug Cover),,🔧,0,Kotak Silinder Karet Segel Rapat Kunci Lipat Samping|LAN; Jalur Lubang Bawah Silikon Penjepit Masuk Keluar Kabel Listrik|Power,,Rumah perlindungan darurat membungkus colokan listrik panggung dari hantaman genangan air lumpur dan rintik hujan menyelamatkan seluruh acara dari petaka hubungan arus pendek listrik,"Kotak Silinder Karet Segel Rapat Kunci Lipat Samping, Jalur Lubang Bawah Silikon Penjepit Masuk Keluar Kabel Listrik"
935,Geekria Washable Cloth Covers,Geekria,Bantalan Telinga Penahan Keringat Headphone Panggung (Headphone Covers),,🔧,0,Kain Katun Tipis Melar Menyelimuti Busa Telinga Karet Gelang|LAN; Dapat Dicuci Kering Mesin Bebas Jamur Bau|Other,,Sarung kuping pelindung keringat membungkus headphone kru yang dipakai bergantian menjaga kebersihan dan kenyamanan kulit wajah saat bekerja 10 jam di panggung terbuka yang panas,"Kain Katun Tipis Melar Menyelimuti Busa Telinga Karet Gelang, Dapat Dicuci Kering Mesin Bebas Jamur Bau"
936,Wooden Camera 15mm Universal Lens Support,Wooden,Penjepit Rel Bawah Lensa Panjang Kamera Video (Long Lens Support Clamp),,🔧,0,Bantalan Rol Karet Putar Bawah Perut Lensa Ulir Penopang Atas|LAN; Jepitan Kunci Cepat Tarik Tiang Rel Bawah Rel 15mm Kamera|Other,,Pilar jembatan penopang perut raksasa lensa zoom menjaganya tidak bergetar tertiup angin saat merekam pergerakan bola di lapangan hijau jauh dari tribun atas stadion,"Bantalan Rol Karet Putar Bawah Perut Lensa Ulir Penopang Atas, Jepitan Kunci Cepat Tarik Tiang Rel Bawah Rel 15mm Kamera"
937,Alvin's Cables D-Tap to 5.5mm DC,Alvin's,Kabel Catu Daya Pengganti Monitor Luar (D-Tap to DC Monitor Power),,🔧,0,Kabel Ulir Tarik Spiral Karet Tahan Panas Gesekan|Other; Kepala Colokan Barel Laki Laki Siku Masuk Belakang Monitor Layar|Other,,Tali infus energi memompa listrik langsung dari punggung baterai kamera menuju monitor layar di atasnya meniadakan kebutuhan baterai tambahan kecil yang merepotkan dan memberatkan alat,"Kabel Ulir Tarik Spiral Karet Tahan Panas Gesekan, Kepala Colokan Barel Laki Laki Siku Masuk Belakang Monitor Layar"
938,Tiffen 82mm Black Pro-Mist 1/4,Tiffen,Filter Kaca Kamera Peningkat Ketajaman Kabut Malam (Black Pro-Mist Filter),,🔧,0,Kaca Filter Ulir Bingkai Logam Bintik Hitam Halus Dalam Kaca Bulat|Power; Menurunkan Kontras Menyebarkan Cahaya Pendar Lembut|Other,,Kaca mata ajaib bioskop memburamkan tajamnya resolusi digital modern merubah kilauan lampu malam menjadi menyebar sinematik bak film detektif era 80an tanpa mengurangi fokus mata,"Kaca Filter Ulir Bingkai Logam Bintik Hitam Halus Dalam Kaca Bulat, Menurunkan Kontras Menyebarkan Cahaya Pendar Lembut"
939,Audix MicroBoom MB5050,Audix,Tiang Mikrofon Gantung Penyanyi Paduan Suara (Choir Mic Hanging Stand),,🔧,0,Tiang Karbon Ekstra Ringan Ramping Hitam Panjang Miring Jatuh|Other; Ujung Kapsul Mikrofon Kondensor Kecil Tali Gantungan Keseimbangan Udara|Other,,Joran pancing mikrofon tak kasat mata melayang di atas kepala penyanyi paduan suara menangkap jernih harmonisasi ratusan suara tanpa menghalangi pandangan penonton ke wajah wajah penyanyi,"Tiang Karbon Ekstra Ringan Ramping Hitam Panjang Miring Jatuh, Ujung Kapsul Mikrofon Kondensor Kecil Tali Gantungan Keseimbangan Udara"
940,Inovativ Voyager 36 EVO,Inovativ,Rak Troli Dorong Editor Berdiri (Standing Production Cart),,🔧,0,Meja Aluminium Hitam Rak Bertingkat Roda Karet Pemompa Rem Kaki Kuat|Other; Tiang Samping Berlubang Sistem Kunci Pipa Tersembunyi Lipat Cepat|LAN,,Meja dapur berjalan editor DIT menahan beban komputer layar sentuh dan hardisk miliaran rupiah menggelinding mulus di jalan berbatu hutan dan bisa dilipat pipih masuk bagasi mobil suv,"Meja Aluminium Hitam Rak Bertingkat Roda Karet Pemompa Rem Kaki Kuat, Tiang Samping Berlubang Sistem Kunci Pipa Tersembunyi Lipat Cepat"
941,Teradek Array 4K,Teradek,Sistem Penerima Video Antena Kipas Sinyal Jauh (Panel Antenna Array),,🔧,0,Kotak Piringan Datar Antena Pemancar Lurus Sudut Sempit Jauh Ganda Kipas|LAN; Dudukan Belakang Baut Tiang Tripod Penyesuai Arah Sinyal Langit|LAN,,Penangkap sinyal peluru tajam memeluk gelombang gambar video kamera yang berlari menembus hutan sejauh satu kilometer memastikan sutradara di tenda aman terus bisa memantau tanpa layar hitam lag,"Kotak Piringan Datar Antena Pemancar Lurus Sudut Sempit Jauh Ganda Kipas, Dudukan Belakang Baut Tiang Tripod Penyesuai Arah Sinyal Langit"
942,Pony 1-Inch Spring Clamps,Pony,Alat Penjepit Kertas Layar Hijau Ke Tiang (Background Backdrop Clips),,🔧,0,Capitan Logam Pegas Sangat Kuat Mulut Kecil Buka Gigi Lebar Logam|Other; Lapisan Karet Hitam Pelindung Ujung Terkupas Kain Cengkram Kain Latar|Other,,Mulut piranha penjepit kain hijau studio menarik kencang ujung kain ke tiang besi menghilangkan kerutan gelombang bayangan agar editor video mudah menghapus latar belakang secara instan di komputer,"Capitan Logam Pegas Sangat Kuat Mulut Kecil Buka Gigi Lebar Logam, Lapisan Karet Hitam Pelindung Ujung Terkupas Kain Cengkram Kain Latar"
943,Kuncan 12V DC Extension Cable,Kuncan,Kabel Pemanjang Lubang Colokan Listrik Kamera Mungil (DC Extension Cord),,🔧,0,Kabel Tembaga Tipis Lentur Panjang 3 Meter|LAN; Ujung Colokan Laki Ke Betina Ukuran Standar 5.5mm Sesuai Kamera Kecil Pemancar|Other,,Tali pengantar bensin panjang menghidupkan pemancar sinyal radio di ujung tiang besi tinggi mengambil listrik dari lantai panggung tanpa harus menarik colokan besar berat ke udara,"Kabel Tembaga Tipis Lentur Panjang 3 Meter, Ujung Colokan Laki Ke Betina Ukuran Standar 5.5mm Sesuai Kamera Kecil Pemancar"
944,Chauvet DJ Data Stream 4,Chauvet,Papan Pembagi Sinyal Lampu Panggung Utama (DMX Opto-Splitter),,🔧,0,Satu Lubang Sinyal DMX Masuk Depan Empat Lubang DMX Keluar Isolasi Listrik Belakang|Power; Rak Besi 1U Lampu Indikator Led Kedip Data Berjalan|LAN,,Jantung polisi lalu lintas lampu memecah satu jalur perintah komputer menyebar ke empat sayap panggung berbeda dan mencegah korsleting dari satu lampu menjalar merusak seluruh mesin mixer utama,"Satu Lubang Sinyal DMX Masuk Depan Empat Lubang DMX Keluar Isolasi Listrik Belakang, Rak Besi 1U Lampu Indikator Led Kedip Data Berjalan"
945,Prompter People Extrusion Riser,Prompter,Layar Peninggi Sudut Pandang Teleprompter (Prompter Riser Block),,🔧,0,Balok Logam Persegi Panjang Lubang Baut Sepanjang Permukaan Atas Bawah|Other; Mengangkat Posisi Lensa Tinggi Sejajar Kaca Pembagi Cahaya Tengah|LAN,,Batu bata besi peninggi leher kamera DSLR kecil agar sejajar mengintip tepat di tengah jendela layar teleprompter raksasa menghindari tertangkapnya bingkai hitam kotak di hasil rekaman pidato video,"Balok Logam Persegi Panjang Lubang Baut Sepanjang Permukaan Atas Bawah, Mengangkat Posisi Lensa Tinggi Sejajar Kaca Pembagi Cahaya Tengah"
946,Falcam F22 Quick Release Bundle,Falcam,Pelat Dudukan Penjepit Kamera Bawah Rilis Kilat Kecil (Mini Quick Release Plate),,🔧,0,Kotak Logam Perak Seukuran Kuku Jari Persegi Penjepit Masuk Kunci Samping Dorong|Other; Menahan Beban Monitor Mikrofon Kecil Di Atas Bodi Kamera Putar Tarik|Other,,Gembok jari ajaib merubah cara pasang monitor dan mic dari memutar baut lama lama menjadi sekali klik tancap langsung mengunci aman tak tergoyahkan saat kamera berlari lari liputan rusuh,"Kotak Logam Perak Seukuran Kuku Jari Persegi Penjepit Masuk Kunci Samping Dorong, Menahan Beban Monitor Mikrofon Kecil Di Atas Bodi Kamera Putar Tarik"
947,PortaBrace Monitor Visor,PortaBrace,Kain Busa Penutup Layar Lapangan Monitor Siang Hari (Monitor Cover Sunshade),,🔧,0,Kain Nilon Hitam Kaku Terlipat Tenda Atas Samping Penutup Lebar Layar|LAN; Sabuk Bawah Lilit Layar Pengikat Papan Tali Pengunci Belakang Kuat|Other,,Topi kanopi lapangan layar memblokir terik silau matahari menyamping mengizinkan produser mengevaluasi kecerahan gambar adegan tanpa harus menutup kepala dengan jaket keringat,"Kain Nilon Hitam Kaku Terlipat Tenda Atas Samping Penutup Lebar Layar, Sabuk Bawah Lilit Layar Pengikat Papan Tali Pengunci Belakang Kuat"
948,Hosa CMP-153 Y Cable,Hosa,Kabel Pemisah Suara B Stereo Ke Mixer (Stereo Breakout Y-Cable),,🔧,0,Colokan 3.5mm Laki HP Komputer|Audio; Terbelah Menjadi Dua Ujung 1|Other; 4 Inci Kiri Kanan Mixer Laki Warna Merah Hitam Tanda Jalur Suara Terpisah Kiri Kanan|Other,,Kabel lidah ular memecah lagu dari laptop langsung menjadi jalur suara murni kiri dan kanan terpisah masuk ke dalam meja mixer menjamin penonton konser mendengarkan efek dentum yang lebar megah,"Colokan 3.5mm Laki HP Komputer, Terbelah Menjadi Dua Ujung 1, 4 Inci Kiri Kanan Mixer Laki Warna Merah Hitam Tanda Jalur Suara Terpisah Kiri Kanan"
949,Neewer 3-Roller Wall Mount,Neewer,Sistem Kerek Katrol Latar Belakang Dinding Studio (Manual Backdrop Roller),,🔧,0,Besi Segitiga Cengkram Baut Tembok Bor|Other; Rantai Plastik Tarik Tarikan Tangan Samping Kerek Roda Gigi Pemutar Pipa Kertas Kertas Gulung|LAN,,Sistem katrol layar bioskop menarik turunkan gulungan kertas warna warni raksasa dari langit langit studio hanya dengan tarikan ringan rantai memangkas waktu penggantian suasana warna set foto keluarga,"Besi Segitiga Cengkram Baut Tembok Bor, Rantai Plastik Tarik Tarikan Tangan Samping Kerek Roda Gigi Pemutar Pipa Kertas Kertas Gulung"
950,BongoTies Elastic Cable Ties,BongoTies,Tali Karet Pengaman Baterai Jepit Tambahan (Battery Rubber Strap),,🔧,0,Tali Gelang Karet Melar Putih Tebal Tahan Putus|LAN; Pasak Silinder Bambu Kayu Pengunci Putar Silang Ujung Tali Ikat Cepat Tarik Kuat Beban|LAN,,Gelang karet primitif paling ampuh sejuta umat memeluk baterai darurat dan kabel menjuntai ke leher tiang tripod tanpa resiko lepas jeprit mengamankan alat dalam ikatan kayu silang instan tanpa lem,"Tali Gelang Karet Melar Putih Tebal Tahan Putus, Pasak Silinder Bambu Kayu Pengunci Putar Silang Ujung Tali Ikat Cepat Tarik Kuat Beban"
951,Pelican 2460 LED Traffic Wand,Pelican,Lampu Tongkat Indikator Pengatur Arah Kendaraan Panggung (Traffic Wand),,🔧,0,Senter Tangan Gagang Hitam Ujung Pipa Plastik Merah Menyala|LAN; Lampu LED Sorot Tembus Pipa Pendaran Terang Sinyal Tangan Gerak Kiri Kanan Malam|LAN,,Tongkat lampu parkir pemandu truk logistik siaran mundur masuk merapat ke pintu bongkar muat stadion tanpa menabrak tiang tenda saat badai hujan malam hari persiapan konser merusak jarak pandang sopir,"Senter Tangan Gagang Hitam Ujung Pipa Plastik Merah Menyala, Lampu LED Sorot Tembus Pipa Pendaran Terang Sinyal Tangan Gerak Kiri Kanan Malam"
952,HoldFast Gear Money Maker,HoldFast,Sabuk Ransel Kamera Ganda Tali Bahu (Dual Camera Harness),/images_real/real_0913.jpg,🔧,0,Sabuk Tali Kulit Sapi Asli Silang X Punggung Belakang Keling Besi Cincin|LAN; Pengait Baja Tarik Klip Gantung Kiri Kanan Bawah Sisi Kamera Bebas Ayun Pinggul|LAN,,Baju zirah gaya koboi membagi berat dua kamera bersenjata lensa panjang rata ke punggung fotografer menjaga punggung tegak lurus dan kamera siap diangkat memotret aksi pernikahan dalam sepersekian detik,"Sabuk Tali Kulit Sapi Asli Silang X Punggung Belakang Keling Besi Cincin, Pengait Baja Tarik Klip Gantung Kiri Kanan Bawah Sisi Kamera Bebas Ayun Pinggul"
953,Tiffen 4-Point Star Filter,Tiffen,Filter Kaca Kamera Bintang Empat Titik (4-Point Star Filter),,🔧,0,Kaca Bening Ulir Lensa Kamera Garis Halus Kotak Silang|LAN; Merubah Titik Sumber Cahaya Terang Menjadi Siluet Bintang Tajam Sudut Empat Tanpa Ubah Warna Layar|Other,,Kacamata pesulap mengubah lampu sorot panggung dan pantulan matahari di air laut menjadi kilauan bintang dramatis empat sudut memperkuat kesan magis pertunjukan tanpa harus repot mengedit efek komputer,"Kaca Bening Ulir Lensa Kamera Garis Halus Kotak Silang, Merubah Titik Sumber Cahaya Terang Menjadi Siluet Bintang Tajam Sudut Empat Tanpa Ubah Warna Layar"
954,SmallRig Swivel Tilt Monitor Mount,SmallRig,Dudukan Engsel Penyangga Monitor Kecil Putar Lurus (Monitor Mount Pan Tilt),,🔧,0,Blok Besi Dudukan Sepatu Dingin Jepit Masuk Atas Kamera|Other; Engsel Kepala Baut Miring Kiri Kanan Maju Mundur Penyesuai Kunci Kenop L Samping Putar|Other,,Leher angsa besi berotot kawat menopang berat layar di atas kamera mengizinkan layarnya dilipat menunduk saat kamera diangkat tinggi atau diputar menghadap Host saat syuting video blog jalan jalan lari lari,"Blok Besi Dudukan Sepatu Dingin Jepit Masuk Atas Kamera, Engsel Kepala Baut Miring Kiri Kanan Maju Mundur Penyesuai Kunci Kenop L Samping Putar"
955,Neutrik PowerCON TRUE1 Cable,Neutrik,Kabel Ekstensi Konektor Daya Panggung Besar Listrik (PowerCON Extension),,🔧,0,Kabel Listrik Lapis Karet Hitam Tebal Panjang Tahan Guncang Lindas Tahan Air|Power; Kepala Colokan Kunci Putar Laki Betina Cincin Kuning Pengunci Aman Tarikan|Other,,Tali bensin energi tebal menyuapi listrik ke lampu panggung canggih di luar ruangan tidak akan lepas mati walau tersandung kaki penyanyi karena sistem kunci putar dan kebal disiram air hujan berkat karet segelnya,"Kabel Listrik Lapis Karet Hitam Tebal Panjang Tahan Guncang Lindas Tahan Air, Kepala Colokan Kunci Putar Laki Betina Cincin Kuning Pengunci Aman Tarikan"
956,Zacuto VCT Pro Shoulder Pad,Zacuto,Bantalan Penutup Pundak Pemikul Kamera Berat (Shoulder Pad Rig),,🔧,0,Bantalan Busa Karet Gel Tebal Ergonomis Lekuk Tulang Selangka Pundak Bawah|LAN; Plat Besi Dudukan Geser Rilis Kamera Di Atas Pengait Depan Belakang Panjang Kamera|Other,,Bantal pundak penyelamat tulang bahu kameramen memikul kamera baja seberat 15 kilogram seharian penuh memastikan hasil video jalan berjalan terasa mengayun lembut tanpa getaran tulang pundak yang sakit lelah,"Bantalan Busa Karet Gel Tebal Ergonomis Lekuk Tulang Selangka Pundak Bawah, Plat Besi Dudukan Geser Rilis Kamera Di Atas Pengait Depan Belakang Panjang Kamera"
957,Giottos Rocket Blower,Giottos,Sistem Pembersih Udara Blower Karet Tekanan Lensa (Rocket Air Blower),,🔧,0,Bola Karet Pemompa Angin Sirip Sayap Roket Berdiri Bawah Moncong Panjang Pipa Udara Sempit Mengerucut Ke Atas|LAN; Katup Penyedot Debu Filter Dasar Hindari Isap Balik|Other,,Peluru meriam angin manual genggam meledakkan badai udara murni menyapu kotoran debu bandel di atas sensor cermin kamera tanpa perlu menyentuh permukaannya dengan kain kasar yang bisa menggores lapisan kaca pelindung,"Bola Karet Pemompa Angin Sirip Sayap Roket Berdiri Bawah Moncong Panjang Pipa Udara Sempit Mengerucut Ke Atas, Katup Penyedot Debu Filter Dasar Hindari Isap Balik"
958,Kupo 5/8 Inch Reversible Spigot,Kupo,Adaptor Soket Dudukan Lampu Colokan Panggung Kaki Karet (Light Stand Spigot Adapter),,🔧,0,Besi Silinder Padat Emas Rata Tengah Ulir 1|Other; 4 Inci Sisi Bawah Ulir 3|Other; 8 Inci Sisi Atas Masuk|Other; Adaptor Masuk Lubang Tiang Stand Standar Pengunci Samping Jepit Keras Baut|Other,,Paku bumi besi kecil penyambung nyawa dua alat beda alam menyatukan lubang ulir mikrofon kecil agar bisa ditancapkan dengan kokoh ke tiang penyangga lampu panggung besar tanpa goyah dan tak kenal patah seumur hidup,"Besi Silinder Padat Emas Rata Tengah Ulir 1, 4 Inci Sisi Bawah Ulir 3, 8 Inci Sisi Atas Masuk, Adaptor Masuk Lubang Tiang Stand Standar Pengunci Samping Jepit Keras Baut"
959,Yaheetech 3-Tier Rolling Utility Cart,Yaheetech,Rak Troli Laci Berjalan Penyimpan Kabel Peralatan Alat (Rolling Equipment Cart),,🔧,0,Tiga Rak Susun Keranjang Besi Jaring Terbuka Udara Panas|Other; Roda Putar Bebas Segala Arah Tarikan Gagang Ujung Pipa Baja Solid Rem Berhenti Pengunci Pedal Kaki Pengaman Turunan Jalan|LAN,,Troli bengkel berjalan pembawa seratus rol lakban gulungan kabel berantakan dan tumpukan baterai berat mengelilingi set syuting mempermudah asisten berlarian menyuplai alat tepat waktu ke tangan kameramen tanpa bolak balik gudang,"Tiga Rak Susun Keranjang Besi Jaring Terbuka Udara Panas, Roda Putar Bebas Segala Arah Tarikan Gagang Ujung Pipa Baja Solid Rem Berhenti Pengunci Pedal Kaki Pengaman Turunan Jalan"
960,Antari S-500 Snow Machine,Antari,Mesin Pembuat Salju Buatan (Snow Machine),,🔧,0,Selang Semprot Panjang 10 Meter|LAN; Tangki Cairan 20 Liter|Other; Kontrol DMX 5-Pin Masuk Keluar|Other,,Penyembur busa ajaib pencipta badai salju musim dingin di tengah iklim tropis mengubah jalanan aspal panas menjadi hamparan putih romantis tanpa perlu terbang ke Eropa,"Selang Semprot Panjang 10 Meter, Tangki Cairan 20 Liter, Kontrol DMX 5-Pin Masuk Keluar"
961,Chauvet DJ Bubble King,Chauvet,Mesin Pembuat Gelembung Sabun (Bubble Machine),,🔧,0,Tangki Cairan Terbuka Lebar Atas|Other; Tiga Roda Tongkat Berputar|Other; Colokan Listrik Langsung|LAN,,Pabrik gelembung raksasa memuntahkan ribuan balon sabun transparan beterbangan ke udara dalam hitungan detik menciptakan suasana magis ceria pada adegan pesta anak atau video musik,"Tangki Cairan Terbuka Lebar Atas, Tiga Roda Tongkat Berputar, Colokan Listrik Langsung"
962,Le Maitre Pyroflash,Le,Alat Pemantik Api Portabel Efek Khusus (SFX Fire Igniter),,🔧,0,Terminal Kabel Jepit Ganda Tembaga|Other; Kunci Pengaman Putar Kunci|Other; Tombol Tembak Merah|Other,,Pemicu ledakan elektronik pengirim sinyal listrik pembakar kembang api panggung dari jarak jauh secara aman memunculkan kilat api kejutan tepat saat penyanyi rock meneriakkan nada tertinggi,"Terminal Kabel Jepit Ganda Tembaga, Kunci Pengaman Putar Kunci, Tombol Tembak Merah"
963,MaxxAir Pro Barrel Fan,MaxxAir,Kipas Penyedot Asap Ruangan (Smoke Exhaust Fan),,🔧,0,Kabel Daya Gulung Karet|Other; Roda Karet Besar Pendorong|Other; Baling Baja 30 Inci|Other,,Penyedot udara raksasa pembersih sisa kabut dan asap meriam dari dalam gudang studio tertutup mengembalikan jarak pandang jernih kru hanya dalam dua menit setelah adegan kebakaran selesai,"Kabel Daya Gulung Karet, Roda Karet Besar Pendorong, Baling Baja 30 Inci"
964,Kryolan Supreme Blood,Kryolan,Darah Palsu Kental Aman Tertelan (Stage Blood),,🔧,0,Botol Jerigen Plastik 1 Liter|Other; Cairan Merah Pekat Berbahan Dasar Gula Manis|Other,,Cairan merah kental hiper-realistis tiruan darah manusia yang aman masuk ke mulut aktor menciptakan efek luka sayat mengerikan atau tetesan hidung berdarah di film horor tanpa bahan kimia beracun,"Botol Jerigen Plastik 1 Liter, Cairan Merah Pekat Berbahan Dasar Gula Manis"
965,Eurotramp Mini Trampoline,Eurotramp,Papan Lontar Aktor Lenting (Trampette / Mini Trampoline),,🔧,0,Rangka Baja Pipa Bulat|LAN; Pegas Kawat Baja Tegangan Tinggi|Other; Kain Lontar Anyaman|Other,,Pijakan pegas pelontar rahasia yang disembunyikan di luar sorotan kamera memampukan pemeran pengganti melompat setinggi tiga meter melewati dinding benteng dengan gaya layaknya pahlawan super,"Rangka Baja Pipa Bulat, Pegas Kawat Baja Tegangan Tinggi, Kain Lontar Anyaman"
966,Tumbl Trak Pit Pillow,Tumbl,Matras Jatuh Pelindung Stunt (Crash Mat),,🔧,0,Busa Kepadatan Lembut Super Tebal 60cm|Other; Cover Kain Vinyl Anti Air Tahan Sobek|Other; Lubang Udara Sisi|Other,,Kasur raksasa penyelamat nyawa pendaratan darurat menyambut tubuh pemeran pengganti yang terjun bebas dari lantai dua gedung memastikan tulang mereka tidak patah saat menyentuh tanah aspal,"Busa Kepadatan Lembut Super Tebal 60cm, Cover Kain Vinyl Anti Air Tahan Sobek, Lubang Udara Sisi"
967,Petzl Volt Wind Harness,Petzl,Tali Kekang Keamanan Tarikan Aktor (Stunt Harness),,🔧,0,Sabuk Pinggang Paha Dada Lebar|Other; Cincin Baja Padat Tarik Depan Belakang|Other; Gesper Tarik Cepat Pengunci|Other,,Baju zirah tak kasat mata yang dikenakan di balik jaket aktor mengikat tubuh mereka ke kabel baja tipis (wire work) untuk adegan melayang di udara atau terseret ledakan dengan aman,"Sabuk Pinggang Paha Dada Lebar, Cincin Baja Padat Tarik Depan Belakang, Gesper Tarik Cepat Pengunci"
968,Loos & Co. Aircraft Cable,Loos,Kabel Baja Tipis Anti Terlihat (Stunt Wire),/images_real/real_0929.jpg,🔧,0,Gulungan Kawat Baja Stainless 1|Other; 16 Inci|Other; Jalinan Serat Logam Lentur|Other; Kekuatan Putus Ratusan Kilo|Other,,Benang laba laba baja super kuat yang menahan beban tubuh manusia di udara namun sangat tipis sehingga mudah dihilangkan oleh tim editor efek visual di komputer pascaproduksi,"Gulungan Kawat Baja Stainless 1, 16 Inci, Jalinan Serat Logam Lentur, Kekuatan Putus Ratusan Kilo"
969,Wichard Quick Release Shackle,Wichard,Alat Pelepas Tarikan Kabel Cepat (Quick Release Snap Shackle),,🔧,0,Cincin Tarik Pin Baja|Other; Engsel Buka Spontan Pegas Keras|LAN; Logam Cor Tahan Karat|Other,,Gembok gantungan baja pemicu adegan jatuh bebas melepaskan ikatan tali aktor secara instan hanya dengan satu tarikan ringan dari kru di saat momen dramatis tubuh terhempas ke bawah,"Cincin Tarik Pin Baja, Engsel Buka Spontan Pegas Keras, Logam Cor Tahan Karat"
970,Ben Nye Nose & Scar Wax,Ben,Pasta Lilin Pembuat Luka Palsu (Scar Wax),,🔧,0,Wadah Toples Plastik Kecil|Other; Pasta Lilin Elastis Warna Kulit Mudah Dibentuk Tangan|Other,,Tanah liat ajaib penata rias efek khusus untuk membentuk tonjolan tulang patah hidung bengkok atau luka sayat menonjol di wajah aktor menyatu sempurna dengan tekstur kulit asli,"Wadah Toples Plastik Kecil, Pasta Lilin Elastis Warna Kulit Mudah Dibentuk Tangan"
971,Mehron Squirt Blood Capsules,Mehron,Kapsul Darah Mulut Pecah (Blood Capsules),,🔧,0,Kapsul Gelatin Transparan Larut Air|Other; Berisi Cairan Merah Pahit Aman Ditelan|LAN,,Pil rahasia yang disembunyikan di balik gigi aktor dan digigit pecah saat adegan ditinju menghasilkan tetesan darah segar mengalir natural dari sudut bibir secara dramatis,"Kapsul Gelatin Transparan Larut Air, Berisi Cairan Merah Pahit Aman Ditelan"
972,Condor Cobweb Gun,Condor,Semprotan Pembuat Sarang Laba-Laba (Cobweb Spinner),/images_real/real_0933.jpg,🔧,0,Colokan Kompresor Udara Selang Karet|LAN; Lubang Semprotan Lem Cair Campuran Udara Bertekanan|Other,,Pistol penyembur lem karet tipis menembakkan benang benang putih ke sudut ruangan dan perabotan mengubah set ruangan bersih menjadi rumah hantu terbengkalai berusia ratusan tahun dalam sekejap,"Colokan Kompresor Udara Selang Karet, Lubang Semprotan Lem Cair Campuran Udara Bertekanan"
973,Luminara Flameless Candles,Luminara,Lilin Properti Tahan Lama (Prop Candles),,🔧,0,Baterai AA Internal|Other; Lampu LED Kuning Berkedip Magnetik|LAN; Bodi Lilin Asli Lapisan Luar|Other,,Lilin elektronik penipu mata yang bergoyang goyang persis seperti nyala api asli tidak akan pernah leleh habis tertiup angin membebaskan asisten dari tugas menyalakan ulang ratusan lilin di set gereja,"Baterai AA Internal, Lampu LED Kuning Berkedip Magnetik, Bodi Lilin Asli Lapisan Luar"
974,Hakko FA-430 Fume Extraction,Hakko,Kipas Pembuang Asap Dapur (Kitchen Set Fume Extractor),,🔧,0,Selang Pipa Lentur Arah Bebas|LAN; Kotak Blower Penyaring HEPA dan Karbon Aktif|Other; Tombol Sedot Kencang|Other,,Penyedot senyap penghilang asap putih dari masakan yang sedang direbus di adegan dapur mencegah asap tersebut menutupi wajah aktor dan membuat lensa kamera menjadi berkabut buram,"Selang Pipa Lentur Arah Bebas, Kotak Blower Penyaring HEPA dan Karbon Aktif, Tombol Sedot Kencang"
975,Zel Jel Fire Retardant,Zel,Gel Pendingin Anti Api Kulit (Fire Stunt Gel),,🔧,0,Ember Galon Plastik Besar|Other; Gel Bening Tebal Tahan Suhu Ekstrem Tinggi Air|Other,,Lendir pelindung ajaib dilumurkan ke seluruh lengan dan wajah pemeran pengganti mencegah kulit melepuh terbakar saat melakukan adegan tubuh dilalap api selama lima belas detik,"Ember Galon Plastik Besar, Gel Bening Tebal Tahan Suhu Ekstrem Tinggi Air"
976,Tonyko Fiberglass Fire Blanket,Tonyko,Pemadam Api Portabel Selimut (Fire Blanket),,🔧,0,Kantung Merah Dinding Tarikan Tali Hitam Bawah|LAN; Kain Serat Kaca Tahan Api Lebar Tebal|Power,,Jubah pelindung keselamatan darurat siap dilemparkan menutupi tubuh stuntman untuk memadamkan sisa api seketika setelah adegan berbahaya selesai tanpa menggunakan racun pemadam bubuk putih,"Kantung Merah Dinding Tarikan Tali Hitam Bawah, Kain Serat Kaca Tahan Api Lebar Tebal"
977,3M Peltor Optime III,3M,Alat Pelindung Telinga Ledakan (Ear Defenders),/images_real/real_0938.JPG,🔧,0,Bando Kepala Baja Pegas Karet|Other; Mangkuk Telinga Busa Bantalan Ganda Tebal Isolasi|LAN,,Pelindung gendang telinga menyelamatkan pendengaran kru kamera dan sutradara saat merekam adegan baku tembak senjata api kosong atau ledakan bom mobil dari jarak sangat dekat,"Bando Kepala Baja Pegas Karet, Mangkuk Telinga Busa Bantalan Ganda Tebal Isolasi"
978,Setwear Hot Leather Gloves,Setwear,Sarung Tangan Kulit Tahan Panas Kru Lampu (Gaffer Gloves),,🔧,0,Sarung Tangan Kulit Sapi Tebal Lentur|Other; Penutup Tali Velcro Pergelangan Kencang Tahan Suhu Ratusan Derajat|LAN,,Perisai telapak tangan menahan rasa melepuh mengizinkan teknisi mencabut lampu panggung yang mendidih membara segera setelah syuting selesai tanpa harus menunggu pendinginan satu jam,"Sarung Tangan Kulit Sapi Tebal Lentur, Penutup Tali Velcro Pergelangan Kencang Tahan Suhu Ratusan Derajat"
979,Undercover Pop-Up Camera Tent,Undercover,Tenda Pelindung Cuaca Kamera Raksasa (Camera Weather Tent),,🔧,0,Besi Rangka Lipat Tenda Payung Persegi|LAN; Kain Tembus Pandang Jendela Plastik Bening Anti Air|Other,,Gubuk darurat tahan badai membungkus kamera tripod dan kameramen sekaligus membiarkan mereka tetap memotret badai salju dari dalam ruangan kering tanpa takut alat miliaran rupiah mati korslet,"Besi Rangka Lipat Tenda Payung Persegi, Kain Tembus Pandang Jendela Plastik Bening Anti Air"
980,MovinCool Climate Pro,MovinCool,Pendingin Udara Portabel Tenda (Portable AC Spot Cooler),,🔧,0,Pipa Cerobong Udara Panas Atas Tembok|LAN; Selang Belalai Gajah Udara Dingin Lurus Arah|LAN; Colokan Daya Listrik Besar|Power,,Mesin pembeku udara menyemburkan angin kutub langsung ke arah aktor yang menggunakan kostum monster berbulu tebal mencegah mereka pingsan kepanasan di bawah terik lampu studio,"Pipa Cerobong Udara Panas Atas Tembok, Selang Belalai Gajah Udara Dingin Lurus Arah, Colokan Daya Listrik Besar"
981,Hotronic FootWarmer,Hotronic,Alas Kaki Pemanas Karet (Heated Insoles),,🔧,0,Kabel Pipih Menjuntai Ke Baterai Sabuk Betis|LAN; Bantalan Tipis Pemanas Telapak Kaki Tiga Level Suhu|LAN,,Sol sepatu penyelamat nyawa kameramen dokumenter alam liar menjaga telapak kaki tidak mati rasa membeku saat harus berdiri diam di atas salju tebal selama lima jam menunggu kemunculan serigala,"Kabel Pipih Menjuntai Ke Baterai Sabuk Betis, Bantalan Tipis Pemanas Telapak Kaki Tiga Level Suhu"
982,Specialist ID Breakaway Lanyard,Specialist,Gantungan ID Card Kru Lanyard Kuat (Crew Lanyard),,🔧,0,Tali Kain Tenun Lebar|Other; Pengait Logam Putar Bawah|Other; Klip Plastik Tarikan Lepas Darurat Belakang Leher|LAN,,Kalung identitas wajib panggung dilengkapi fitur terlepas otomatis jika tali tak sengaja tersangkut masuk ke dalam baling baling kipas mesin menyelamatkan leher kru dari resiko tercekik mematikan,"Tali Kain Tenun Lebar, Pengait Logam Putar Bawah, Klip Plastik Tarikan Lepas Darurat Belakang Leher"
983,Presco Barricade Tape,Presco,Pita Barikade Peringatan Area Syuting (Caution Tape),,🔧,0,Gulungan Plastik Lebar Merah Kuning Cerah|Other; Cetakan Tinta Hitam Tulisan Awas Syuting Berlangsung Tidak Tembus Air|LAN,,Garis batas polisi membentang mengelilingi taman kota melarang keras warga sipil pejalan kaki masuk melintas masuk merusak frame adegan aktor yang sedang menangis di bangku taman,"Gulungan Plastik Lebar Merah Kuning Cerah, Cetakan Tinta Hitam Tulisan Awas Syuting Berlangsung Tidak Tembus Air"
984,Cortina Safety Cones,Cortina,Kerucut Lalu Lintas Syuting Jalanan (Traffic Cones),,🔧,0,Plastik PVC Oranye Lentur Tinggi 70cm|Other; Pita Reflektif Ganda Menyala Kena Lampu Malam|Other,,Pilar pembatas jalan pengaman jalur mobil syuting yang ditaruh berbaris membelokkan mobil warga agar tidak menabrak rombongan truk alat film yang sedang parkir membongkar muatan di pinggir jalan tol,"Plastik PVC Oranye Lentur Tinggi 70cm, Pita Reflektif Ganda Menyala Kena Lampu Malam"
985,GelPro Elite,GelPro,Tikar Anti Lelah Berdiri Kru (Anti-Fatigue Mat),,🔧,0,Karpet Persegi Tebal Inti Gel Kenyal Tahan Tekanan|Other; Lapisan Bawah Anti Selip Mencengkram Lantai|LAN,,Kasur pijakan kaki empuk diletakkan di bawah meja editor DIT atau tempat berdiri operator kamera di studio meredam tekanan gravitasi punggung saat harus berdiri tegak dua belas jam berturut turut,"Karpet Persegi Tebal Inti Gel Kenyal Tahan Tekanan, Lapisan Bawah Anti Selip Mencengkram Lantai"
986,Blackmagic DaVinci Resolve Mini Panel,Blackmagic,Konsol Panel Pewarnaan Video (Color Grading Panel),/images_real/real_0947.jpg,🔧,0,Tiga Bola Pelacak Trackball Putar Sangat Halus Cincin Luar|Power; Dua Layar LCD Menu Tombol Menyala Tipe-C Masuk|LAN,,Meja kemudi pesawat luar angkasa editor warna memutar tiga bola ajaib menyetel kecerahan bayangan dan warna kulit aktor dalam hitungan detik tanpa menggunakan klik mouse komputer yang lambat,"Tiga Bola Pelacak Trackball Putar Sangat Halus Cincin Luar, Dua Layar LCD Menu Tombol Menyala Tipe-C Masuk"
987,Synology DiskStation DS3622xs+,Synology,Penyimpanan Data Server Terpusat (NAS Storage),,🔧,0,12 Slot Laci Tarik Hardisk Cepat Lebar|Power; Dua Port LAN 10GbE Serat Optik Belakang Kencang|LAN; RAM ECC|Other,,Brankas otak raksasa penelan puluhan Terabyte file mentah resolusi 8K memungkinkan enam editor mengedit file video yang sama dari ruangan berbeda secara bersamaan tanpa lag sedikitpun,"12 Slot Laci Tarik Hardisk Cepat Lebar, Dua Port LAN 10GbE Serat Optik Belakang Kencang, RAM ECC"
988,G-Technology G-RAID Shuttle 8,G-Technology,Unit Penyimpanan RAID Portabel Cepat (Portable RAID),/images_real/real_0949.jpg,🔧,0,Port Ganda Thunderbolt 3 Pengisian Daya|LAN; 8 Laci Hardisk Enterprise 7200RPM|Power; Gagang Jinjing Atas Besar|Other,,Koper besi penyimpan data maha cepat penyalin file dari kartu memori kamera di lapangan menumpuk file ganda anti hilang siap dibawa lari ke studio edit dalam keadaan guncangan mobil,"Port Ganda Thunderbolt 3 Pengisian Daya, 8 Laci Hardisk Enterprise 7200RPM, Gagang Jinjing Atas Besar"
989,Sony BVM-HX310,Sony,Monitor Referensi Warna Presisi (Reference Monitor),,🔧,0,Layar Kaca LCD 31 Inci Resolusi 4K Murni|Power; Port Masuk SDI 4 Jalur Belakang Logam|SDI; Kecerahan 1000 Nits Kontras Rasio Sejuta|Other,,Layar dewa penentu kebenaran mutlak harga seharga mobil sport menampilkan warna paling akurat di dunia patokan utama editor sebelum film dikirim tayang ke bioskop seluruh dunia,"Layar Kaca LCD 31 Inci Resolusi 4K Murni, Port Masuk SDI 4 Jalur Belakang Logam, Kecerahan 1000 Nits Kontras Rasio Sejuta"
990,Genelec 8030C,Genelec,Speaker Pemantau Suara Studio Edit (Studio Monitor Speakers),,🔧,0,Kotak Aluminium Cor Kurva Halus Abu Abu Belakang Berlubang|Other; Port XLR Analog Suara Masuk Sakelar Potong Bass|Audio,,Pengeras suara super jujur membongkar seluruh kecacatan rekaman suara dialog aktor memastikan suara gesekan baju atau dengung AC terdengar jelas oleh editor agar bisa dihapus bersih,"Kotak Aluminium Cor Kurva Halus Abu Abu Belakang Berlubang, Port XLR Analog Suara Masuk Sakelar Potong Bass"
991,Universal Audio Apollo x8,Universal,Kartu Suara Pemroses Efek Audio (DSP Audio Interface),,🔧,0,Rak 1U Logam Empat Port Masuk XLR Depan Layar LED Meter Indikator|Audio; Port Thunderbolt 3 Ke Komputer Prosesor Chip Internal|LAN,,Pabrik pengolah suara menanamkan otak komputer sendiri di dalam mesinnya meringankan beban laptop memproses ratusan efek gema dan kejernihan suara tanpa membuat komputer tersendat hang,"Rak 1U Logam Empat Port Masuk XLR Depan Layar LED Meter Indikator, Port Thunderbolt 3 Ke Komputer Prosesor Chip Internal"
992,Uplift V2 Commercial Desk,Uplift,Meja Kerja Editor Duduk Berdiri (Standing Desk),,🔧,0,Papan Meja Kayu Solid Kaki Baja Dua Tiang|Other; Tombol Memori Ketinggian Digital Angka Naik Turun Mesin Ganda|Other,,Meja transformer penyelamat tulang belakang editor video bisa diangkat tinggi saat pinggang mulai pegal membiarkan mereka melanjutkan proses penyuntingan sambil berdiri tegak menari santai,"Papan Meja Kayu Solid Kaki Baja Dua Tiang, Tombol Memori Ketinggian Digital Angka Naik Turun Mesin Ganda"
993,Herman Miller Aeron,Herman,Kursi Ergonomis Editor Pascaproduksi (Ergonomic Chair),/images_real/real_0447.jpg,🔧,0,Kain Jaring Pelikel Tembus Angin Punggung Dudukan|Other; Tuas Hidrolik Ketinggian Kemiringan Dukungan Tulang Lumbar Kencang|LAN,,Singgasana penyangga pinggang bekerja keras menjaga postur tubuh penata suara tetap lurus ideal selama bertapa dua puluh jam di depan komputer tanpa keluhan sakit leher mematikan,"Kain Jaring Pelikel Tembus Angin Punggung Dudukan, Tuas Hidrolik Ketinggian Kemiringan Dukungan Tulang Lumbar Kencang"
994,Loupedeck CT,Loupedeck,Keyboard Khusus Pewarnaan Tombol Singkat (Macro Keypad),,🔧,0,Layar Sentuh Tengah Bulat Putaran Dial Cincin|Other; Tombol Kotak Layar LCD Kecil Menyesuaikan Logo Aplikasi USB-C|USB,,Papan tombol bunglon sakti berubah fungsi dan gambar ikonnya mengikuti aplikasi edit yang sedang dibuka memampukan jari menekan jalan pintas tercepat tanpa menghafal kombinasi keyboard,"Layar Sentuh Tengah Bulat Putaran Dial Cincin, Tombol Kotak Layar LCD Kecil Menyesuaikan Logo Aplikasi USB-C"
995,Blackmagic HyperDeck Studio HD Plus,Blackmagic,Alat Pemutar Video Profesional (Video Playback Deck),,🔧,0,Layar Intip LCD Depan Roda Putar Jog Cepat|LAN; Dua Slot SD Card Dua Slot SSD Masuk|Other; SDI Out In Kunci|SDI,,Mesin VCR modern penjaga rekaman langsung memutar ulang hasil syuting 4K ke monitor sutradara menggunakan tombol putar pencari adegan sehalus memutar kaset pita zaman dulu,"Layar Intip LCD Depan Roda Putar Jog Cepat, Dua Slot SD Card Dua Slot SSD Masuk, SDI Out In Kunci"
996,Roland V-160HD,Roland,Pengalih Video Produksi Langsung (Video Switcher),/images_real/real_0469.jpg,🔧,0,Layar Multiview Internal Panel Tombol T Bar Geser Halus Tengah|Other; 8 Port HDMI 8 Port SDI Sinyal Campuran Masuk Audio XLR|HDMI,,Meja konduktor orkestra gambar membiarkan sutradara siaran menekan tombol merah menyatukan gambar kamera satu dua dan tiga dengan efek transisi memudar halus mengudara ke televisi nasional,"Layar Multiview Internal Panel Tombol T Bar Geser Halus Tengah, 8 Port HDMI 8 Port SDI Sinyal Campuran Masuk Audio XLR"
997,Camplex Tactical Fiber Optic Reel,Camplex,Kabel Serat Optik Rol Besar Jarak Jauh (Tactical Fiber Cable),,🔧,0,Gulungan Drum Plastik Besar Kabel Hitam Kevlar Super Kuat|Other; Konektor Ujung OpticalCON Tahan Air Tarikan|Other,,Tali kehidupan siaran langsung membentang sejauh lima ratus meter melintasi hutan dari panggung konser ke truk siaran tak tertembus gangguan radio dan tak putus walau terlindas ban mobil,"Gulungan Drum Plastik Besar Kabel Hitam Kevlar Super Kuat, Konektor Ujung OpticalCON Tahan Air Tarikan"
998,Lex Products 100 Amp Pagoda,Lex,Distributor Daya Listrik Kamera Tiga Fase (3-Phase Power Distro),,🔧,0,Colokan Masuk Merah Besar Tiga Fase Putar|Other; Pemutus Arus MCB Tahan Air Enam Colokan Edison Kuning Sisi|Other,,Tonggak pembagi listrik monster menyedot tenaga generator lapangan memecahnya secara aman ke dalam puluhan jalur kabel lampu raksasa tanpa resiko terbakar akibat kelebihan muatan arus,"Colokan Masuk Merah Besar Tiga Fase Putar, Pemutus Arus MCB Tahan Air Enam Colokan Edison Kuning Sisi"
999,Anton Bauer V-Mount Battery Belt,Anton,Sabuk Baterai Portabel Pinggang (Battery Belt),,🔧,0,Sabuk Nilon Hitam Lebar Gesper Jepit Kuat|Other; Tiga Pelat V-Mount Kosong Kabel Daya Menjuntai Ujung D-Tap XLR 4-Pin|Audio,,Terminal listrik berjalan dipasang melingkari pinggang kru mengalirkan tenaga tiada henti ke lampu sorot genggam raksasa tanpa membebani pergelangan tangan sang asisten pembawa lampu,"Sabuk Nilon Hitam Lebar Gesper Jepit Kuat, Tiga Pelat V-Mount Kosong Kabel Daya Menjuntai Ujung D-Tap XLR 4-Pin"
1000,Core SWX Fleet Q,Core,Pengisi Daya Baterai 4-Saluran Koper (4-Bay Battery Charger),,🔧,0,Koper Boks Hitam Logam Kokoh Tutup Buka Atas|Other; Empat Dudukan Pengisian Baterai V-Mount Layar Indikator LCD Kipas Pendingin Dalam|LAN,,Stasiun pengisian daya portabel siap terjun ke medan perang mengisi penuh empat bongkahan baterai besar secara bersamaan dalam dua jam menyelamatkan jadwal syuting yang padat merayap,"Koper Boks Hitam Logam Kokoh Tutup Buka Atas, Empat Dudukan Pengisian Baterai V-Mount Layar Indikator LCD Kipas Pendingin Dalam"
1001,Cine RT System Focusbug,Cine,Pengukur Jarak Fokus Laser Kamera (Laser Rangefinder),,🔧,0,Sensor Sirip Sonar Di Atas Lensa Kamera Pengirim Sinyal|LAN; Layar Teks LED Merah Angka Di Samping Operator Jarak Milimeter|Other,,Kelelawar radar asisten fokus menembakkan gelombang tak kasat mata ke mata aktor menampilkan jarak pasti dalam milimeter membantu putaran lensa tajam sempurna tanpa repot mengukur pakai meteran pita,"Sensor Sirip Sonar Di Atas Lensa Kamera Pengirim Sinyal, Layar Teks LED Merah Angka Di Samping Operator Jarak Milimeter"
1002,Leader LV5350,Leader,Monitor Penilai Sinyal Video Mentah (Waveform Monitor),,🔧,0,Layar Sentuh 7 Inci Tampilan Grafik Hijau Gelombang Radar|LAN; Tombol Roda Putar Kanan Port Masuk BNC Sisi Atas|LAN,,Alat dokter bedah gambar membedah sinyal video menjadi grafik garis rumit memastikan kecerahan lampu tidak membakar piksel putih dan warna kulit berada di garis vektor yang tepat,"Layar Sentuh 7 Inci Tampilan Grafik Hijau Gelombang Radar, Tombol Roda Putar Kanan Port Masuk BNC Sisi Atas"
1003,ARRI LBUS Power Caddy,ARRI,Kotak Adaptor Daya Arus Searah Lensa (Lens Motor Power Hub),,🔧,0,Kotak Logam Sangat Kecil|Other; Port Kabel LBUS Empat Cabang Lurus Konektor Daya Lemo Jantan Jepit|LAN,,Jantung pembagi tenaga listrik memompa arus kuat ke tiga motor penggerak lensa berbeda sekaligus tanpa perlu menarik kabel panjang berantakan dari ujung ke ujung bodi kamera,"Kotak Logam Sangat Kecil, Port Kabel LBUS Empat Cabang Lurus Konektor Daya Lemo Jantan Jepit"
1004,Nisi Macro Focusing Rail NM-180,Nisi,Rel Makro Geser Fotografi Presisi (Macro Focusing Rail),,🔧,0,Rel Geser Baja Hitam Panjang Dudukan Arca Swiss Bawah|Audio; Kenop Ulir Roda Putar Halus Ujung Geseran Milimeter Penjepit Atas Kamera|Other,,Kereta luncur milimeter mendorong kamera super lambat mendekati mata laba laba berukuran debu tanpa menggeser fokus lensa memastikan ketajaman menembus dunia mikro secara menakjubkan,"Rel Geser Baja Hitam Panjang Dudukan Arca Swiss Bawah, Kenop Ulir Roda Putar Halus Ujung Geseran Milimeter Penjepit Atas Kamera"
1005,KIRA Motorized Camera Robot,KIRA,Lengan Robotik Kamera Kecepatan Tinggi (Cinema Robot Arm),,🔧,0,Lengan Baja Enam Sumbu Sendi Putar Kuning Raksasa Basis Lantai Berat|LAN; Motor Servo Tarikan Kecepatan Ekstrem Kabel Data Komputer Pusat|Other,,Tangan robot industri penari maut memutar dan melempar kamera mendekati cipratan air dari gelas jatuh dalam kecepatan kilat menciptakan iklan minuman gerak lambat yang tak mungkin dilakukan tangan manusia,"Lengan Baja Enam Sumbu Sendi Putar Kuning Raksasa Basis Lantai Berat, Motor Servo Tarikan Kecepatan Ekstrem Kabel Data Komputer Pusat"
1006,Syrp Slingshot Controller,Syrp,Pengendali Gerak Rel Berkabel (Wirecam Controller),,🔧,0,Sistem Roda Gigi Katrol Motor Baterai Terintegrasi|Other; Tali Kevlar Sepanjang Seratus Meter Remote Aplikasi HP|Other,,Kereta gantung otonom menyeret kamera meluncur membelah ngarai tebing pegunungan secara perlahan menciptakan efek pergerakan melayang waktu cepat (timelapse) matahari terbit yang sangat mulus,"Sistem Roda Gigi Katrol Motor Baterai Terintegrasi, Tali Kevlar Sepanjang Seratus Meter Remote Aplikasi HP"
1007,Kemet Ultrasonic Cleaner,Kemet,Mesin Pembersih Lensa Ultrasonik (Ultrasonic Lens Cleaner),,🔧,0,Bak Mandi Stainless Steel Tutup Rapat|LAN; Pembangkit Gelombang Suara Tinggi Air Getar Pembersih Timer|Other,,Bak mandi ajaib teknisi perbaikan meluruhkan jamur mikroskopis dan debu membandel di sela sela roda gigi optik lensa tua menggunakan getaran suara ultrasonik yang menghancurkan kotoran membandel,"Bak Mandi Stainless Steel Tutup Rapat, Pembangkit Gelombang Suara Tinggi Air Getar Pembersih Timer"
1008,Dew Not Lens Heater Strip,Dew,Pemanas Lensa Anti Embun Kabut (Lens Heater),/images_real/real_0966.jpg,🔧,0,Tali Kain Panjang Melingkar Elemen Pemanas Tipis Tali Velcro|LAN; Kabel USB Menjuntai Daya Powerbank|LAN,,Selimut penghangat leher lensa mencegah terbentuknya titik embun air mematikan di kaca depan saat syuting bintang malam di pegunungan bersuhu beku ekstrem,"Tali Kain Panjang Melingkar Elemen Pemanas Tipis Tali Velcro, Kabel USB Menjuntai Daya Powerbank"
1009,OConnor 60L Carbon Fiber Baby Tripod,OConnor,Tripod Kaki Tiga Super Rendah Kamera (Baby Legs Tripod),,🔧,0,Tiga Kaki Karbon Sangat Pendek Tarikan Satu Kunci|Other; Mangkuk Dasar Lebar 150mm Rata Tanah|Other,,Penyangga cebol super kuat dudukan kamera raksasa saat sutradara menginginkan sudut pandang cacing dari atas aspal menatap wajah aktor yang sedang terjatuh pingsan,"Tiga Kaki Karbon Sangat Pendek Tarikan Satu Kunci, Mangkuk Dasar Lebar 150mm Rata Tanah"
1010,SmallRig Universal Cheese Plate,SmallRig,Pelat Penghubung Multi Pipa Bawah Lensa (Cheese Plate),/images_real/real_0968.jpg,🔧,0,Papan Aluminium Persegi Datar Tebal Penuh Ratusan Lubang Ulir 1|Other; 4 dan 3|Other; 8 Inci|Other,,Papan kayu serbaguna lego besi penghubung segala macam aksesori baterai pemancar dan mikrofon dirangkai menyatu baut membentuk sistem rangka pelindung kamera kustom raksasa,"Papan Aluminium Persegi Datar Tebal Penuh Ratusan Lubang Ulir 1, 4 dan 3, 8 Inci"
1011,K-Tek Stingray Harness,K-Tek,Sabuk Sandang Pemikul Alat Rekam Dada (Audio Harness),,🔧,0,Rompi Ransel Tali X Punggung Bantalan Busa Tebal Paha|LAN; Tali Klip Carabiner Gantung Kotak Mixer Dada Berat|LAN,,Baju pelindung tulang punggung penata suara menahan beban kotak mixer 10 kilogram di dada menyebarkan tekanannya ke seluruh bahu dan paha agar tidak bungkuk saat syuting dokumenter seharian,"Rompi Ransel Tali X Punggung Bantalan Busa Tebal Paha, Tali Klip Carabiner Gantung Kotak Mixer Dada Berat"
1012,Kondor Blue D-Tap to BMPCC Coiled,Kondor,Kabel Penggulung Daya Baterai Sabuk (Coiled Power Cable),,🔧,0,Kabel Hitam Bentuk Pegas Tarik Ulur Lentur|Other; Colokan D-Tap Masuk Ke Baterai Kepala Steker Kunci Kamera|Other,,Tali pusar listrik spiral memanjang otomatis saat kamera diangkat dari pinggang ke mata dan menggulung pendek seketika saat diturunkan mencegah kabel terseret tanah,"Kabel Hitam Bentuk Pegas Tarik Ulur Lentur, Colokan D-Tap Masuk Ke Baterai Kepala Steker Kunci Kamera"
1013,PortaBrace Flat Screen Protector,PortaBrace,Pelindung Monitor Kaca Akrilik Keras (Monitor Hard Cover),,🔧,0,Papan Akrilik Bening Tahan Goresan Pisau Tebal|Other; Tali Karet Sisi Melingkar Peluk Bingkai Monitor Kencang|Other,,Tameng kaca anti peluru menutupi layar TV sutradara mencegah kehancuran layar jutaan rupiah dari lemparan batu kerikil atau benturan ujung tiang besi saat proses pemindahan alat malam hari,"Papan Akrilik Bening Tahan Goresan Pisau Tebal, Tali Karet Sisi Melingkar Peluk Bingkai Monitor Kencang"
1014,Touch & Go Plate 120,Touch,Sistem Kunci Tripod Lepas Cepat Raksasa (Heavy Duty Quick Release),/images_real/real_0972.jpg,🔧,0,Papan Besi Cor Hitam Dasar Kunci Tekan|Other; Baut Ukuran Besar Kamera Engsel Jepit Buka Tuas Panjang Geser Samping|Other,,Pelat seluncur pendaratan bobot gajah membiarkan kamera siaran 20 kilo mengunci mantap di atas dudukan tripod hanya dengan menaruhnya tanpa perlu mengintip lubang baut yang merepotkan,"Papan Besi Cor Hitam Dasar Kunci Tekan, Baut Ukuran Besar Kamera Engsel Jepit Buka Tuas Panjang Geser Samping"
1015,Elite Bags Jumble First Aid,Elite,Kotak Tas P3K Medis Syuting Lapangan (First Aid Kit Box),,🔧,0,Tas Kain Merah Menyala Palang Putih Ritsleting Ganda|LAN; Partisi Ruang Perban Cairan Antiseptik Gunting Medis Masker|Other,,Peti keselamatan darurat penyelamat nyawa kru menyimpan segala perlengkapan medis siap ditarik asisten pertama saat ada insiden jari terjepit alat atau kaki terkilir tersandung kabel lantai,"Tas Kain Merah Menyala Palang Putih Ritsleting Ganda, Partisi Ruang Perban Cairan Antiseptik Gunting Medis Masker"
1016,Swiss Safe Emergency Mylar Blanket,Swiss,Selimut Penghangat Darurat Kru (Space Blanket),,🔧,0,Lembaran Plastik Tipis Berbalut Foil Emas Perak Lipat Sangat Kecil|LAN; Memantulkan Kembali Panas Tubuh Manusia Kedap Air Angin|Other,,Jubah pelindung luar angkasa penyelamat kedinginan ekstrim dibalutkan ke tubuh artis yang baru saja selesai melakukan adegan berenang di danau malam hari mencegah hipotermia mendadak,"Lembaran Plastik Tipis Berbalut Foil Emas Perak Lipat Sangat Kecil, Memantulkan Kembali Panas Tubuh Manusia Kedap Air Angin"
1017,YETI Hopper BackFlip 24,YETI,Tas Ransel Kulkas Pendingin Minuman (Cooler Backpack),,🔧,0,Tas Ransel Kain Tebal Tahan Bocor Resleting Kedap Air Keras|Other; Lapisan Insulasi Busa Karet Tebal Tahan Es Dingin Dalam Tali Bahu|Other,,Kulkas berjalan di punggung kru logistik memastikan suplai air es dan minuman energi tetap dingin segar beku menyegarkan dahaga sutradara di tengah terik matahari padang pasir,"Tas Ransel Kain Tebal Tahan Bocor Resleting Kedap Air Keras, Lapisan Insulasi Busa Karet Tebal Tahan Es Dingin Dalam Tali Bahu"
1018,EcoFlow Delta Pro,EcoFlow,Pusat Listrik Tenaga Baterai Matahari (Portable Power Station),/images_real/real_0976.jpg,🔧,0,Kotak Roda Baterai Hitam Layar Digital Persentase Terang|Other; Empat Colokan Listrik Rumah Port USB Tipe-C Cepat Masukan Panel Surya|LAN,,Genset diam tanpa suara asap mesin knalpot menghidupkan seluruh stasiun edit laptop dan lampu tenda kru di tengah hutan belantara hanya mengandalkan energi simpanan dari rumah,"Kotak Roda Baterai Hitam Layar Digital Persentase Terang, Empat Colokan Listrik Rumah Port USB Tipe-C Cepat Masukan Panel Surya"
1019,Starlink Roam Kit,Starlink,Pemancar Sinyal Internet Satelit Hutan (Satellite Wi-Fi Hotspot),,🔧,0,Piringan Antena Kotak Putih Kaki Besi Miring Langit|LAN; Router Wi-Fi Dalam Kotak Kabel Sambung Tebal Listrik|Power,,Pembangkit jaringan internet keajaiban melempar sinyal Wi-Fi dari angkasa luar ke tengah pulau terpencil memampukan editor mengirim file video mentah langsung ke klien di kota besar,"Piringan Antena Kotak Putih Kaki Besi Miring Langit, Router Wi-Fi Dalam Kotak Kabel Sambung Tebal Listrik"
1020,Kupo 3-Section Wind-Up Stand,Kupo,Sistem Kerek Katrol Tiang Lampu Berat (Light Stand Hand Crank),,🔧,0,Tiang Pipa Baja Tebal Roda Dasar Tarikan|LAN; Tuas Engkol Putar Gigi Rantai Dalam Menaikkan Beban Tiang Otomatis|Other,,Kaki besi raksasa yang menggunakan tuas putar kerek untuk mengangkat lampu sorot seberat tubuh manusia setinggi empat meter tanpa membuat tulang punggung kru patah akibat mengangkat manual,"Tiang Pipa Baja Tebal Roda Dasar Tarikan, Tuas Engkol Putar Gigi Rantai Dalam Menaikkan Beban Tiang Otomatis"
1021,Knipex Wire Rope Cutter,Knipex,Pemotong Kabel Baja Tukang Panggung (Wire Rope Cutter),,🔧,0,Tang Baja Karbon Mulut Capit Tajam Lengkung Setengah Lingkaran|Other; Gagang Karet Pegas Lembut Tekanan Kuat Tarikan|Other,,Tang rahang buaya pemutus kawat sling baja panggung tanpa membuat ujung serat kawatnya mekar tajam berantakan memudahkan kawat masuk kembali ke lubang kuncian sekrup tiang,"Tang Baja Karbon Mulut Capit Tajam Lengkung Setengah Lingkaran, Gagang Karet Pegas Lembut Tekanan Kuat Tarikan"
1022,Pro Tapes Artist Tape Putih,Pro,Lem Pita Kertas Serbaguna Seniman (Artist Tape),,🔧,0,Gulungan Lakban Kertas Tipis Permukaan Halus Bisa Ditulis|LAN; Lem Rendah Perekat Bebas Noda Kaca Lensa Monitor Tembok|Power,,Pita perekat ajaib penanda batas berdiri aktor di lantai marmer putih yang tidak akan pernah meninggalkan bekas lem lengket kotor saat dicabut usai pengambilan gambar,"Gulungan Lakban Kertas Tipis Permukaan Halus Bisa Ditulis, Lem Rendah Perekat Bebas Noda Kaca Lensa Monitor Tembok"
1023,Atwood Rope Paracord,Atwood,Tali Jemuran Pengikat Kabel Bebas Putus (Paracord 550),,🔧,0,Gulungan Tali Anyaman Nilon Tujuh Inti Helai Dalam Lentur Tahan Air|Other; Tarikan Tahan Beban 250 Kilogram Warna Oranye Menyala|Other,,Tali seribu guna andalan asisten pengikat erat terpal penahan hujan lampu diikat ke pohon atau untuk mengikat tumpukan kabel usus berantakan di sudut set tanpa takut putus,"Gulungan Tali Anyaman Nilon Tujuh Inti Helai Dalam Lentur Tahan Air, Tarikan Tahan Beban 250 Kilogram Warna Oranye Menyala"
1024,Doughty Half Coupler,Doughty,Klem Capit Penjepit Pipa Rangka Panggung (Scaffolding Clamp),/images_real/real_0982.jpg,🔧,0,Cincin Setengah Lingkaran Aluminium Cor Tebal|Other; Baut Ulir Sayap Putar Tarik Tutup Kencang Rahang Gigi Tiang|Other,,Gelang borgol besi pencengkram urat nadi pipa kerangka panggung menyatukan tiang besi panggung satu dengan yang lain membentuk fondasi menara lampu raksasa anti runtuh,"Cincin Setengah Lingkaran Aluminium Cor Tebal, Baut Ulir Sayap Putar Tarik Tutup Kencang Rahang Gigi Tiang"
1025,Pgytech Photography Umbrella Mount,Pgytech,Dudukan Payung Kamera Pinggang Lari (Wearable Camera Umbrella),,🔧,0,Sabuk Klip Pinggang Jepit Punggung Dada Busa|LAN; Tiang Pemegang Gagang Payung Lurus Kunci Sekrup Pegas|Other,,Pemegang payung tak terlihat tangan membiarkan fotografer olahraga berdiri di bawah guyuran hujan memotret dengan kedua tangan penuh tanpa perlu memegang gagang payung sendiri,"Sabuk Klip Pinggang Jepit Punggung Dada Busa, Tiang Pemegang Gagang Payung Lurus Kunci Sekrup Pegas"
1026,SnapLight Industrial Light Sticks,SnapLight,Lampu Penanda Jalan Tenda Darurat (Glow Sticks),/images_real/real_0984.jpg,🔧,0,Tabung Plastik Cairan Kimia Kaca Dalam Patah|Power; Menghasilkan Cahaya Hijau Neon Pendaran Terang Tanpa Baterai Panas Api|Other,,Tongkat keajaiban pendar bercahaya ditekuk dan patah menyala belasan jam digantung di tali tenda atau jalan setapak hutan gelap mencegah artis tersandung batu saat jalan ke toilet malam hari,"Tabung Plastik Cairan Kimia Kaca Dalam Patah, Menghasilkan Cahaya Hijau Neon Pendaran Terang Tanpa Baterai Panas Api"
1027,Theragun Pro,Theragun,Alat Pijat Otot Pistol Kru Syuting (Massage Gun),,🔧,0,Genggaman Segitiga Lengan Ayun Ujung Kepala Bola Baret Karet|Other; Baterai Tukar Motor Pukul Getaran Dalam Kecepatan Tinggi|Other,,Pistol penembak rasa sakit penumbuk otot bahu kameramen yang kaku membeku setelah memanggul kamera 15 kilo seharian mengembalikan peredaran darah mengalir normal sebelum syuting hari kedua,"Genggaman Segitiga Lengan Ayun Ujung Kepala Bola Baret Karet, Baterai Tukar Motor Pukul Getaran Dalam Kecepatan Tinggi"
1028,NoCry Professional Knee Pads,NoCry,Pelindung Lutut Busa Pekerja Lantai (Knee Pads),/images_real/real_0986.jpg,🔧,0,Mangkuk Plastik Keras Cangkang Depan Perisai|Other; Busa Bantalan Gel Dalam Tali Silang Karet Elastis Pengikat Kaki Lebar|LAN,,Tempurung lutut besi pelindung fotografer saat harus berlutut kasar menyapu kerikil aspal jalanan secara tiba tiba mengejar sudut pengambilan gambar rendah pergerakan ban mobil,"Mangkuk Plastik Keras Cangkang Depan Perisai, Busa Bantalan Gel Dalam Tali Silang Karet Elastis Pengikat Kaki Lebar"
1029,LifeStraw Go,LifeStraw,Pemurni Air Botol Saring Langsung (Water Purifier Bottle),/images_real/real_0987.jpeg,🔧,0,Botol Air Plastik Tritan Sedotan Filter Karbon Mikro Kaca Pori|LAN; Membunuh Bakteri Kuman Langsung Sedot Air Danau Sungai|LAN,,Botol minum kelangsungan hidup kru dokumenter menyedot air keruh sungai Amazon merubahnya langsung menjadi air putih segar higienis tanpa harus repot merebus air pakai kayu bakar,"Botol Air Plastik Tritan Sedotan Filter Karbon Mikro Kaca Pori, Membunuh Bakteri Kuman Langsung Sedot Air Danau Sungai"
1030,Godox 65-Inch Parabolic Umbrella Silver,Godox,Payung Pemantul Hitam Perak Lebar (Parabolic Umbrella),,🔧,0,Kanopi Payung 16 Tulang Rusuk Kaca Serat Lengkungan Dalam Menjorok|LAN; Kain Hitam Luar Perak Bintik Dalam Tiang Tengah Besi Kuat|Other,,Payung parabola raksasa penembak peluru cahaya keras perak menciptakan kontras tajam pada kulit berotot binaragawan di studio memberikan efek tiga dimensi dramatis menakjubkan,"Kanopi Payung 16 Tulang Rusuk Kaca Serat Lengkungan Dalam Menjorok, Kain Hitam Luar Perak Bintik Dalam Tiang Tengah Besi Kuat"
1031,Gila Blackout Static Cling,Gila,Kain Pemblokir Sinar Matahari Jendela (Blackout Window Film),,🔧,0,Lembaran Gulung Film Plastik Gelap Pekat Hitam Tembus|Other; Menempel Kaca Pakai Air Tanpa Lem Lengket Mudah Cabut Ulang|LAN,,Karpet tempel penyulap siang menjadi malam menutupi seluruh kaca jendela ruang tamu secara instan tanpa celah membiarkan syuting adegan tidur malam dikerjakan jam dua siang bolong,"Lembaran Gulung Film Plastik Gelap Pekat Hitam Tembus, Menempel Kaca Pakai Air Tanpa Lem Lengket Mudah Cabut Ulang"
1032,Bubblebee Industries Windbubble,Bubblebee,Penutup Kaca Depan Mikrofon Lapis Air (Water Resistant Deadcat),,🔧,0,Bulu Sintetis Lembut Tebal Kepadatan Bulat|Other; Jaring Filter Kawat Logam Dalam Penolak Tetesan Air Hujan Jatuh Meluncur|Other,,Selimut bulu penangkal badai membungkus mic penjepit dada artis membuang hembusan angin laut sekaligus memantulkan tetesan gerimis agar tidak merendam kapsul listrik mic mati tenggelam,"Bulu Sintetis Lembut Tebal Kepadatan Bulat, Jaring Filter Kawat Logam Dalam Penolak Tetesan Air Hujan Jatuh Meluncur"
1033,Ursa Straps Chest Strap,Ursa,Sabuk Dada Pengikat Baterai Mikrofon Lari (Mic Transmitter Pouch),,🔧,0,Kain Neoprene Warna Kulit Melar Berpori Tali Velcro Halus|LAN; Kantong Saku Tersembunyi Penyimpan Kotak Pemancar Radio Mic Dada Belakang|Audio,,Sabuk ninja tak terlihat memeluk erat pemancar radio di dada aktor teater mencegah alat jatuh melompat keluar saat aktor melakukan adegan salto atau menari berputar putar kencang,"Kain Neoprene Warna Kulit Melar Berpori Tali Velcro Halus, Kantong Saku Tersembunyi Penyimpan Kotak Pemancar Radio Mic Dada Belakang"
1034,Think Tank Lens Drop Label,Think,Pemegang Sabuk Label Nama Lensa Pita (Lens Tag Bands),/images_real/real_0991.jpg,🔧,0,Karet Gelang Lebar Lingkar Tabung Lensa Jendela Bening|LAN; Kartu Kertas Putih Sisip Tulisan Spidol Ukuran Fokus Jelas|LAN,,Gelang penanda identitas lensa dipasang di perut lensa agar asisten kamera bisa langsung mengambil lensa 50mm dengan cepat di dalam tas gelap gulita tanpa harus membuka tutup lensa depan,"Karet Gelang Lebar Lingkar Tabung Lensa Jendela Bening, Kartu Kertas Putih Sisip Tulisan Spidol Ukuran Fokus Jelas"
1035,Cable Wrangler,Wrangler,Mesin Penggulung Kabel Tarik Cepat (Cable Winder Hand Tool),,🔧,0,Roda Bulat Gagang Tangan Samping Karet Tahan Patah Busa|Other; Pengikat Bola Tali Bungee Menjepit Lingkaran Kabel Listrik Bersama|Power,,Roda pemintal penyekap usus kabel membereskan sepuluh tali panjang ditarik digulung rapi dan diikat menjadi satu bongkahan tertata menghemat waktu bongkar muat alat berjam jam usai konser,"Roda Bulat Gagang Tangan Samping Karet Tahan Patah Busa, Pengikat Bola Tali Bungee Menjepit Lingkaran Kabel Listrik Bersama"
1036,RackSolutions Battery Holder,RackSolutions,Rak Baterai Penempel Dinding Stasiun Cas (Wall Mount Battery Rack),,🔧,0,Pelat Besi Lipat Sudut L Laci Rel Rak Penyekrup Tembok Dinding|LAN; Slot Lebar Penahan Jatuh Geser Masuk Baterai Rapat|Other,,Rak buku besi pajangan baterai V-Mount menempel mati di tembok studio menjaga puluhan baterai tidak berantakan tumpang tindih di meja mencegah resiko jatuh pecah ke lantai,"Pelat Besi Lipat Sudut L Laci Rel Rak Penyekrup Tembok Dinding, Slot Lebar Penahan Jatuh Geser Masuk Baterai Rapat"
1037,Zeiss Lens Wipes,Zeiss,Alat Pembersih Layar Monitor Busa Tisu (Screen Cleaning Wipes),/images_real/real_0994.jpg,🔧,0,Sachet Kotak Kertas Kecil Tisu Kain Basah Terlipat Segel Foil|LAN; Cairan Alkohol Cepat Menguap Bebas Jejak Noda Pelangi|LAN,,Tisu ajaib peluntur sidik jari minyak menghapus bersih noda makan siang sutradara dari atas layar monitor sentuh mengembalikan kejernihan layar sebening kristal menembus piksel terdalam,"Sachet Kotak Kertas Kecil Tisu Kain Basah Terlipat Segel Foil, Cairan Alkohol Cepat Menguap Bebas Jejak Noda Pelangi"
1038,Kessler Low Profile Plate,Kessler,Lengan Braket Kamera Penurun Titik Gravitasi (Low Angle Camera Bracket),,🔧,0,Pelat Baja Miring Cekung Titik Baut Rata Tanah Penjepit Kepala Bawah|Other; Tanpa Kaki Langsung Tempel Kayu Papan Pasir|LAN,,Bantalan tidur kamera paling tipis memaksa lensa mencium tanah sedekat mungkin merekam semut berjalan di tanah dengan fokus tajam yang mustahil dilakukan memakai tripod normal,"Pelat Baja Miring Cekung Titik Baut Rata Tanah Penjepit Kepala Bawah, Tanpa Kaki Langsung Tempel Kayu Papan Pasir"
1039,Comtek PR-216,Comtek,Pemancar Suara Panduan Sutradara ke Kru (IFB Ear-piece System),,🔧,0,Kotak Penerima Sabuk Klip Saku Kecil Baterai AA|LAN; Colokan Earphone Bening Tabung Karet Ulir Telinga Rahasia Tembus Dengar|Other,,Alat pembisik rahasia selang plastik di telinga pembawa acara TV mendengar perintah produser memotong segmen tanpa disadari oleh penonton karena tidak terlihat kabel menjuntai dari telinga,"Kotak Penerima Sabuk Klip Saku Kecil Baterai AA, Colokan Earphone Bening Tabung Karet Ulir Telinga Rahasia Tembus Dengar"
1040,ARRI Image Shifter,ARRI,Lensa Prisma Pemutar Layar Efek Vertikal (Image Rotator Prism),,🔧,0,Cincin Kaca Prisma Optik Segi Enam Putar Putaran Halus Dudukan Pipa Depan Kamera Baut|LAN; Memutar Orientasi Sumbu Cahaya Masuk|Other,,Kacamata ilusi sihir memutar dunia terbalik 180 derajat atau memiringkan gambar secara optik langsung di lensa merekam lorong jalan berputar tanpa perlu menumbangkan kamera miring merusak tripod,"Cincin Kaca Prisma Optik Segi Enam Putar Putaran Halus Dudukan Pipa Depan Kamera Baut, Memutar Orientasi Sumbu Cahaya Masuk"
1041,Kupo Tripod Rubber Feet,Kupo,Pelindung Bantalan Busa Ujung Kaki Tripod (Tripod Foot Pads),,🔧,0,Mangkuk Karet Silikon Hitam Keras Cetakan Lubang Paku Kaki|Other; Dasar Permukaan Rata Mencengkram Lantai Keramik Bebas Lecet|LAN,,Sepatu hak karet pembungkus cakar besi kaki tripod meredam getaran langkah kaki kru masuk ke kamera dan menyelamatkan lantai marmer panggung mahal dari goresan cakar tajam baret,"Mangkuk Karet Silikon Hitam Keras Cetakan Lubang Paku Kaki, Dasar Permukaan Rata Mencengkram Lantai Keramik Bebas Lecet"
1042,Kessler Crane Weight,Kessler,Besi Pemberat Ujung Rel Kamera Laju (Slider Counterweight Ball),,🔧,0,Bola Baja Padat Logam Hitam Pegangan Lingkar Atas Ulir Masuk Kunci Tengah Kencang Beban|Other; Menurunkan Pusat Gravitasi Dorong|Other,,Bola meriam bandul pengunci gravitasi diletakkan di tiang penyeimbang lengan kamera menahan tarikan berat alat depan agar tidak jungkir balik terjungkal ke depan saat didorong mulus,"Bola Baja Padat Logam Hitam Pegangan Lingkar Atas Ulir Masuk Kunci Tengah Kencang Beban, Menurunkan Pusat Gravitasi Dorong"
1043,Kupo T-Mark Heavy Sandbag,Kupo,Papan Penanda Pemain Aktor Kamera Lantai (T-Mark Sandbag),,🔧,0,Kantung Pasir Jahit Bentuk Huruf T Lebar Warna Oranye Kuning Merah Terang Bebas Licin Jatuh Duduk|Other; Kain Cordura Tahan Air Lapis|Other,,Karung pasir ajaib penunjuk posisi pendaratan aktor menginjak lantai dengan tepat sasaran fokus kamera dan tidak akan bergeser walau tersandung sepatu aktor berkali kali di tengah adegan jalan,"Kantung Pasir Jahit Bentuk Huruf T Lebar Warna Oranye Kuning Merah Terang Bebas Licin Jatuh Duduk, Kain Cordura Tahan Air Lapis"
1044,Peak Design Lens Pouch,Peak,Tas Silinder Kantong Lensa Sabuk Berjalan (Drop-In Lens Bag),/images_real/real_1001.jpg,🔧,0,Kain Nilon Rajut Melar Cangkang Pelindung Keras Bawah Penutup Tarikan Velcro Geser Sabuk|Other; Menempel Paha Ikat Bebas Ayun Gerak|Other,,Kantong kanguru mulut besar peluk erat lensa cadangan di paha fotografer membiarkannya memasukkan lensa bekas pakai tanpa melihat dan menarik lensa baru sambil matanya tetap fokus ke momen pengantin,"Kain Nilon Rajut Melar Cangkang Pelindung Keras Bawah Penutup Tarikan Velcro Geser Sabuk, Menempel Paha Ikat Bebas Ayun Gerak"
1045,Laird BNC Siku Kabel,Laird,Rakitan Kabel BNC Papan Ujung Lurus Pengunci (BNC Right Angle Jumper),,🔧,0,Kabel Sumbu Tembaga Super Pendek Dua Puluh Sentimeter Lurus Bengkok 90 Derajat Kunci Putar Logam Penuh Belakang Rapat Kuat|Other,,Jembatan kabel tulang bengkok menyelamatkan colokan pemancar kamera yang berhimpitan di sangkar besi sempit mencegah kabel urat tertumbuk patah karena ditekuk paksa menyamping keluar alat,Kabel Sumbu Tembaga Super Pendek Dua Puluh Sentimeter Lurus Bengkok 90 Derajat Kunci Putar Logam Penuh Belakang Rapat Kuat
1046,Corsair iCUE H150i Elite,Corsair,Pendingin CPU Komputer Editor Air Cair (Liquid CPU Cooler),,🔧,0,Kipas Angin Tiga Deret Radiator Logam Kisi Kisi Pipa Selang Air Cair|LAN; Pompa Tembaga Menyala Menempel Jantung Prosesor Tarik Panas|LAN,,Mesin radiator es penyedot darah panas otak komputer editor menjaga kecepatan rendering video tetap terbang tinggi tanpa tersendat hang saat memproses efek 3D berat di ruangan yang pengap,"Kipas Angin Tiga Deret Radiator Logam Kisi Kisi Pipa Selang Air Cair, Pompa Tembaga Menyala Menempel Jantung Prosesor Tarik Panas"
1047,Datacolor Spyder Checkr Photo,Datacolor,Kartu Warna Mini Saku Cek Akurasi Cahaya (Pocket Color Checker),,🔧,0,Buku Kotak Hitam Plastik Lipat Cangkang Keras Buka Merekah Kertas Papan Warna Kotak Kotak Lengkap Warna Kulit Abu Putih Hitam|LAN,,Kamus warna sakti seukuran dompet dipegang oleh model di depan wajah memampukan editor memutar warna kulit wajah kembali normal jika lampu panggung tak sengaja berwarna terlalu ungu,Buku Kotak Hitam Plastik Lipat Cangkang Keras Buka Merekah Kertas Papan Warna Kotak Kotak Lengkap Warna Kulit Abu Putih Hitam
1048,K-Tek Boom Pole Rubber Heel,K-Tek,Pelindung Ujung Gagang Tongkat Mikrofon Suara (Boom Pole Heel),,🔧,0,Cincin Mangkuk Karet Busa Ujung Tiang Panjang|Other; Pelindung Logam Karbon Bawah Sentuh Tanah Batu Tahan Retak Gores Benturan|Other,,Sepatu bot karet peredam kejut membungkus pangkal tiang mic panjang mencegah retakan hancur saat tiang berulang kali didirikan di aspal oleh penata suara yang lelah menunggu adegan dimulai,"Cincin Mangkuk Karet Busa Ujung Tiang Panjang, Pelindung Logam Karbon Bawah Sentuh Tanah Batu Tahan Retak Gores Benturan"
1049,Energizer CR2032 Lithium,Energizer,Baterai Cadangan Jam Otak Kamera (Timecode Coin Battery),/images_real/real_1006.jpg,🔧,0,Baterai Koin Bulat Perak Pipih Tipis Daya Volt Kecil Stabil|LAN; Pengisi Nyawa Memori Internal Mesin Penyimpan Sinkronisasi Jam Internal Dalam Gelap|Other,,Koin perak sumber nyawa memori otak kamera memastikan jam kode waktu internal tidak terulang kembali ke nol saat baterai utama dicabut mencegah bencana kacau balau saat editor menyamakan jejak video,"Baterai Koin Bulat Perak Pipih Tipis Daya Volt Kecil Stabil, Pengisi Nyawa Memori Internal Mesin Penyimpan Sinkronisasi Jam Internal Dalam Gelap"
1050,DSan Limitimer PRO-2000,DSan,Sistem Lampu Lalu Lintas Penghitung Mundur Pidato (Speech Timer Display),,🔧,0,Layar LED Angka Merah Hijau Kuning Menyala Hitung Mundur Raksasa Panggung Kotak Besi Pijakan Lantai Depan Pembicara Panggung Besar|LAN,,Lampu lalu lintas penjaga waktu pembawa acara mengancam dengan angka merah berkedip saat waktu pidato telah habis menyelamatkan siaran televisi langsung dari keterlambatan acara yang bisa didenda stasiun tayang,Layar LED Angka Merah Hijau Kuning Menyala Hitung Mundur Raksasa Panggung Kotak Besi Pijakan Lantai Depan Pembicara Panggung Besar
1051,ART DTI Dual Transformer Isolator,ART,Kotak Pemisah Audio Ground Loop Dengung (Ground Loop Isolator),,🔧,0,Kotak Hitam Besi Lubang Campuran RCA XLR Jack Gitar Masuk Keluar|Audio; Memotong Arus Listrik Tanah Kabel Menyaring Sinyal Dengung Menjadi Hening Murni|Power,,Saringan penjernih suara ajaib memblokir bunyi dengung lebah radio liar yang masuk lewat lantai gedung mengembalikan kemurnian suara gitar melodi dari jeritan noise kotor saat konser sedang berlangsung,"Kotak Hitam Besi Lubang Campuran RCA XLR Jack Gitar Masuk Keluar, Memotong Arus Listrik Tanah Kabel Menyaring Sinyal Dengung Menjadi Hening Murni"
1052,SM57,Shure,Mikrofon Dinamis,,🔧,0,,XLR 3-pin male|Audio,"Instrumen (snare, tom, ampli gitar), vokal & podium. 40–15.000 Hz; -56,0 dBV/Pa (1,6 mV); 150 Ω; SPL tinggi.",XLR 3-pin male
1053,SM58,Shure,Mikrofon Dinamis,,🔧,0,,XLR 3-pin male|Audio,"Vokal panggung live (standar industri). 50–15.000 Hz; -54,5 dBV/Pa (1,85 mV); 150 Ω. Varian: SM58S (saklar), SM58-LC, SM58-CN.",XLR 3-pin male
1054,SM7 / SM7A / SM7B / SM7dB,Shure,Mikrofon Dinamis,,🔧,0,,XLR 3-pin male|Audio,"Broadcast, vokal, podcast, amp bass & kick. 50–20.000 Hz; -59 dBV/Pa (1,12 mV); 150 Ω. SM7dB (2023) ada preamp internal.",XLR 3-pin male
1055,SM48,Shure,Mikrofon Dinamis,,🔧,0,,XLR 3-pin male|Audio,Vokal panggung (ekonomi). 55–14.000 Hz; 150 Ω; -57 dBV/Pa.,XLR 3-pin male
1056,SM45,Shure,Mikrofon Dinamis,,🔧,0,,XLR 3-pin male|Audio,Vokal panggung umum. 50–15.000 Hz; 150 Ω.,XLR 3-pin male
1057,SM56,Shure,Mikrofon Dinamis,,🔧,0,,XLR 3-pin male|Audio,Instrumen & vokal (versi awal SM series). 50–15.000 Hz; 150 Ω.,XLR 3-pin male
1058,SM53,Shure,Mikrofon Dinamis,,🔧,0,,XLR 3-pin male|Audio,Vokal & peliputan berita (field). 50–15.000 Hz; 150 Ω.,XLR 3-pin male
1059,SM54,Shure,Mikrofon Dinamis,,🔧,0,,XLR 3-pin male|Audio,Vokal & instrumen. 50–15.000 Hz; 150 Ω.,XLR 3-pin male
1060,Beta 57A,Shure,Mikrofon Dinamis,,🔧,0,,XLR 3-pin male|Audio,"Instrumen (snare, tom, ampli). 50–16.000 Hz; 150 Ω; -56 dBV/Pa.",XLR 3-pin male
1061,Beta 58A,Shure,Mikrofon Dinamis,,🔧,0,,XLR 3-pin male|Audio,Vokal live profesional. 50–16.000 Hz; 150 Ω; -55 dBV/Pa.,XLR 3-pin male
1062,Beta 52A,Shure,Mikrofon Dinamis,,🔧,0,,XLR 3-pin male|Audio,Kick drum / bass drum. 20–10.000 Hz; 150 Ω; -64 dBV/Pa.,XLR 3-pin male
1063,Beta 56A,Shure,Mikrofon Dinamis,,🔧,0,,XLR 3-pin male|Audio,"Snare, tom, instrumen perkusi & ampli. 50–18.000 Hz; 150 Ω.",XLR 3-pin male
1064,Unidyne 55 / 55S / 55SH / Super 55,Shure,Mikrofon Dinamis,,🔧,0,,XLR 3-pin male|Audio,Vokal panggung & dekoratif (ikonik 'Elvis mic'). 50–15.000 Hz; 150 Ω.,XLR 3-pin male
1065,565SD 'Unisphere',Shure,Mikrofon Dinamis,,🔧,0,,XLR 3-pin male|Audio,Vokal live. 50–15.000 Hz; 150 Ω.,XLR 3-pin male
1066,545SD,Shure,Mikrofon Dinamis,,🔧,0,,XLR 3-pin male|Audio,Vokal & instrumen. 50–15.000 Hz; 150 Ω.,XLR 3-pin male
1067,520DX 'Green Bullet',Shure,Mikrofon Dinamis,,🔧,0,,"XLR 6-pin / 1/4"" high-impedance|Audio",Harmonika / blues harp & vokal. 100–5.000 Hz; 150 Ω (high-Z juga tersedia).,"XLR 6-pin / 1/4"" high-impedance"
1068,SM85 (diskontinu),Shure,Mikrofon Dinamis,,🔧,0,,XLR 3-pin male|Audio,Vokal live. 50–15.000 Hz; 150 Ω; -54 dBV/Pa.,XLR 3-pin male
1069,KSM8 'Dualdyne',Shure,Mikrofon Dinamis,,🔧,0,,XLR 3-pin male|Audio,Vokal live premium (dual dynamic element). 40–16.000 Hz; 150 Ω; -51 dBV/Pa.,XLR 3-pin male
1070,WH20,Shure,Mikrofon Dinamis,,🔧,0,,"XLR 4-pin (mini-XLR) / 1/4""|Audio","Headset vokal / instrumen (live, drum). 50–15.000 Hz; 150 Ω.","XLR 4-pin (mini-XLR) / 1/4"""
1071,WH30,Shure,Mikrofon Dinamis,,🔧,0,,XLR 4-pin|Audio,Headset vokal (high-SPL). 40–15.000 Hz; 150 Ω.,XLR 4-pin
1072,MV7,Shure,Mikrofon Dinamis,,🔧,0,,XLR 3-pin male + USB-C|Audio,Podcast / streaming (hybrid). 50–16.000 Hz; 150 Ω; -55 dBV/Pa.,XLR 3-pin male + USB-C
1073,MV6,Shure,Mikrofon Dinamis,,🔧,0,,USB-C|USB,Podcast / gaming USB. 50–15.000 Hz.,USB-C
1074,PGA48 / PG48,Shure,Mikrofon Dinamis,,🔧,0,,XLR 3-pin male (atau USB pada PGA48-USB)|Audio,Vokal panggung pemula. 70–13.000 Hz; 150 Ω.,XLR 3-pin male (atau USB pada PGA48-USB)
1075,PGA57 / PG57,Shure,Mikrofon Dinamis,,🔧,0,,XLR 3-pin male|Audio,"Instrumen (drum, ampli). 70–15.000 Hz; 150 Ω.",XLR 3-pin male
1076,PGA58 / PG58,Shure,Mikrofon Dinamis,,🔧,0,,XLR 3-pin male (atau USB pada PGA58-USB)|Audio,Vokal panggung pemula. 50–15.000 Hz; 150 Ω.,XLR 3-pin male (atau USB pada PGA58-USB)
1077,588SD / 514B / 333 / 707 / 735 / 726 / 700 (diskontinu),Shure,Mikrofon Dinamis,,🔧,0,,"XLR 3-pin male / 1/4"" high-impedance|Audio",Vokal & instrumen (model klasik Shure). ~50–15.000 Hz; 150 Ω (beberapa high-Z).,"XLR 3-pin male / 1/4"" high-impedance"
1078,Wireless Handheld (kapsul dinamis),Shure,Mikrofon Dinamis,,🔧,0,,"XLR (body TX) - BLX2/SM58, SLX2/SM58, QLXD2/SM58, ULXD2/SM58, AD2/SM58, UR2/SM58, GLXD2/SM58|Audio",Vokal wireless live. Kapsul dinamis SM58 / Beta 58A / SM57 / KSM8.,"XLR (body TX) - BLX2/SM58, SLX2/SM58, QLXD2/SM58, ULXD2/SM58, AD2/SM58, UR2/SM58, GLXD2/SM58"
1079,"MD 421 (MD 421-II, MD 421 Kompakt, MD 521 Blackfire)",Sennheiser,Mikrofon Dinamis,,🔧,0,,XLR 3-pin (MD 421-II/Kompakt); DIN (model lama)|Audio,"Tom, kick, ampli gitar, vokal, brass. 30–17.000 Hz; 200 Ω; ~1,5–2 mV/Pa.",XLR 3-pin (MD 421-II/Kompakt); DIN (model lama)
1080,MD 441 (MD 441-U),Sennheiser,Mikrofon Dinamis,,🔧,0,,XLR 3-pin (sejak 1985; awalnya DIN)|Audio,"Broadcast, vokal, instrumen (drum, gitar). 30–20.000 Hz; 1,8 mV/Pa; 200 Ω.",XLR 3-pin (sejak 1985; awalnya DIN)
1081,"MD 21 (MD 21-U, MD 21-N)",Sennheiser,Mikrofon Dinamis,,🔧,0,,DIN / XLR (MD 21-U)|Audio,Peliputan berita radio/TV (ENG). 40–15.000 Hz; 200 Ω.,DIN / XLR (MD 21-U)
1082,MD 431 (diskontinu),Sennheiser,Mikrofon Dinamis,,🔧,0,,XLR 3-pin|Audio,Vokal handheld. 40–16.000 Hz; 200 Ω.,XLR 3-pin
1083,MD 23 / MD 24 / MD 25 / MD 26 / MD 27 (diskontinu),Sennheiser,Mikrofon Dinamis,,🔧,0,,XLR / DIN|Audio,Peliputan berita / interview. ~40–16.000 Hz; 200 Ω.,XLR / DIN
1084,MD 46,Sennheiser,Mikrofon Dinamis,,🔧,0,,XLR 3-pin|Audio,Jurnalisme / interview (reject noise). 40–18.000 Hz; 350 Ω.,XLR 3-pin
1085,MD 429 'Reporter',Sennheiser,Mikrofon Dinamis,,🔧,0,,XLR / DIN|Audio,Liputan berita handheld. 40–16.000 Hz; 200 Ω.,XLR / DIN
1086,e 835,Sennheiser,Mikrofon Dinamis,,🔧,0,,XLR 3-pin male|Audio,"Vokal live. 40–16.000 Hz; 350 Ω; 2,7 mV/Pa.",XLR 3-pin male
1087,e 845,Sennheiser,Mikrofon Dinamis,,🔧,0,,XLR 3-pin male|Audio,Vokal live (extended high-end). 40–16.000 Hz; 350 Ω.,XLR 3-pin male
1088,e 855,Sennheiser,Mikrofon Dinamis,,🔧,0,,XLR 3-pin male|Audio,Vokal live (dual-element). 40–16.000 Hz; 350 Ω.,XLR 3-pin male
1089,e 602 / e 602-II,Sennheiser,Mikrofon Dinamis,,🔧,0,,XLR 3-pin male|Audio,"Kick drum / bass. 20–16.000 Hz; 350 Ω; 4,5 mV/Pa.",XLR 3-pin male
1090,e 604,Sennheiser,Mikrofon Dinamis,,🔧,0,,XLR 3-pin male|Audio,"Tom & perkusi. 40–18.000 Hz; 350 Ω; 1,8 mV/Pa.",XLR 3-pin male
1091,e 606 / e 608 (diskontinu),Sennheiser,Mikrofon Dinamis,,🔧,0,,XLR 3-pin male|Audio,Tom clip-on. 40–15.000 Hz; 350 Ω.,XLR 3-pin male
1092,e 609,Sennheiser,Mikrofon Dinamis,,🔧,0,,XLR 3-pin male|Audio,"Ampli gitar & instrumen. 40–15.000 Hz; 350 Ω; 1,8 mV/Pa.",XLR 3-pin male
1093,e 614,Sennheiser,Mikrofon Dinamis,,🔧,0,,XLR 3-pin male|Audio,Overhead & instrumen akustik (small-diaphragm). 40–20.000 Hz; 350 Ω.,XLR 3-pin male
1094,e 901,Sennheiser,Mikrofon Dinamis,,🔧,0,,XLR 3-pin male|Audio,Kick drum (boundary/plate). 20–18.000 Hz; 350 Ω.,XLR 3-pin male
1095,e 902,Sennheiser,Mikrofon Dinamis,,🔧,0,,XLR 3-pin male|Audio,"Kick drum / bass. 20–18.000 Hz; 350 Ω; 1,9 mV/Pa.",XLR 3-pin male
1096,e 904,Sennheiser,Mikrofon Dinamis,,🔧,0,,XLR 3-pin male|Audio,Tom & snare. 40–18.000 Hz; 350 Ω.,XLR 3-pin male
1097,e 905,Sennheiser,Mikrofon Dinamis,,🔧,0,,XLR 3-pin male|Audio,Snare. 40–18.000 Hz; 350 Ω.,XLR 3-pin male
1098,e 906,Sennheiser,Mikrofon Dinamis,,🔧,0,,XLR 3-pin male|Audio,"Ampli gitar, snare, perkusi (flat-profile). 40–18.000 Hz; 350 Ω; 2,2 mV/Pa.",XLR 3-pin male
1099,e 908 (e 908 D / T / B),Sennheiser,Mikrofon Dinamis,,🔧,0,,XLR 3-pin male|Audio,"Instrumen clip-on (drum, tiup, bass). 40–20.000 Hz; 350 Ω.",XLR 3-pin male
1100,e 914,Sennheiser,Mikrofon Dinamis,,🔧,0,,XLR 3-pin male|Audio,"Overhead, perkusi, vokal. 40–20.000 Hz; 350 Ω.",XLR 3-pin male
1101,e 935,Sennheiser,Mikrofon Dinamis,,🔧,0,,XLR 3-pin male|Audio,"Vokal live profesional. 40–18.000 Hz; 350 Ω; 2,8 mV/Pa.",XLR 3-pin male
1102,e 945,Sennheiser,Mikrofon Dinamis,,🔧,0,,XLR 3-pin male|Audio,"Vokal live profesional. 40–18.000 Hz; 350 Ω; 2,2 mV/Pa.",XLR 3-pin male
1103,MD 409 (diskontinu),Sennheiser,Mikrofon Dinamis,,🔧,0,,DIN / XLR|Audio,Ampli gitar (klasik). 40–16.000 Hz; 200 Ω.,DIN / XLR
1104,MD 415 / MD 416 (diskontinu),Sennheiser,Mikrofon Dinamis,,🔧,0,,XLR / DIN|Audio,Vokal & instrumen. 40–16.000 Hz; 200 Ω.,XLR / DIN
1105,MD 431-II (diskontinu),Sennheiser,Mikrofon Dinamis,,🔧,0,,XLR 3-pin|Audio,Vokal handheld. 40–16.000 Hz; 200 Ω.,XLR 3-pin
1106,MD 523 'Blackfire' / MD 541 Blackfire,Sennheiser,Mikrofon Dinamis,,🔧,0,,XLR 3-pin|Audio,Vokal handheld (keamanan/presiden). 40–16.000 Hz; 200 Ω.,XLR 3-pin
1107,MD 42 / MD 43 / MD 44 / MD 45 (diskontinu),Sennheiser,Mikrofon Dinamis,,🔧,0,,XLR / DIN|Audio,Liputan berita / field. ~40–16.000 Hz; 200 Ω.,XLR / DIN
1108,XS 1,Sennheiser,Mikrofon Dinamis,,🔧,0,,XLR 3-pin male|Audio,Vokal live pemula. 55–16.000 Hz; 350 Ω.,XLR 3-pin male
1109,Evolution Wireless Handheld (kapsul dinamis),Sennheiser,Mikrofon Dinamis,,🔧,0,,"XLR (body TX) - SKM 100/300/500, ew 100/300/500 G3/G4|Audio",Vokal wireless (kapsul e 835 / e 935 / e 945).,"XLR (body TX) - SKM 100/300/500, ew 100/300/500 G3/G4"
1110,RE20,Electro-Voice / EV,Mikrofon Dinamis,,🔧,0,,XLR 3-pin male|Audio,"Broadcast & vokal. 45–18.000 Hz; 1,5 mV/Pascal; 150 Ω; teknologi Variable-D.",XLR 3-pin male
1111,RE27N/D,Electro-Voice / EV,Mikrofon Dinamis,,🔧,0,,XLR 3-pin male|Audio,"Broadcast & vokal (neodymium, output tinggi). 45–18.000 Hz; 2,5 mV/Pa; 150 Ω.",XLR 3-pin male
1112,RE320,Electro-Voice / EV,Mikrofon Dinamis,,🔧,0,,XLR 3-pin male|Audio,"Kick drum & vokal (switchable). 30–18.000 Hz; 150 Ω; 2,5 mV/Pa.",XLR 3-pin male
1113,RE15 (diskontinu),Electro-Voice / EV,Mikrofon Dinamis,,🔧,0,,XLR 3-pin|Audio,Vokal & instrumen (Variable-D). 50–15.000 Hz; 150 Ω.,XLR 3-pin
1114,RE16 (diskontinu),Electro-Voice / EV,Mikrofon Dinamis,,🔧,0,,XLR 3-pin|Audio,Vokal & instrumen (superkardioid Variable-D). 50–15.000 Hz; 150 Ω.,XLR 3-pin
1115,RE10 / RE11 / RE12 (diskontinu),Electro-Voice / EV,Mikrofon Dinamis,,🔧,0,,"XLR / 1/4""|Audio",Vokal handheld / ENG. 50–15.000 Hz; 150 Ω.,"XLR / 1/4"""
1116,RE18 (diskontinu),Electro-Voice / EV,Mikrofon Dinamis,,🔧,0,,XLR 3-pin|Audio,Vokal (Variable-D). 50–15.000 Hz; 150 Ω.,XLR 3-pin
1117,PL20 (diskontinu),Electro-Voice / EV,Mikrofon Dinamis,,🔧,0,,XLR 3-pin|Audio,Broadcast (versi 'navy' RE20). 45–18.000 Hz; 150 Ω.,XLR 3-pin
1118,664 'Buchanan Hammer' (diskontinu),Electro-Voice / EV,Mikrofon Dinamis,,🔧,0,,"XLR / 1/4"" high-impedance|Audio",Vokal & umum (sangat tangguh). 50–12.000 Hz; 150 Ω (high-Z juga).,"XLR / 1/4"" high-impedance"
1119,665 / 666 (diskontinu),Electro-Voice / EV,Mikrofon Dinamis,,🔧,0,,"XLR / 1/4""|Audio",Vokal handheld. 50–15.000 Hz; 150 Ω.,"XLR / 1/4"""
1120,642 Cardiline (diskontinu),Electro-Voice / EV,Mikrofon Dinamis,,🔧,0,,XLR 3-pin|Audio,Shotgun (Academy Award 1963). 50–15.000 Hz; 150 Ω.,XLR 3-pin
1121,"N/DYM Series (N/D357, N/D408, N/D478, N/D767, N/D868, N/D469) (diskontinu)",Electro-Voice / EV,Mikrofon Dinamis,,🔧,0,,XLR 3-pin|Audio,"Vokal & instrumen (neodymium, output tinggi). 50–18.000 Hz; 150–200 Ω.",XLR 3-pin
1122,"PL Series (PL22, PL24, PL33, PL35, PL37, PL44, PL80, PL81, PL84, PL99) (diskontinu)",Electro-Voice / EV,Mikrofon Dinamis,,🔧,0,,XLR 3-pin|Audio,"Vokal & drum (PL33 kick, PL35 snare, PL80 vokal). 50–16.000 Hz; 150–200 Ω.",XLR 3-pin
1123,"ND Series (ND44, ND46, ND66, ND67, ND68, ND76, ND76S, ND86, ND87, ND92, ND96)",Electro-Voice / EV,Mikrofon Dinamis,,🔧,0,,XLR 3-pin male|Audio,"Vokal & drum modern (neodymium). ND44 tom, ND46 kick, ND76/ND96 vokal, ND86 superkardioid vokal. 50–17.000 Hz; 200–350 Ω.",XLR 3-pin male
1124,"CO Series (CO100, CO200, CO300) (diskontinu)",Electro-Voice / EV,Mikrofon Dinamis,,🔧,0,,XLR 3-pin|Audio,Vokal & instrumen. 50–16.000 Hz; 150 Ω.,XLR 3-pin
1125,RE320-BLACK / RE20-Black (2020),Electro-Voice / EV,Mikrofon Dinamis,,🔧,0,,XLR 3-pin male|Audio,Edisi warna RE320 / RE20. Spesifikasi sama dengan RE320 / RE20.,XLR 3-pin male
1126,Wireless Handheld (kapsul dinamis),Electro-Voice / EV,Mikrofon Dinamis,,🔧,0,,"XLR (body TX) - RE2, R300, EKX|Audio",Vokal wireless (kapsul RE2 / ND76 / ND96).,"XLR (body TX) - RE2, R300, EKX"
1127,M 19 (diskontinu),Beyerdynamic,Mikrofon Dinamis,,🔧,0,,XLR / DIN / 3-pin Tuchel|Audio,"Studio (mikrofon dinamis studio pertama Beyer, 1937). 40–12.000 Hz; 200 Ω (high-Z juga).",XLR / DIN / 3-pin Tuchel
1128,M 58 (diskontinu),Beyerdynamic,Mikrofon Dinamis,,🔧,0,,XLR 3-pin|Audio,Vokal & broadcast. 40–16.000 Hz; 200 Ω.,XLR 3-pin
1129,M 59 (diskontinu),Beyerdynamic,Mikrofon Dinamis,,🔧,0,,XLR 3-pin|Audio,Vokal & instrumen. 40–16.000 Hz; 200 Ω.,XLR 3-pin
1130,M 69 (diskontinu),Beyerdynamic,Mikrofon Dinamis,,🔧,0,,XLR 3-pin|Audio,Vokal & instrumen. 40–18.000 Hz; 200 Ω.,XLR 3-pin
1131,M 81,Beyerdynamic,Mikrofon Dinamis,,🔧,0,,XLR 3-pin male|Audio,"Vokal, instrumen, broadcast. 30–20.000 Hz; 200 Ω; 1,1 mV/Pa.",XLR 3-pin male
1132,M 88,Beyerdynamic,Mikrofon Dinamis,,🔧,0,,XLR 3-pin male|Audio,"Vokal, kick, bass, brass, broadcast. 30–20.000 Hz; 200 Ω; 1,0 mV/Pa.",XLR 3-pin male
1133,M 99 (diskontinu),Beyerdynamic,Mikrofon Dinamis,,🔧,0,,XLR 3-pin|Audio,Vokal & instrumen. 40–18.000 Hz; 200 Ω.,XLR 3-pin
1134,M 200 (diskontinu),Beyerdynamic,Mikrofon Dinamis,,🔧,0,,XLR 3-pin|Audio,Vokal & instrumen. 40–16.000 Hz; 200 Ω.,XLR 3-pin
1135,M 201 (TG D201),Beyerdynamic,Mikrofon Dinamis,,🔧,0,,XLR 3-pin male|Audio,"Instrumen, overhead, snare, akustik. 40–18.000 Hz; 200 Ω; 1,2 mV/Pa.",XLR 3-pin male
1136,M 300 (diskontinu),Beyerdynamic,Mikrofon Dinamis,,🔧,0,,XLR 3-pin|Audio,Vokal & instrumen. 40–18.000 Hz; 200 Ω.,XLR 3-pin
1137,M 380 (diskontinu),Beyerdynamic,Mikrofon Dinamis,,🔧,0,,XLR 3-pin|Audio,Vokal & instrumen. 40–16.000 Hz; 200 Ω.,XLR 3-pin
1138,M 500 (diskontinu),Beyerdynamic,Mikrofon Dinamis,,🔧,0,,XLR 3-pin|Audio,Vokal & instrumen. 40–16.000 Hz; 200 Ω.,XLR 3-pin
1139,M 600 (diskontinu),Beyerdynamic,Mikrofon Dinamis,,🔧,0,,XLR 3-pin|Audio,Vokal & instrumen. 40–16.000 Hz; 200 Ω.,XLR 3-pin
1140,E 1000 (diskontinu),Beyerdynamic,Mikrofon Dinamis,,🔧,0,,XLR 3-pin|Audio,Vokal live (tur The Beatles 1966). 40–16.000 Hz; 200 Ω.,XLR 3-pin
1141,TG D58C / TG D57C,Beyerdynamic,Mikrofon Dinamis,,🔧,0,,XLR 3-pin male (mini-XLR pada beberapa)|Audio,Clip-on tom & perkusi. 40–20.000 Hz; 200 Ω.,XLR 3-pin male (mini-XLR pada beberapa)
1142,TG D70 / TG D70 M,Beyerdynamic,Mikrofon Dinamis,,🔧,0,,XLR 3-pin male|Audio,"Kick drum. 20–15.000 Hz; 200 Ω; 1,8 mV/Pa.",XLR 3-pin male
1143,TG V35,Beyerdynamic,Mikrofon Dinamis,,🔧,0,,XLR 3-pin male|Audio,"Vokal live. 50–18.000 Hz; 200 Ω; 2,2 mV/Pa.",XLR 3-pin male
1144,TG V50 / TG V50w,Beyerdynamic,Mikrofon Dinamis,,🔧,0,,XLR 3-pin male|Audio,"Vokal live. 50–18.000 Hz; 200 Ω; 2,4 mV/Pa.",XLR 3-pin male
1145,TG V70,Beyerdynamic,Mikrofon Dinamis,,🔧,0,,XLR 3-pin male|Audio,"Vokal live profesional. 40–20.000 Hz; 200 Ω; 2,8 mV/Pa.",XLR 3-pin male
1146,OPUS 35 / 36 / 37 / 38 / 39,Beyerdynamic,Mikrofon Dinamis,,🔧,0,,XLR 3-pin male|Audio,Vokal & instrumen (seri OPUS). 50–18.000 Hz; 200–350 Ω.,XLR 3-pin male
1147,OPUS 48 / 49,Beyerdynamic,Mikrofon Dinamis,,🔧,0,,XLR 3-pin male|Audio,Vokal live. 50–18.000 Hz; 200 Ω.,XLR 3-pin male
1148,OPUS 54 / 55 / 56 / 58 / 59,Beyerdynamic,Mikrofon Dinamis,,🔧,0,,XLR 3-pin male|Audio,Vokal & instrumen (seri OPUS). 50–18.000 Hz; 200–350 Ω.,XLR 3-pin male
1149,FOX / FOX USB,Beyerdynamic,Mikrofon Dinamis,,🔧,0,,XLR 3-pin male (FOX) / USB (FOX USB)|Audio,Podcast / home studio. 50–18.000 Hz; 200 Ω.,XLR 3-pin male (FOX) / USB (FOX USB)
1150,"Classis Series (GM 58, HM 58, OM 58, MM 58, DM 58)",Beyerdynamic,Mikrofon Dinamis,,🔧,0,,XLR 3-pin male|Audio,"Instalasi (podium, conference, ceiling, table). 50–18.000 Hz; 200 Ω.",XLR 3-pin male
1151,Shuttle / Vocalist Series (diskontinu),Beyerdynamic,Mikrofon Dinamis,,🔧,0,,XLR 3-pin|Audio,Vokal live. 50–16.000 Hz; 200 Ω.,XLR 3-pin
1152,Wireless Handheld (kapsul dinamis),Beyerdynamic,Mikrofon Dinamis,,🔧,0,,"XLR (body TX) - TG 500, TG 1000, WM|Audio",Vokal wireless (kapsul TG V50 / TG V70 / M 58).,"XLR (body TX) - TG 500, TG 1000, WM"
1153,AT2040,Audio-Technica,Mikrofon Dinamis,,🔧,0,,XLR 3-pin male|Audio,Podcast / voice-over / streaming. 80–17.000 Hz; 320 Ω; -53 dBV/Pa.,XLR 3-pin male
1154,AT2040USB,Audio-Technica,Mikrofon Dinamis,,🔧,0,,USB-C|USB,Podcast USB (2024). 80–17.000 Hz; 320 Ω.,USB-C
1155,ATM610a,Audio-Technica,Mikrofon Dinamis,,🔧,0,,XLR 3-pin male|Audio,Vokal live. 40–16.000 Hz; 300 Ω; -55 dBV/Pa.,XLR 3-pin male
1156,ATM410,Audio-Technica,Mikrofon Dinamis,,🔧,0,,XLR 3-pin male|Audio,Vokal live. 50–16.000 Hz; 300 Ω; -56 dBV/Pa.,XLR 3-pin male
1157,ATM310 / ATM310W,Audio-Technica,Mikrofon Dinamis,,🔧,0,,XLR 3-pin male|Audio,Vokal live. 50–16.000 Hz; 300 Ω; -57 dBV/Pa.,XLR 3-pin male
1158,ATM250,Audio-Technica,Mikrofon Dinamis,,🔧,0,,XLR 3-pin male|Audio,Kick drum / bass. 20–15.000 Hz; 300 Ω; -54 dBV/Pa.,XLR 3-pin male
1159,ATM350 / ATM350U (instrument),Audio-Technica,Mikrofon Dinamis,,🔧,0,,XLR 3-pin (dengan power module)|Audio,"Instrumen clip-on (tiup, brass, strings, drum). 40–20.000 Hz; 50 Ω; -49 dBV/Pa.",XLR 3-pin (dengan power module)
1160,ATM450,Audio-Technica,Mikrofon Dinamis,,🔧,0,,XLR 3-pin male|Audio,"Instrumen (small-diaphragm, side-address). 40–20.000 Hz; 100 Ω; -55 dBV/Pa.",XLR 3-pin male
1161,ATM650,Audio-Technica,Mikrofon Dinamis,,🔧,0,,XLR 3-pin male|Audio,"Instrumen (ampli, snare). 50–15.000 Hz; 300 Ω; -54 dBV/Pa.",XLR 3-pin male
1162,AE2500 (elemen dinamis),Audio-Technica,Mikrofon Dinamis,,🔧,0,,XLR 3-pin male (channel terpisah)|Audio,Kick drum (dual-element: dinamis + kondenser; hanya elemen dinamis). 20–17.000 Hz (dinamis); 100 Ω (dinamis).,XLR 3-pin male (channel terpisah)
1163,AE3300,Audio-Technica,Mikrofon Dinamis,,🔧,0,,XLR 3-pin male|Audio,Vokal live. 40–20.000 Hz; 250 Ω; -54 dBV/Pa.,XLR 3-pin male
1164,AE4100,Audio-Technica,Mikrofon Dinamis,,🔧,0,,XLR 3-pin male|Audio,Vokal live. 50–16.000 Hz; 250 Ω; -55 dBV/Pa.,XLR 3-pin male
1165,AE5100 (elemen dinamis),Audio-Technica,Mikrofon Dinamis,,🔧,0,,XLR 3-pin male|Audio,Instrumen (small-diaphragm). 40–20.000 Hz; 100 Ω.,XLR 3-pin male
1166,AE5400,Audio-Technica,Mikrofon Dinamis,,🔧,0,,XLR 3-pin male|Audio,Vokal live. 40–20.000 Hz; 250 Ω; -54 dBV/Pa.,XLR 3-pin male
1167,PRO-DRUM4 / PRO-DRUM7 (bundel),Audio-Technica,Mikrofon Dinamis,,🔧,0,,XLR 3-pin male|Audio,"Bundel mikrofon drum (4/7 pcs: ATM650, ATM350, dll).",XLR 3-pin male
1168,ATM-DRUM4 / ATM-DRUM7 (bundel),Audio-Technica,Mikrofon Dinamis,,🔧,0,,XLR 3-pin male|Audio,Bundel mikrofon drum (NAMM 2019).,XLR 3-pin male
1169,"AT800 Series (AT813, AT814, AT815, AT816, AT817, AT818, AT819) (diskontinu)",Audio-Technica,Mikrofon Dinamis,,🔧,0,,"XLR 3-pin / 1/4""|Audio",Seri mikrofon komersial pertama A-T (1978). Vokal & instrumen (beberapa shotgun). 50–15.000 Hz; 150–600 Ω.,"XLR 3-pin / 1/4"""
1170,ATW-T1000 / ATW-T3000 / ATW-T5000 (wireless handheld),Audio-Technica,Mikrofon Dinamis,,🔧,0,,"XLR (body TX) - 2000/3000/5000, System 10|Audio",Vokal wireless (kapsul dinamis ATM610a / ATM410 / AE seri).,"XLR (body TX) - 2000/3000/5000, System 10"
1171,AT829 / AT831 (elemen dinamis varian tertentu),Audio-Technica,Mikrofon Dinamis,,🔧,0,,"XLR / 1/4"" / mini-XLR|Audio",Lavalier / instrumen (beberapa varian dinamis). 50–16.000 Hz; 100–300 Ω.,"XLR / 1/4"" / mini-XLR"
1172,AT815a / AT835 (elemen dinamis varian tertentu),Audio-Technica,Mikrofon Dinamis,,🔧,0,,XLR 3-pin|Audio,Shotgun (beberapa varian dinamis). 40–20.000 Hz; 100–300 Ω.,XLR 3-pin
1173,D5,AKG,Mikrofon Dinamis,,🔧,0,,XLR3|Audio,"Lead/backing vocal handheld; Laminated Varimotion diaphragm. 70 Hz–20 kHz; 2,6 mV/Pa (-52 dBV); max SPL 147/156 dB; <=600 Ω.",XLR3
1174,D7,AKG,Mikrofon Dinamis,,🔧,0,,XLR3|Audio,Premium vocal handheld (successor D5); hum-bucking coil. ~70 Hz–20 kHz; <=600 Ω.,XLR3
1175,D880 (diskontinu),AKG,Mikrofon Dinamis,,🔧,0,,XLR3|Audio,Live vocal dynamic. ~70 Hz–20 kHz; ~600 Ω.,XLR3
1176,D330 (diskontinu),AKG,Mikrofon Dinamis,,🔧,0,,XLR3|Audio,High-end dynamic vocal (dipakai ABBA); large-diaphragm dynamic.,XLR3
1177,D202 (diskontinu),AKG,Mikrofon Dinamis,,🔧,0,,XLR3|Audio,Dual-element dynamic vocal. ~40 Hz–18 kHz.,XLR3
1178,D190 / D190E (diskontinu),AKG,Mikrofon Dinamis,,🔧,0,,XLR3|Audio,General-purpose dynamic vocal/instrument.,XLR3
1179,D220 (diskontinu),AKG,Mikrofon Dinamis,,🔧,0,,XLR3|Audio,Dynamic vocal/announce.,XLR3
1180,D19c (diskontinu),AKG,Mikrofon Dinamis,,🔧,0,,XLR3 (Tuchel/XLR)|Audio,Dynamic speech/overhead (Beatles sessions). ~50 Hz–16 kHz.,XLR3 (Tuchel/XLR)
1181,D222 (diskontinu),AKG,Mikrofon Dinamis,,🔧,0,,XLR3|Audio,Dual-capsule dynamic (UK Parliament dispatch boxes).,XLR3
1182,D112 (diskontinu) / D112 MKII (current),AKG,Mikrofon Dinamis,,🔧,0,,XLR3|Audio,Kick drum & bass instruments; large-diaphragm dynamic. ~20 Hz–17 kHz; max SPL 160 dB; <=600 Ω.,XLR3
1183,D40,AKG,Mikrofon Dinamis,,🔧,0,,XLR3|Audio,"Instrument (drums, amps, brass). ~50 Hz–20 kHz; <=600 Ω.",XLR3
1184,D12 / D12E / D12VR (diskontinu/heritage),AKG,Mikrofon Dinamis,,🔧,0,,XLR3 (D12VR: XLR3 + tube power)|Audio,Legendary bass/kick dynamic (1953). D12VR tambah tube preamp tapi kapsul tetap dinamis. ~40 Hz–16 kHz.,XLR3 (D12VR: XLR3 + tube power)
1185,P2 (Perception),AKG,Mikrofon Dinamis,,🔧,0,,XLR3|Audio,Bass drum / bass instrument dynamic. ~20 Hz–10 kHz; <=600 Ω.,XLR3
1186,P4 (Perception),AKG,Mikrofon Dinamis,,🔧,0,,XLR3|Audio,"Instrument dynamic (snare, tom, amps). ~40 Hz–18 kHz.",XLR3
1187,P3 S / P5 (Perception),AKG,Mikrofon Dinamis,,🔧,0,,XLR3|Audio,Vocal/instrument dynamic. ~40 Hz–20 kHz.,XLR3
1188,D130 (diskontinu),AKG,Mikrofon Dinamis,,🔧,0,,XLR3|Audio,Reporter/field dynamic. ~40 Hz–15 kHz.,XLR3
1189,DMS / WMS Series wireless handheld (dynamic capsule),AKG,Mikrofon Dinamis,,🔧,0,,Mini-XLR / proprietary wireless transmitter|Audio,Wireless handheld transmitter dengan kapsul dinamis (tipe D5).,Mini-XLR / proprietary wireless transmitter
1190,M1,RØDE,Mikrofon Dinamis,,🔧,0,,XLR3|Audio,"Live performance vocal; neodymium capsule. 75 Hz–18 kHz; -56 dBV (1,6 mV @94 dB); 320 Ω.",XLR3
1191,M1-S,RØDE,Mikrofon Dinamis,,🔧,0,,XLR3|Audio,"Sama dengan M1, black finish.",XLR3
1192,PodMic,RØDE,Mikrofon Dinamis,,🔧,0,,XLR3|Audio,"Podcast/broadcast end-address; internal pop filter. 50 Hz–15 kHz; -57 dBV (1,4 mV @94 dB); 320 Ω.",XLR3
1193,PodMic USB,RØDE,Mikrofon Dinamis,,🔧,0,,XLR3 + USB-C (dual)|Audio,Podcast/broadcast dual output + onboard DSP/Revolution preamp. 50 Hz–15 kHz; 320 Ω (XLR).,XLR3 + USB-C (dual)
1194,Procaster,RØDE,Mikrofon Dinamis,,🔧,0,,XLR3|Audio,"Broadcast/voice dynamic; internal pop filter. 75 Hz–18 kHz; -56 dBV (1,6 mV @94 dB); 320 Ω.",XLR3
1195,Podcaster,RØDE,Mikrofon Dinamis,,🔧,0,,USB (USB-B)|USB,"USB broadcast dynamic (berbasis Broadcaster); built-in A/D, headphone amp. ~40 Hz–14 kHz; cardioid 180° rejection.",USB (USB-B)
1196,OM2,Audix,Mikrofon Dinamis,,🔧,0,,XLR3|Audio,Vocal live; VLM diaphragm. 50 Hz–16 kHz; 250 Ω; SPL >140 dB.,XLR3
1197,OM3,Audix,Mikrofon Dinamis,,🔧,0,,XLR3|Audio,Vocal live. 50 Hz–18 kHz; 250 Ω.,XLR3
1198,OM5,Audix,Mikrofon Dinamis,,🔧,0,,XLR3|Audio,"Vocal live, high gain-before-feedback. 48 Hz–19 kHz; 150 Ω.",XLR3
1199,OM6,Audix,Mikrofon Dinamis,,🔧,0,,XLR3|Audio,"Vocal live, natural/neutral. 40 Hz–19 kHz; 200 Ω.",XLR3
1200,OM7,Audix,Mikrofon Dinamis,,🔧,0,,XLR3|Audio,"Professional loud-stage vocal; output sangat rendah (pad alami), SPL ekstrem. 48 Hz–19 kHz; 150 Ω; SPL >144 dB.",XLR3
1201,i5,Audix,Mikrofon Dinamis,,🔧,0,,XLR3|Audio,"All-purpose instrument (guitar/bass cabs, snare, vocals). 50 Hz–16 kHz; 150 Ω; SPL >140 dB.",XLR3
1202,D2,Audix,Mikrofon Dinamis,,🔧,0,,XLR3|Audio,"Rack/floor tom. 38 Hz–16,5 kHz; 250 Ω; SPL >144 dB.",XLR3
1203,D3,Audix,Mikrofon Dinamis,,🔧,0,,XLR3|Audio,"Instrument (snare, guitar, brass). 50 Hz–20 kHz; 200 Ω; SPL >144 dB.",XLR3
1204,D4,Audix,Mikrofon Dinamis,,🔧,0,,XLR3|Audio,Kick/floor tom low end. 40 Hz–15 kHz; 200 Ω; SPL >144 dB.,XLR3
1205,D6,Audix,Mikrofon Dinamis,,🔧,0,,XLR3|Audio,Kick drum / bass cab; transformerless VLM. 30 Hz–15 kHz; 200 Ω; SPL >144 dB.,XLR3
1206,FireBall,Audix,Mikrofon Dinamis,,🔧,0,,XLR3|Audio,Harmonica/blues harp dynamic. 50 Hz–16 kHz; 150 Ω.,XLR3
1207,F50,Audix,Mikrofon Dinamis,,🔧,0,,Mini-XLR (TA4F) wireless connector|Audio,Dynamic handheld capsule untuk wireless systems. 50 Hz–16 kHz; 150 Ω.,Mini-XLR (TA4F) wireless connector
1208,F51,Audix,Mikrofon Dinamis,,🔧,0,,Mini-XLR (TA4F) wireless connector|Audio,Dynamic handheld capsule untuk wireless; pattern lebih tight.,Mini-XLR (TA4F) wireless connector
1209,PR 20,Heil Sound,Mikrofon Dinamis,,🔧,0,,XLR3|Audio,Live vocal handheld. ~50 Hz–18 kHz; low-noise dynamic element.,XLR3
1210,PR 20 UT,Heil Sound,Mikrofon Dinamis,,🔧,0,,XLR3|Audio,PR 20 utility/variant finish.,XLR3
1211,PR 22,Heil Sound,Mikrofon Dinamis,,🔧,0,,XLR3|Audio,Live vocal handheld (sedikit lebih bright dari PR20).,XLR3
1212,PR 22 UT,Heil Sound,Mikrofon Dinamis,,🔧,0,,XLR3|Audio,PR 22 utility/variant.,XLR3
1213,PR 35,Heil Sound,Mikrofon Dinamis,,🔧,0,,XLR3|Audio,"Premium live vocal; floating element, low-end roll-off switch. ~50 Hz–18 kHz.",XLR3
1214,PR 37,Heil Sound,Mikrofon Dinamis,,🔧,0,,XLR3|Audio,"Live vocal; tighter, articulate.",XLR3
1215,PR 77 D,Heil Sound,Mikrofon Dinamis,,🔧,0,,XLR3|Audio,Handheld reporter/announce dynamic.,XLR3
1216,Handi Mic Pro Plus,Heil Sound,Mikrofon Dinamis,,🔧,0,,XLR3 (dengan adapter cables)|Audio,Compact handheld dynamic (ham radio / field).,XLR3 (dengan adapter cables)
1217,The Fin,Heil Sound,Mikrofon Dinamis,,🔧,0,,XLR3|Audio,Specialty dynamic (kick/special use).,XLR3
1218,PR 30,Heil Sound,Mikrofon Dinamis,,🔧,0,,XLR3|Audio,Broadcast/voice dynamic. ~30 Hz–18 kHz.,XLR3
1219,PR 31 BW,Heil Sound,Mikrofon Dinamis,,🔧,0,,XLR3|Audio,Broadcast 'wedge' dynamic (tight pattern untuk ruang berisik).,XLR3
1220,PR 40,Heil Sound,Mikrofon Dinamis,,🔧,0,,XLR3|Audio,Large-diaphragm broadcast dynamic. ~28 Hz–18 kHz; low end excellent.,XLR3
1221,PR 28,Heil Sound,Mikrofon Dinamis,,🔧,0,,XLR3|Audio,Snare/tom dynamic.,XLR3
1222,PR 48,Heil Sound,Mikrofon Dinamis,,🔧,0,,XLR3|Audio,Kick/snare drum dynamic.,XLR3
1223,RC 22,Heil Sound,Mikrofon Dinamis,,🔧,0,,Mini-XLR (wireless capsule)|Audio,Wireless dynamic capsule (voicing PR22) untuk beltpack/handheld wireless.,Mini-XLR (wireless capsule)
1224,RC 35,Heil Sound,Mikrofon Dinamis,,🔧,0,,Mini-XLR (wireless capsule)|Audio,Wireless dynamic capsule (voicing PR35).,Mini-XLR (wireless capsule)
1225,RC 37,Heil Sound,Mikrofon Dinamis,,🔧,0,,Mini-XLR (wireless capsule)|Audio,Wireless dynamic capsule (voicing PR37).,Mini-XLR (wireless capsule)
1226,M80,Telefunken Elektroakustik,Mikrofon Dinamis,,🔧,0,,XLR3|Audio,"Flagship handheld vocal; respon lebar seimbang, proximity effect rendah. 50 Hz–18 kHz; ~1,5 mV/Pa; 200 Ω; SPL >140 dB.",XLR3
1227,M80-SH,Telefunken Elektroakustik,Mikrofon Dinamis,,🔧,0,,XLR3|Audio,"M80 low-profile (short) untuk snare/hat, upright bass.",XLR3
1228,M81,Telefunken Elektroakustik,Mikrofon Dinamis,,🔧,0,,XLR3|Audio,"Handheld vocal/instrument; respon lebih flat, high tamed, proximity minimal. 50 Hz–18 kHz; 200 Ω.",XLR3
1229,M81-SH,Telefunken Elektroakustik,Mikrofon Dinamis,,🔧,0,,XLR3|Audio,"M81 low-profile (guitar cabs, snare, horns).",XLR3
1230,M82,Telefunken Elektroakustik,Mikrofon Dinamis,,🔧,0,,XLR3|Audio,Kick drum / broadcast bass; dengan -10 dB pad & low-cut filter switch. 30 Hz–15 kHz; 200 Ω; SPL >140 dB.,XLR3
1231,V7,sE Electronics,Mikrofon Dinamis,,🔧,0,,XLR3|Audio,"Vokal live; dynamic moving-coil. 40 Hz–19 kHz; 2,0 mV/Pa; 300 Ω.",XLR3
1232,"V7 (varian: BLACK, ENG, Gold, Nickel, Gold 25th, Nickel 25th, CHROME, MK, BFG, VE, RED, WHITE)",sE Electronics,Mikrofon Dinamis,,🔧,0,,XLR3|Audio,Vokal live (edisi/warna/signature berbeda); spesifikasi sama dengan V7.,XLR3
1233,V7 SWITCH,sE Electronics,Mikrofon Dinamis,,🔧,0,,XLR3|Audio,Vokal live dengan on-off switch. 40 Hz–19 kHz.,XLR3
1234,V7 PTT / PTT GOLD / PTT NICKEL / PTT VE,sE Electronics,Mikrofon Dinamis,,🔧,0,,XLR3|Audio,"Talkback / Push-To-Talk (broadcast, drumfill). 40 Hz–19 kHz.",XLR3
1235,V7 MC1 (Black/Gold/Nickel/Red/White),sE Electronics,Mikrofon Dinamis,,🔧,0,,XLR mini (Shure wireless)|Audio,Kapsul wireless untuk transmitter Shure. 40 Hz–19 kHz.,XLR mini (Shure wireless)
1236,V7 MC2 (Black/Red/White/Gold/Nickel),sE Electronics,Mikrofon Dinamis,,🔧,0,,XLR mini (Sennheiser wireless)|Audio,Kapsul wireless untuk transmitter Sennheiser. 40 Hz–19 kHz.,XLR mini (Sennheiser wireless)
1237,V3,sE Electronics,Mikrofon Dinamis,,🔧,0,,XLR3|Audio,"Vokal & instrument live. 50 Hz–16 kHz; 2,0 mV/Pa; 600 Ω.",XLR3
1238,V2 SWITCH,sE Electronics,Mikrofon Dinamis,,🔧,0,,XLR3|Audio,Vokal live dengan on-off switch. 50 Hz–16 kHz.,XLR3
1239,V7 X / V7 X Black,sE Electronics,Mikrofon Dinamis,,🔧,0,,XLR3|Audio,Snare & instrument (drum/amp). 30 Hz–19 kHz.,XLR3
1240,V KICK,sE Electronics,Mikrofon Dinamis,,🔧,0,,XLR3|Audio,"Kick drum. 30 Hz–15 kHz; 2,5 mV/Pa; 200 Ω.",XLR3
1241,V BEAT,sE Electronics,Mikrofon Dinamis,,🔧,0,,XLR3|Audio,Tom & instrument (drum). 30 Hz–19 kHz.,XLR3
1242,DCM8,sE Electronics,Mikrofon Dinamis,,🔧,0,,XLR3|Audio,"Studio vocal/podcast (front-addressed); +30 dB Dynamite preamp, 3-layer pop filter, 6 EQ.",XLR3
1243,DCM6,sE Electronics,Mikrofon Dinamis,,🔧,0,,XLR3|Audio,Studio vocal/podcast (front-addressed); +30 dB Dynamite preamp.,XLR3
1244,DCM3,sE Electronics,Mikrofon Dinamis,,🔧,0,,XLR3|Audio,"Studio vocal/podcast (front-addressed); +30 dB preamp, plosive protection.",XLR3
1245,MTP 5,Lewitt,Mikrofon Dinamis,,🔧,0,,XLR3|Audio,Vokal live. 60 Hz–18 kHz; 250 Ω.,XLR3
1246,MTP 250 DM (Discontinued),Lewitt,Mikrofon Dinamis,,🔧,0,,XLR3 (gold 3-pin)|Audio,Vokal live. 60 Hz–18 kHz; 2 mV/Pa (-54 dBV/Pa); 280 Ω.,XLR3 (gold 3-pin)
1247,MTP 440 DM,Lewitt,Mikrofon Dinamis,,🔧,0,,XLR3|Audio,Drum & amplifier. 40 Hz–20 kHz; 340 Ω.,XLR3
1248,MTP 840 DM,Lewitt,Mikrofon Dinamis,,🔧,0,,XLR3|Audio,Vokal live premium. 50 Hz–20 kHz; 210 Ω.,XLR3
1249,DTP 340 REX,Lewitt,Mikrofon Dinamis,,🔧,0,,XLR3|Audio,Bass drum / kick; dual-character sound modes. 40 Hz–20 kHz; 500 Ω.,XLR3
1250,DTP 340 TT,Lewitt,Mikrofon Dinamis,,🔧,0,,XLR3|Audio,Tom & percussion. 40 Hz–20 kHz; 500 Ω.,XLR3
1251,DTP 640 REX,Lewitt,Mikrofon Dinamis,,🔧,0,,XLR3|Audio,Kick drum; hybrid (kapsul Condenser + Dynamic). 20 Hz–20 kHz; 500 Ω.,XLR3
1252,INTERVIEWER,Lewitt,Mikrofon Dinamis,,🔧,0,,XLR3|Audio,Broadcast / interview. 20 Hz–20 kHz; 250 Ω.,XLR3
1253,BCM 705,Neumann,Mikrofon Dinamis,,🔧,0,,XLR3|Audio,"Broadcast / podcast (microphone arm); dynamic moving-coil. 20 Hz–20 kHz; 1,7 mV/Pa; max SPL 150 dB; S/N 76 dB; tanpa phantom power.",XLR3
1254,Q4,Samson,Mikrofon Dinamis,,🔧,0,,XLR3|Audio,Vokal handheld. 50 Hz–15 kHz; 500 Ω.,XLR3
1255,Q6,Samson,Mikrofon Dinamis,,🔧,0,,XLR3|Audio,Vokal handheld dengan on-off switch. 50 Hz–15 kHz; 500 Ω.,XLR3
1256,Q7x,Samson,Mikrofon Dinamis,,🔧,0,,XLR3|Audio,"Vokal profesional. 50 Hz–16 kHz; 2,2 mV/Pa; 300 Ω.",XLR3
1257,Q8x,Samson,Mikrofon Dinamis,,🔧,0,,XLR3|Audio,"Vokal profesional. 50 Hz–16 kHz; 1,8 mV/Pa; 300 Ω.",XLR3
1258,Q9x,Samson,Mikrofon Dinamis,,🔧,0,,XLR3|Audio,"Vokal broadcast. 50 Hz–16 kHz; 2,0 mV/Pa; 300 Ω.",XLR3
1259,R21S,Samson,Mikrofon Dinamis,,🔧,0,,XLR3|Audio,Vokal handheld. 50 Hz–15 kHz; 500 Ω.,XLR3
1260,R21 3-Pack,Samson,Mikrofon Dinamis,,🔧,0,,XLR3|Audio,Vokal (paket 3 mikrofon). 50 Hz–15 kHz; 500 Ω.,XLR3
1261,FM1 (FlatMic),Samson,Mikrofon Dinamis,,🔧,0,,XLR3|Audio,Instrument (low-profile flat mic). 50 Hz–15 kHz; 500 Ω.,XLR3
1262,Q2U,Samson,Mikrofon Dinamis,,🔧,0,,USB + XLR3|Audio,"Vokal / podcast / recording dengan aksesoris lengkap. 50 Hz–15 kHz; 2,0 mV/Pa; 500 Ω.",USB + XLR3
1263,Q9U,Samson,Mikrofon Dinamis,,🔧,0,,USB-C + XLR3|Audio,"Broadcast / podcast. 50 Hz–20 kHz; 2,45 mV/Pa; 250 Ω.",USB-C + XLR3
1264,XM8500,Behringer,Mikrofon Dinamis,,🔧,0,,XLR3|Audio,Vokal & instrument; dynamic moving-coil (Ultravoice). 50 Hz–15 kHz; 150 Ω.,XLR3
1265,XM1800S (3-Pack),Behringer,Mikrofon Dinamis,,🔧,0,,XLR3|Audio,Vokal & instrument di studio & panggung (paket 3 mikrofon); Ultravoice.,XLR3
1266,XM2000S (3-Piece Set),Behringer,Mikrofon Dinamis,,🔧,0,,XLR3|Audio,Vokal profesional (paket 3 mikrofon); Ultravoice. 50 Hz–15 kHz; 150 Ω.,XLR3
1267,BA 85A,Behringer,Mikrofon Dinamis,,🔧,0,,XLR3|Audio,Vokal close-up; output level tinggi.,XLR3
1268,SL 85S,Behringer,Mikrofon Dinamis,,🔧,0,,XLR3|Audio,Vokal dengan on-off switch; mid-frequency boost untuk speech.,XLR3
1269,SL 84C,Behringer,Mikrofon Dinamis,,🔧,0,,XLR3|Audio,"Vokal; frekuensi menengah halus, wind & pop filter.",XLR3
1270,SL 75C,Behringer,Mikrofon Dinamis,,🔧,0,,XLR3|Audio,Vokal. 50 Hz–15 kHz; 150 Ω.,XLR3
1271,B906,Behringer,Mikrofon Dinamis,,🔧,0,,XLR3|Audio,"Instrument (guitar amp, snare, tom). 50 Hz–18 kHz; 200 Ω.",XLR3
1272,B905,Behringer,Mikrofon Dinamis,,🔧,0,,XLR3|Audio,"Instrument (kick, floor tom, guitar amp). 20 Hz–17 kHz; 200 Ω.",XLR3
1273,BC1200 (7-Piece Drum Mic Set),Behringer,Mikrofon Dinamis,,🔧,0,,XLR3|Audio,"Drum kit lengkap (1 kick, 4 tom/snare, 2 cymbal mic + stand & kabel); Ultravoice.",XLR3
1274,ZDM-1,Zoom,Mikrofon Dinamis,,🔧,0,,XLR 3-pin (balanced)|Audio,"Podcasting, vocal recording, streaming, broadcasting. Large-diaphragm 25 mm (moving-coil); all-metal; built-in shock mount; high SPL.",XLR 3-pin (balanced)
1275,EM-89D,Mackie,Mikrofon Dinamis,,🔧,0,,XLR 3-pin (balanced)|Audio,"Live vocals, instruments, general PA & stage. Handheld dynamic; rugged metal body; feedback rejection baik.",XLR 3-pin (balanced)
1276,EM-99B,Mackie,Mikrofon Dinamis,,🔧,0,,XLR 3-pin (balanced)|Audio,"Podcasting, broadcast, streaming, voice-over. Desktop dynamic broadcast; ~-53 dB; 50 Hz–16 kHz; termasuk desktop stand.",XLR 3-pin (balanced)
1277,PD-70,PreSonus,Mikrofon Dinamis,,🔧,0,,XLR 3-pin (balanced)|Audio,"Podcasting, broadcast, vocal recording. Dynamic capsule; 20 Hz–20 kHz; max SPL 135 dB; termasuk windscreen.",XLR 3-pin (balanced)
1278,Revelator Dynamic,PreSonus,Mikrofon Dinamis,,🔧,0,,USB-C (bus-powered)|LAN,"Podcasting, streaming, vocal recording. Dynamic capsule; 20 Hz–20 kHz; max SPL 135 dB; 24-bit/96 kHz; USB bus-powered; DSP onboard (EQ, comp, gate).",USB-C (bus-powered)
1279,DM-7 (BD-1 + 4x ST-4),PreSonus,Mikrofon Dinamis,,🔧,0,,XLR 3-pin (balanced)|Audio,"7-piece drum mic set (elemen dinamis: BD-1 kick + 4x ST-4 tom/snare). Termasuk hardcase, clips, mounts.",XLR 3-pin (balanced)
1280,K688 (AmpliTank),Fifine,Mikrofon Dinamis,,🔧,0,,XLR / USB (dual)|Audio,"Podcasting, streaming, vocal, voice-over, gaming. All-metal dynamic; mute button; headphone jack; volume control; windscreen.",XLR / USB (dual)
1281,AM8 / AM8W / AM8S (AmpliGame),Fifine,Mikrofon Dinamis,,🔧,0,,XLR / USB (dual)|Audio,"Gaming, streaming, content creation. Dynamic; RGB variants; mute & monitoring; desk/boom.",XLR / USB (dual)
1282,TANK6 (AmpliTank),Fifine,Mikrofon Dinamis,,🔧,0,,XLR / USB (dual)|Audio,"Streaming, vocal recording, podcasting. All-metal dynamic; mute; headphone jack; volume knob.",XLR / USB (dual)
1283,TANK1 (AmpliTank),Fifine,Mikrofon Dinamis,,🔧,0,,XLR|Audio,"Podcasting, broadcast, voice-over. Dynamic; mid-boost & low-cut filter; all-metal; mixer compatible.",XLR
1284,TANK3 (AmpliTank),Fifine,Mikrofon Dinamis,,🔧,0,,XLR / USB (dual)|Audio,"Streaming, vocal/music recording. All-metal dynamic; mute; headphone jack; volume knob.",XLR / USB (dual)
1285,K669D,Fifine,Mikrofon Dinamis,,🔧,0,,XLR|Audio,"Vocal recording, podcasting, streaming, voice-over, dubbing. Metal dynamic; mixer/interface compatible.",XLR
1286,PD200W,Maono,Mikrofon Dinamis,,🔧,0,,USB-C / XLR / Wireless 2.4 GHz|Audio,"Podcasting, streaming, vocal recording. 3-mode (USB / XLR / 2.4 GHz wireless); 30 mm dynamic; 50 Hz–16 kHz; max SPL 128 dB; 580 Ω; 24-bit/48 kHz; baterai 2600 mAh.",USB-C / XLR / Wireless 2.4 GHz
1287,PD200X,Maono,Mikrofon Dinamis,,🔧,0,,USB-C / XLR (dual)|Audio,"Podcasting, streaming, broadcast, gaming. Dynamic; software EQ; tap-to-mute; headphone jack; gain & volume.",USB-C / XLR (dual)
1288,PD400X,Maono,Mikrofon Dinamis,,🔧,0,,USB-C / XLR (dual)|Audio,"Podcasting, broadcast, streaming, recording. Larger dynamic capsule; software control; EQ; tap-to-mute; monitoring.",USB-C / XLR (dual)
1289,PD100,Maono,Mikrofon Dinamis,,🔧,0,,XLR 3-pin (balanced)|Audio,XLR podcast. 60 Hz–14 kHz; inner double-layer pop filter; full-metal; termasuk 2 m XLR cable & desktop base.,XLR 3-pin (balanced)
1290,PD100XS,Maono,Mikrofon Dinamis,,🔧,0,,XLR 3-pin (balanced)|Audio,"XLR boom mic. Successor PD100; termasuk boom arm, 2 m XLR cable, pop filter.",XLR 3-pin (balanced)
1291,PD100W,Maono,Mikrofon Dinamis,,🔧,0,,Wireless (USB receiver)|Wireless,Wireless dynamic. Portable use; varian wireless PD100.,Wireless (USB receiver)
1292,PD300X,Maono,Mikrofon Dinamis,,🔧,0,,USB-C / XLR (dual)|Audio,"Podcasting, streaming, gaming, vocal recording. Dynamic; software; mute & gain; headphone monitoring.",USB-C / XLR (dual)
1293,HD300T,Maono,Mikrofon Dinamis,,🔧,0,,USB-C / XLR (dual) + 3.5 mm headphone|Audio,"USB/XLR podcast. Noise reduction; 3.5 mm monitoring; shock mount, pop filter, desktop stand.",USB-C / XLR (dual) + 3.5 mm headphone
1294,DGM20S,Maono,Mikrofon Dinamis,,🔧,0,,USB|USB,Gaming. Dynamic gaming mic; RGB; mute & gain; software.,USB
1295,Wave DX,Elgato,Mikrofon Dinamis,,🔧,0,,XLR 3-pin|Audio,Podcast / streaming / vocal XLR. Dynamic moving-coil; dirancang untuk interface XLR.,XLR 3-pin
1296,Seiren V3 Pro,Razer,Mikrofon Dinamis,,🔧,0,,USB-C + XLR|Audio,Streaming / podcast / vocal. Dynamic; output XLR + USB-C hybrid.,USB-C + XLR
1297,Seiren V2 Pro,Razer,Mikrofon Dinamis,,🔧,0,,USB-C + XLR|Audio,Streaming / vocal (generasi sebelumnya). Dynamic; hybrid USB-C + XLR.,USB-C + XLR
1298,G Sona,Logitech,Mikrofon Dinamis,,🔧,0,,XLR 3-pin|Audio,Podcast / streaming / vocal XLR. Dynamic broadcast-style.,XLR 3-pin
1299,G Yeti GX,Logitech,Mikrofon Dinamis,,🔧,0,,USB-C|USB,Streaming / gaming / vocal USB. Dynamic; kolaborasi dengan Blue (Yeti).,USB-C
1300,DM-105,Yamaha,Mikrofon Dinamis,,🔧,0,,XLR 3-pin|Audio,Vokal live / podcast / recording XLR. Dynamic handheld.,XLR 3-pin
1301,DM-305,Yamaha,Mikrofon Dinamis,,🔧,0,,XLR 3-pin|Audio,Vokal live / podcast / recording XLR. Dynamic handheld (versi lanjut DM-105).,XLR 3-pin
1302,PBM100,JBL,Mikrofon Dinamis,,🔧,0,,XLR 3-pin|Audio,Vokal live / recording XLR. Dynamic broadcast-style handheld.,XLR 3-pin
1303,PartyBox Wireless Mic,JBL,Mikrofon Dinamis,,🔧,0,,Wireless (USB dongle receiver)|Wireless,Karaoke / live wireless. Dynamic handheld dengan receiver USB/dongle.,Wireless (USB dongle receiver)
1304,DM2,Peavey,Mikrofon Dinamis,,🔧,0,,XLR3|Audio,Vokal live handheld. Superkardioid; SPL 144 dB; harga terjangkau.,XLR3
1305,PV7 (varian),Peavey,Mikrofon Dinamis,,🔧,0,,XLR3|Audio,Vokal live handheld (beberapa varian).,XLR3
1306,MSP1 (varian),Peavey,Mikrofon Dinamis,,🔧,0,,XLR3|Audio,Vokal / presentation dynamic (beberapa varian).,XLR3
1307,MSP2 (varian),Peavey,Mikrofon Dinamis,,🔧,0,,XLR3|Audio,Vokal / presentation dynamic (beberapa varian).,XLR3
1308,PVi100 (varian),Peavey,Mikrofon Dinamis,,🔧,0,,XLR3|Audio,"Vokal live pemula (beberapa varian, termasuk paket kabel).",XLR3
1309,PVi2 (varian),Peavey,Mikrofon Dinamis,,🔧,0,,XLR3|Audio,Vokal live (beberapa varian).,XLR3
1310,PVi3,Peavey,Mikrofon Dinamis,,🔧,0,,XLR3|Audio,Vokal live handheld ekonomi.,XLR3
1311,PVM44,Peavey,Mikrofon Dinamis,,🔧,0,,XLR3|Audio,Instrument / vocal dynamic.,XLR3
1312,PVM50,Peavey,Mikrofon Dinamis,,🔧,0,,XLR3|Audio,Instrument / vocal dynamic.,XLR3
1313,PVM325,Peavey,Mikrofon Dinamis,,🔧,0,,XLR3|Audio,Instrument / vocal dynamic.,XLR3
1314,PVM45iR,Peavey,Mikrofon Dinamis,,🔧,0,,XLR3|Audio,Instrument / vocal dynamic (versi iR).,XLR3
1315,Catatan,Peavey,Mikrofon Dinamis,,🔧,0,,-|Other,"PVM-480 DIKECUALIKAN karena merupakan mikrofon kondenser (back-electret, butuh phantom power), bukan dinamis.",-
1316,Status: TIDAK TERVERIFIKASI,Carol,Mikrofon Dinamis,,🔧,0,,-|Other,"Berdasarkan riset (Google, Bing, DuckDuckGo, EC21, Made-in-China), 'Carol' tidak ditemukan sebagai merek mikrofon dinamis yang diakui. Muncul sebagai merek kabel ('Carol Ok Cable' oleh Ningbo Lesound) dan kata kunci OEM. Tidak ada katalog mikrofon resmi yang dapat diverifikasi.",-
1317,Wired: NX-7 / NX-7S,JTS,Mikrofon Dinamis,,🔧,0,,XLR3|Audio,Vokal live handheld dynamic.,XLR3
1318,Wired: NX-2 / NX-6,JTS,Mikrofon Dinamis,,🔧,0,,XLR3|Audio,Vokal live handheld dynamic.,XLR3
1319,Wired: TX-2 / TX-6 / TX-7 / TX-8,JTS,Mikrofon Dinamis,,🔧,0,,XLR3|Audio,Vokal / instrument handheld dynamic.,XLR3
1320,Wired: TK-600 / TK-350 / TK-280,JTS,Mikrofon Dinamis,,🔧,0,,XLR3|Audio,Vokal / presentation dynamic.,XLR3
1321,Wired: TM-929 / TM-969 / TM-989 (+ TRI packs),JTS,Mikrofon Dinamis,,🔧,0,,XLR3|Audio,Vokal live handheld dynamic (termasuk paket TRI).,XLR3
1322,Wired: MSP packs,JTS,Mikrofon Dinamis,,🔧,0,,XLR3|Audio,Vokal / presentation dynamic packs.,XLR3
1323,Wired: AT-780 / AT-880 / AT-980 / AT-990,JTS,Mikrofon Dinamis,,🔧,0,,XLR3|Audio,Vokal / instrument dynamic.,XLR3
1324,Wired: TK-680,JTS,Mikrofon Dinamis,,🔧,0,,XLR3|Audio,Vokal / presentation dynamic.,XLR3
1325,Wired: CX-520 / CX-520D / CX-520WD,JTS,Mikrofon Dinamis,,🔧,0,,XLR3|Audio,Vokal / instrument dynamic (beberapa ada switch).,XLR3
1326,Wired: NXB / TXB kits,JTS,Mikrofon Dinamis,,🔧,0,,XLR3|Audio,Bundel mikrofon dynamic.,XLR3
1327,"Wireless handheld dynamic TX (22 model): AH-1, UF-40, UF-20DA, UF-20R, UF-20S, G-2, RU-12, R-2/TH-1D, R-2/UT-88G3, R-2/HW-2, R-4, RU-901Du, RU-901G3, E-7, 36G2, 164, 264, 901D, 8011D, 8011DB, 8012DB, 992",JTS,Mikrofon Dinamis,,🔧,0,,Proprietary wireless (mini-XLR capsule module)|Audio,"Wireless handheld transmitter dengan kapsul dinamis (true-diversity, REMOSET, interchangeable capsule).",Proprietary wireless (mini-XLR capsule module)
1328,MM-38,MIPRO,Mikrofon Dinamis,,🔧,0,,XLR3|Audio,Vokal / instrument wired dynamic.,XLR3
1329,MM-39,MIPRO,Mikrofon Dinamis,,🔧,0,,XLR3|Audio,Vokal / instrument wired dynamic.,XLR3
1330,MM-58,MIPRO,Mikrofon Dinamis,,🔧,0,,XLR3|Audio,Vokal live wired dynamic.,XLR3
1331,MM-59,MIPRO,Mikrofon Dinamis,,🔧,0,,XLR3|Audio,Vokal live wired dynamic.,XLR3
1332,Catatan penting,MIPRO,Mikrofon Dinamis,,🔧,0,,-|Other,"MIPRO terkenal dengan sistem wireless handheld (ACT-800/700/600/500/5800/2400/300, masing-masing ACT-xxxH), NAMUN kapsulnya adalah KONDENSER (1"" gold-plated, 50–18 kHz, 142 dB SPL) - BUKAN dinamis. Oleh karena itu hanya seri MM wired yang masuk katalog dinamis ini.",-
1333,KSM32,Shure,Mikrofon Kondenser,,🔧,0,Phantom 48V|Audio,XLR 3-pin male|Audio,Vokal studio & instrumen. 20-20000 Hz; 150 ohm; -37 dBV/Pa; butuh phantom 48V; SPL 139 dB.,"Phantom 48V, XLR 3-pin male"
1334,KSM42,Shure,Mikrofon Kondenser,,🔧,0,Phantom 48V|Audio,XLR 3-pin male|Audio,Vokal studio & instrumen. 20-20000 Hz; 150 ohm; -35 dBV/Pa; butuh phantom 48V; SPL 139 dB.,"Phantom 48V, XLR 3-pin male"
1335,KSM44A,Shure,Mikrofon Kondenser,,🔧,0,Phantom 48V|Audio,XLR 3-pin male|Audio,Vokal & instrumen multi-pattern. 20-20000 Hz; 150 ohm; -36 dBV/Pa; butuh phantom 48V; SPL 139 dB.,"Phantom 48V, XLR 3-pin male"
1336,KSM27,Shure,Mikrofon Kondenser,,🔧,0,Phantom 48V|Audio,XLR 3-pin male|Audio,Vokal & instrumen. 20-20000 Hz; 150 ohm; -37 dBV/Pa; butuh phantom 48V; SPL 139 dB.,"Phantom 48V, XLR 3-pin male"
1337,SM27,Shure,Mikrofon Kondenser,,🔧,0,Phantom 48V|Audio,XLR 3-pin male|Audio,Vokal & instrumen. 20-20000 Hz; 200 ohm; -36 dBV/Pa; butuh phantom 48V; SPL 134 dB.,"Phantom 48V, XLR 3-pin male"
1338,PG27,Shure,Mikrofon Kondenser,,🔧,0,Phantom 48V|Audio,XLR 3-pin male|Audio,Vokal & instrumen. 20-20000 Hz; 200 ohm; -37 dBV/Pa; butuh phantom 48V; SPL 134 dB.,"Phantom 48V, XLR 3-pin male"
1339,PG42,Shure,Mikrofon Kondenser,,🔧,0,Phantom 48V|Audio,XLR 3-pin male|Audio,Vokal studio. 20-20000 Hz; 200 ohm; -37 dBV/Pa; butuh phantom 48V; SPL 134 dB.,"Phantom 48V, XLR 3-pin male"
1340,PGA27,Shure,Mikrofon Kondenser,,🔧,0,Phantom 48V|Audio,XLR 3-pin male|Audio,Vokal & instrumen. 20-20000 Hz; 200 ohm; -35 dBV/Pa; butuh phantom 48V; SPL 130 dB.,"Phantom 48V, XLR 3-pin male"
1341,PGA181,Shure,Mikrofon Kondenser,,🔧,0,Phantom 48V|Audio,XLR 3-pin male|Audio,Instrumen & overhead. 20-20000 Hz; 120 ohm; -38 dBV/Pa; butuh phantom 48V; SPL 130 dB.,"Phantom 48V, XLR 3-pin male"
1342,KSM137,Shure,Mikrofon Kondenser,,🔧,0,Phantom 48V|Audio,XLR 3-pin male|Audio,Instrumen & overhead. 20-20000 Hz; 150 ohm; -37 dBV/Pa; butuh phantom 48V; SPL 139 dB.,"Phantom 48V, XLR 3-pin male"
1343,KSM141,Shure,Mikrofon Kondenser,,🔧,0,Phantom 48V|Audio,XLR 3-pin male|Audio,Instrumen & overhead (switchable). 20-20000 Hz; 150 ohm; -37 dBV/Pa; butuh phantom 48V; SPL 139 dB.,"Phantom 48V, XLR 3-pin male"
1344,KSM184,Shure,Mikrofon Kondenser,,🔧,0,Phantom 48V|Audio,XLR 3-pin male|Audio,Instrumen & overhead. 20-20000 Hz; 150 ohm; -37 dBV/Pa; butuh phantom 48V; SPL 139 dB.,"Phantom 48V, XLR 3-pin male"
1345,KSM185,Shure,Mikrofon Kondenser,,🔧,0,Phantom 48V|Audio,XLR 3-pin male|Audio,Instrumen & overhead. 20-20000 Hz; 150 ohm; -37 dBV/Pa; butuh phantom 48V; SPL 139 dB.,"Phantom 48V, XLR 3-pin male"
1346,SM81,Shure,Mikrofon Kondenser,,🔧,0,Phantom 48V|Audio,XLR 3-pin male|Audio,Instrumen & overhead studio. 20-20000 Hz; 150 ohm; -45 dBV/Pa; butuh phantom 12-48V; SPL 136 dB.,"Phantom 48V, XLR 3-pin male"
1347,SM137,Shure,Mikrofon Kondenser,,🔧,0,Phantom 48V|Audio,XLR 3-pin male|Audio,Instrumen & overhead. 20-20000 Hz; 200 ohm; -37 dBV/Pa; butuh phantom 48V; SPL 137 dB.,"Phantom 48V, XLR 3-pin male"
1348,PGA81,Shure,Mikrofon Kondenser,,🔧,0,Phantom 48V|Audio,XLR 3-pin male|Audio,Instrumen & overhead. 20-20000 Hz; 200 ohm; -38 dBV/Pa; butuh phantom 48V; SPL 130 dB.,"Phantom 48V, XLR 3-pin male"
1349,MV5,Shure,Mikrofon Kondenser,,🔧,0,Phantom 48V|Audio,USB|USB,Podcast & vokal USB. 20-20000 Hz; butuh USB bus power; SPL 130 dB.,"Phantom 48V, USB"
1350,MV51,Shure,Mikrofon Kondenser,,🔧,0,Phantom 48V|Audio,USB|USB,Vokal & instrument USB. 20-20000 Hz; butuh USB bus power; SPL 130 dB.,"Phantom 48V, USB"
1351,MV88,Shure,Mikrofon Kondenser,,🔧,0,Phantom 48V|Audio,USB-C/Lightning|USB,Vokal & field recording iOS. 20-20000 Hz; butuh Lightning/USB; SPL 130 dB.,"Phantom 48V, USB-C/Lightning"
1352,BETA 87A,Shure,Mikrofon Kondenser,,🔧,0,Phantom 48V|Audio,XLR 3-pin male|Audio,Vokal live handheld. 50-20000 Hz; 150 ohm; -52.5 dBV/Pa; butuh phantom 48V; SPL 140 dB.,"Phantom 48V, XLR 3-pin male"
1353,BETA 87C,Shure,Mikrofon Kondenser,,🔧,0,Phantom 48V|Audio,XLR 3-pin male|Audio,Vokal live handheld. 50-20000 Hz; 150 ohm; -52.5 dBV/Pa; butuh phantom 48V; SPL 140 dB.,"Phantom 48V, XLR 3-pin male"
1354,KSM9,Shure,Mikrofon Kondenser,,🔧,0,Phantom 48V|Audio,Wireless (Axient/ULX-D)|Wireless,Vokal live wireless capsule. 50-20000 Hz; 150 ohm; -51 dBV/Pa; butuh phantom 48V; SPL 138 dB.,"Phantom 48V, Wireless (Axient/ULX-D)"
1355,KSM9HS,Shure,Mikrofon Kondenser,,🔧,0,Phantom 48V|Audio,Wireless (Axient/ULX-D)|Wireless,Vokal live wireless capsule. 50-20000 Hz; 150 ohm; -51 dBV/Pa; butuh phantom 48V; SPL 138 dB.,"Phantom 48V, Wireless (Axient/ULX-D)"
1356,MX153,Shure,Mikrofon Kondenser,,🔧,0,Phantom 48V|Audio,Mini-XLR (TA4F)|Audio,Earset vokal/presentasi. 20-20000 Hz; 150 ohm; -46 dBV/Pa; butuh phantom 48V; SPL 130 dB.,"Phantom 48V, Mini-XLR (TA4F)"
1357,MX202,Shure,Mikrofon Kondenser,,🔧,0,Phantom 48V|Audio,XLR 3-pin male|Audio,Boundary instrumen & panggung. 50-17000 Hz; 150 ohm; -46 dBV/Pa; butuh phantom 48V.,"Phantom 48V, XLR 3-pin male"
1358,MX391,Shure,Mikrofon Kondenser,,🔧,0,Phantom 48V|Audio,XLR 3-pin male|Audio,Boundary meja/conferencing. 50-17000 Hz; 150 ohm; -46 dBV/Pa; butuh phantom 48V.,"Phantom 48V, XLR 3-pin male"
1359,MX392,Shure,Mikrofon Kondenser,,🔧,0,Phantom 48V|Audio,XLR 3-pin male|Audio,Boundary meja/conferencing. 50-17000 Hz; 150 ohm; -46 dBV/Pa; butuh phantom 48V.,"Phantom 48V, XLR 3-pin male"
1360,MX412,Shure,Mikrofon Kondenser,,🔧,0,Phantom 48V|Audio,XLR 3-pin male|Audio,Gooseneck podium. 50-17000 Hz; 150 ohm; -46 dBV/Pa; butuh phantom 48V.,"Phantom 48V, XLR 3-pin male"
1361,MX418,Shure,Mikrofon Kondenser,,🔧,0,Phantom 48V|Audio,XLR 3-pin male|Audio,Gooseneck podium. 50-17000 Hz; 150 ohm; -46 dBV/Pa; butuh phantom 48V.,"Phantom 48V, XLR 3-pin male"
1362,WL183,Shure,Mikrofon Kondenser,,🔧,0,Phantom 48V|Audio,Mini-XLR (TA4F)|Audio,Lavalier omnidirectional. 50-17000 Hz; 150 ohm; -43.5 dBV/Pa; butuh phantom 48V.,"Phantom 48V, Mini-XLR (TA4F)"
1363,WL184,Shure,Mikrofon Kondenser,,🔧,0,Phantom 48V|Audio,Mini-XLR (TA4F)|Audio,Lavalier cardioid. 50-17000 Hz; 150 ohm; -43.5 dBV/Pa; butuh phantom 48V.,"Phantom 48V, Mini-XLR (TA4F)"
1364,WL185,Shure,Mikrofon Kondenser,,🔧,0,Phantom 48V|Audio,Mini-XLR (TA4F)|Audio,Lavalier supercardioid. 50-17000 Hz; 150 ohm; -43.5 dBV/Pa; butuh phantom 48V.,"Phantom 48V, Mini-XLR (TA4F)"
1365,CVL,Shure,Mikrofon Kondenser,,🔧,0,Phantom 48V|Audio,Mini-XLR (TA4F)|Audio,Lavalier cardioid. 50-17000 Hz; 150 ohm; -43.5 dBV/Pa; butuh phantom 48V.,"Phantom 48V, Mini-XLR (TA4F)"
1366,MK 4,Sennheiser,Mikrofon Kondenser,,🔧,0,Phantom 48V|Audio,XLR 3-pin male|Audio,Vokal & instrumen studio. 20-20000 Hz; 50 ohm; 25 mV/Pa; butuh phantom 48V; SPL 140 dB.,"Phantom 48V, XLR 3-pin male"
1367,MK 8,Sennheiser,Mikrofon Kondenser,,🔧,0,Phantom 48V|Audio,XLR 3-pin male|Audio,Vokal & instrumen studio. 20-20000 Hz; 50 ohm; 17 mV/Pa; butuh phantom 48V; SPL 142 dB.,"Phantom 48V, XLR 3-pin male"
1368,MK 4 digital,Sennheiser,Mikrofon Kondenser,,🔧,0,Phantom 48V|Audio,USB|USB,Vokal & instrumen USB. 20-20000 Hz; butuh USB bus power; SPL 140 dB.,"Phantom 48V, USB"
1369,MKH 416,Sennheiser,Mikrofon Kondenser,,🔧,0,Phantom 48V|Audio,XLR 3-pin male|Audio,Shotgun film/broadcast. 40-20000 Hz; 25 ohm; butuh phantom 48V/12V T; SPL 130 dB.,"Phantom 48V, XLR 3-pin male"
1370,MKH 60,Sennheiser,Mikrofon Kondenser,,🔧,0,Phantom 48V|Audio,XLR 3-pin male|Audio,Shotgun profesional. 40-20000 Hz; 25 ohm; butuh phantom 48V; SPL 134 dB.,"Phantom 48V, XLR 3-pin male"
1371,MKH 70,Sennheiser,Mikrofon Kondenser,,🔧,0,Phantom 48V|Audio,XLR 3-pin male|Audio,Shotgun jarak jauh. 50-20000 Hz; 25 ohm; butuh phantom 48V; SPL 124 dB.,"Phantom 48V, XLR 3-pin male"
1372,MKH 8060,Sennheiser,Mikrofon Kondenser,,🔧,0,Phantom 48V|Audio,XLR 3-pin male|Audio,Shotgun kompak. 30-50000 Hz; 25 ohm; butuh phantom 48V; SPL 129 dB.,"Phantom 48V, XLR 3-pin male"
1373,MKE 600,Sennheiser,Mikrofon Kondenser,,🔧,0,Phantom 48V|Audio,XLR 3-pin male|Audio,Shotgun kamera. 40-20000 Hz; 25 ohm; butuh phantom 48V atau baterai AA; SPL 132 dB.,"Phantom 48V, XLR 3-pin male"
1374,MKE 400,Sennheiser,Mikrofon Kondenser,,🔧,0,Phantom 48V|Audio,USB-C|USB,Shotgun kamera USB. 20-20000 Hz; butuh USB-C bus power.,"Phantom 48V, USB-C"
1375,MKH 40,Sennheiser,Mikrofon Kondenser,,🔧,0,Phantom 48V|Audio,XLR 3-pin male|Audio,Instrumen & overhead studio. 40-20000 Hz; 25 ohm; butuh phantom 48V; SPL 134 dB.,"Phantom 48V, XLR 3-pin male"
1376,MKH 50,Sennheiser,Mikrofon Kondenser,,🔧,0,Phantom 48V|Audio,XLR 3-pin male|Audio,Instrumen & foley. 40-20000 Hz; 25 ohm; butuh phantom 48V; SPL 134 dB.,"Phantom 48V, XLR 3-pin male"
1377,MKH 30,Sennheiser,Mikrofon Kondenser,,🔧,0,Phantom 48V|Audio,XLR 3-pin male|Audio,MS & ambient. 40-20000 Hz; 25 ohm; butuh phantom 48V; SPL 134 dB.,"Phantom 48V, XLR 3-pin male"
1378,MKH 20,Sennheiser,Mikrofon Kondenser,,🔧,0,Phantom 48V|Audio,XLR 3-pin male|Audio,Orkestra & ambient. 40-20000 Hz; 25 ohm; butuh phantom 48V; SPL 134 dB.,"Phantom 48V, XLR 3-pin male"
1379,MKH 8020,Sennheiser,Mikrofon Kondenser,,🔧,0,Phantom 48V|Audio,XLR 3-pin male|Audio,Orkestra & ambient. 10-20000 Hz; 25 ohm; butuh phantom 48V; SPL 138 dB.,"Phantom 48V, XLR 3-pin male"
1380,MKH 8040,Sennheiser,Mikrofon Kondenser,,🔧,0,Phantom 48V|Audio,XLR 3-pin male|Audio,Instrumen & overhead. 30-40000 Hz; 25 ohm; butuh phantom 48V; SPL 142 dB.,"Phantom 48V, XLR 3-pin male"
1381,MKH 8050,Sennheiser,Mikrofon Kondenser,,🔧,0,Phantom 48V|Audio,XLR 3-pin male|Audio,Instrumen & foley. 30-50000 Hz; 25 ohm; butuh phantom 48V; SPL 142 dB.,"Phantom 48V, XLR 3-pin male"
1382,MKH 8090,Sennheiser,Mikrofon Kondenser,,🔧,0,Phantom 48V|Audio,XLR 3-pin male|Audio,Ensemble & ambient. 30-50000 Hz; 25 ohm; butuh phantom 48V; SPL 142 dB.,"Phantom 48V, XLR 3-pin male"
1383,MKH 800,Sennheiser,Mikrofon Kondenser,,🔧,0,Phantom 48V|Audio,XLR 3-pin male|Audio,Vokal & instrumen premium. 20-50000 Hz; 25 ohm; butuh phantom 48V; SPL 142 dB.,"Phantom 48V, XLR 3-pin male"
1384,e 614,Sennheiser,Mikrofon Kondenser,,🔧,0,Phantom 48V|Audio,XLR 3-pin male|Audio,Overhead & akustik. 40-20000 Hz; 50 ohm; butuh phantom 48V; SPL 130 dB.,"Phantom 48V, XLR 3-pin male"
1385,e 908,Sennheiser,Mikrofon Kondenser,,🔧,0,Phantom 48V|Audio,XLR 3-pin male|Audio,Instrumen (tiup/perkusi). 40-20000 Hz; 100 ohm; butuh phantom 48V; SPL 147 dB.,"Phantom 48V, XLR 3-pin male"
1386,e  865,Sennheiser,Mikrofon Kondenser,,🔧,0,Phantom 48V|Audio,XLR 3-pin male / Wireless|Audio,Vokal live handheld. 40-20000 Hz; 100 ohm; butuh phantom 48V; SPL 150 dB.,"Phantom 48V, XLR 3-pin male / Wireless"
1387,e 965,Sennheiser,Mikrofon Kondenser,,🔧,0,Phantom 48V|Audio,XLR 3-pin male / Wireless|Audio,Vokal live handheld. 20-20000 Hz; 100 ohm; butuh phantom 48V; SPL 150 dB.,"Phantom 48V, XLR 3-pin male / Wireless"
1388,e 901,Sennheiser,Mikrofon Kondenser,,🔧,0,Phantom 48V|Audio,XLR 3-pin male|Audio,Boundary kick/panggung. 20-20000 Hz; 100 ohm; butuh phantom 48V; SPL 154 dB.,"Phantom 48V, XLR 3-pin male"
1389,K6 / ME 64,Sennheiser,Mikrofon Kondenser,,🔧,0,Phantom 48V|Audio,XLR 3-pin male|Audio,Modular instrumen. 40-20000 Hz; 200 ohm; butuh phantom 12-48V; SPL 130 dB.,"Phantom 48V, XLR 3-pin male"
1390,MKE 2,Sennheiser,Mikrofon Kondenser,,🔧,0,Phantom 48V|Audio,Mini-XLR (TA4F)|Audio,Lavalier profesional. 20-20000 Hz; 100 ohm; butuh phantom 48V; SPL 142 dB.,"Phantom 48V, Mini-XLR (TA4F)"
1391,MKE 1,Sennheiser,Mikrofon Kondenser,,🔧,0,Phantom 48V|Audio,Mini-XLR (TA4F)|Audio,Lavalier mini. 20-20000 Hz; 100 ohm; butuh phantom 48V; SPL 142 dB.,"Phantom 48V, Mini-XLR (TA4F)"
1392,MKE 40,Sennheiser,Mikrofon Kondenser,,🔧,0,Phantom 48V|Audio,Mini-XLR (TA4F)|Audio,Lavalier cardioid. 40-20000 Hz; 100 ohm; butuh phantom 48V.,"Phantom 48V, Mini-XLR (TA4F)"
1393,ME 2,Sennheiser,Mikrofon Kondenser,,🔧,0,Phantom 48V|Audio,Mini-XLR (TA4F)|Audio,Lavalier wireless. 20-20000 Hz; 100 ohm; butuh phantom 48V.,"Phantom 48V, Mini-XLR (TA4F)"
1394,ME 4,Sennheiser,Mikrofon Kondenser,,🔧,0,Phantom 48V|Audio,Mini-XLR (TA4F)|Audio,Lavalier cardioid. 40-20000 Hz; 100 ohm; butuh phantom 48V.,"Phantom 48V, Mini-XLR (TA4F)"
1395,HSP 2,Sennheiser,Mikrofon Kondenser,,🔧,0,Phantom 48V|Audio,Mini-XLR (TA4F)|Audio,Headset omnidirectional. 20-20000 Hz; 100 ohm; butuh phantom 48V.,"Phantom 48V, Mini-XLR (TA4F)"
1396,HSP 4,Sennheiser,Mikrofon Kondenser,,🔧,0,Phantom 48V|Audio,Mini-XLR (TA4F)|Audio,Headset cardioid. 40-20000 Hz; 100 ohm; butuh phantom 48V.,"Phantom 48V, Mini-XLR (TA4F)"
1397,AMBEO VR Mic,Sennheiser,Mikrofon Kondenser,,🔧,0,Phantom 48V|Audio,XLR 3-pin male (4 kanal)|Audio,Ambisonic VR/spatial. 20-20000 Hz; 4x kapsul; butuh phantom 48V.,"Phantom 48V, XLR 3-pin male (4 kanal)"
1398,U 87 Ai,Neumann,Mikrofon Kondenser,,🔧,0,Phantom 48V|Audio,XLR 3-pin male|Audio,Vokal & instrumen studio legendaris. 20-20000 Hz; 200 ohm; 28 mV/Pa; butuh phantom 48V; SPL 117 dB.,"Phantom 48V, XLR 3-pin male"
1399,U 67,Neumann,Mikrofon Kondenser,,🔧,0,Phantom 48V|Audio,XLR 3-pin male|Audio,Vokal & instrumen tube reissue. 20-20000 Hz; 200 ohm; tube; butuh phantom 48V; SPL 114 dB.,"Phantom 48V, XLR 3-pin male"
1400,TLM 102,Neumann,Mikrofon Kondenser,,🔧,0,Phantom 48V|Audio,XLR 3-pin male|Audio,Vokal & instrumen kompak. 20-20000 Hz; 50 ohm; 11 mV/Pa; butuh phantom 48V; SPL 144 dB.,"Phantom 48V, XLR 3-pin male"
1401,TLM 103,Neumann,Mikrofon Kondenser,,🔧,0,Phantom 48V|Audio,XLR 3-pin male|Audio,Vokal studio. 20-20000 Hz; 50 ohm; 23 mV/Pa; butuh phantom 48V; SPL 138 dB.,"Phantom 48V, XLR 3-pin male"
1402,TLM 107,Neumann,Mikrofon Kondenser,,🔧,0,Phantom 48V|Audio,XLR 3-pin male|Audio,Vokal & instrumen fleksibel. 20-20000 Hz; 50 ohm; 11 mV/Pa; butuh phantom 48V; SPL 153 dB.,"Phantom 48V, XLR 3-pin male"
1403,TLM 49,Neumann,Mikrofon Kondenser,,🔧,0,Phantom 48V|Audio,XLR 3-pin male|Audio,Vokal & broadcast. 20-20000 Hz; 50 ohm; 13 mV/Pa; butuh phantom 48V; SPL 146 dB.,"Phantom 48V, XLR 3-pin male"
1404,TLM 170 R,Neumann,Mikrofon Kondenser,,🔧,0,Phantom 48V|Audio,XLR 3-pin male|Audio,Studio & orkestra. 20-20000 Hz; 50 ohm; 10 mV/Pa; butuh phantom 48V; SPL 148 dB.,"Phantom 48V, XLR 3-pin male"
1405,TLM 193,Neumann,Mikrofon Kondenser,,🔧,0,Phantom 48V|Audio,XLR 3-pin male|Audio,Vokal & instrumen. 20-20000 Hz; 50 ohm; 11 mV/Pa; butuh phantom 48V; SPL 140 dB.,"Phantom 48V, XLR 3-pin male"
1406,BCM 104,Neumann,Mikrofon Kondenser,,🔧,0,Phantom 48V|Audio,XLR 3-pin male|Audio,Broadcast vokal. 20-20000 Hz; 50 ohm; butuh phantom 48V; SPL 138 dB.,"Phantom 48V, XLR 3-pin male"
1407,BCM 705,Neumann,Mikrofon Kondenser,,🔧,0,Phantom 48V|Audio,XLR 3-pin male|Audio,"Broadcast vokal (dynamic - catatan: BCM 705 sebenarnya DINAMIS, bukan kondenser). 20-20000 Hz; 50 ohm; butuh phantom 48V; SPL 138 dB.","Phantom 48V, XLR 3-pin male"
1408,KMS 104,Neumann,Mikrofon Kondenser,,🔧,0,Phantom 48V|Audio,XLR 3-pin male / Wireless|Audio,Vokal live handheld. 20-20000 Hz; 50 ohm; 4.5 mV/Pa; butuh phantom 48V; SPL 150 dB.,"Phantom 48V, XLR 3-pin male / Wireless"
1409,KMS 105,Neumann,Mikrofon Kondenser,,🔧,0,Phantom 48V|Audio,XLR 3-pin male / Wireless|Audio,Vokal live handheld. 20-20000 Hz; 50 ohm; 4.5 mV/Pa; butuh phantom 48V; SPL 150 dB.,"Phantom 48V, XLR 3-pin male / Wireless"
1410,KK 104 U,Neumann,Mikrofon Kondenser,,🔧,0,Phantom 48V|Audio,Wireless capsule|Wireless,Kapsul wireless (Sennheiser SKM). 20-20000 Hz; 50 ohm; butuh phantom 48V; SPL 150 dB.,"Phantom 48V, Wireless capsule"
1411,KK 105 U,Neumann,Mikrofon Kondenser,,🔧,0,Phantom 48V|Audio,Wireless capsule|Wireless,Kapsul wireless (Sennheiser SKM). 20-20000 Hz; 50 ohm; butuh phantom 48V; SPL 150 dB.,"Phantom 48V, Wireless capsule"
1412,KK 204,Neumann,Mikrofon Kondenser,,🔧,0,Phantom 48V|Audio,Wireless capsule|Wireless,Kapsul wireless (Sennheiser SKM). 20-20000 Hz; 50 ohm; butuh phantom 48V; SPL 150 dB.,"Phantom 48V, Wireless capsule"
1413,KK 205,Neumann,Mikrofon Kondenser,,🔧,0,Phantom 48V|Audio,Wireless capsule|Wireless,Kapsul wireless (Sennheiser SKM). 20-20000 Hz; 50 ohm; butuh phantom 48V; SPL 150 dB.,"Phantom 48V, Wireless capsule"
1414,KM 183,Neumann,Mikrofon Kondenser,,🔧,0,Phantom 48V|Audio,XLR 3-pin male|Audio,Instrumen & ambient. 20-20000 Hz; 50 ohm; 12 mV/Pa; butuh phantom 48V; SPL 142 dB.,"Phantom 48V, XLR 3-pin male"
1415,KM 184,Neumann,Mikrofon Kondenser,,🔧,0,Phantom 48V|Audio,XLR 3-pin male|Audio,Instrumen & overhead klasik. 20-20000 Hz; 50 ohm; 12 mV/Pa; butuh phantom 48V; SPL 142 dB.,"Phantom 48V, XLR 3-pin male"
1416,KM 185,Neumann,Mikrofon Kondenser,,🔧,0,Phantom 48V|Audio,XLR 3-pin male|Audio,Instrumen & foley. 20-20000 Hz; 50 ohm; 10 mV/Pa; butuh phantom 48V; SPL 142 dB.,"Phantom 48V, XLR 3-pin male"
1417,KM 84,Neumann,Mikrofon Kondenser,,🔧,0,Phantom 48V|Audio,XLR 3-pin male|Audio,Instrumen vintage (discontinued). 20-20000 Hz; 200 ohm; butuh phantom 48V.,"Phantom 48V, XLR 3-pin male"
1418,KM 86,Neumann,Mikrofon Kondenser,,🔧,0,Phantom 48V|Audio,XLR 3-pin male|Audio,Instrumen multi-pattern vintage (discontinued). 20-20000 Hz; 200 ohm; butuh phantom 48V.,"Phantom 48V, XLR 3-pin male"
1419,KMR 81 i,Neumann,Mikrofon Kondenser,,🔧,0,Phantom 48V|Audio,XLR 3-pin male|Audio,Shotgun broadcast. 20-20000 Hz; 50 ohm; butuh phantom 48V; SPL 127 dB.,"Phantom 48V, XLR 3-pin male"
1420,KMR 82 i,Neumann,Mikrofon Kondenser,,🔧,0,Phantom 48V|Audio,XLR 3-pin male|Audio,Shotgun jarak jauh. 20-20000 Hz; 50 ohm; butuh phantom 48V; SPL 127 dB.,"Phantom 48V, XLR 3-pin male"
1421,KU 100,Neumann,Mikrofon Kondenser,,🔧,0,Phantom 48V|Audio,XLR 3-pin male (2 kanal)|Audio,Binaural dummy head. 20-20000 Hz; 50 ohm; butuh phantom 48V; SPL 134 dB.,"Phantom 48V, XLR 3-pin male (2 kanal)"
1422,C 414 XLII,AKG,Mikrofon Kondenser,,🔧,0,Phantom 48V|Audio,XLR 3-pin male|Audio,Vokal & instrumen studio. 20-20000 Hz; 200 ohm; 23 mV/Pa; butuh phantom 48V; SPL 158 dB.,"Phantom 48V, XLR 3-pin male"
1423,C 414 XLS,AKG,Mikrofon Kondenser,,🔧,0,Phantom 48V|Audio,XLR 3-pin male|Audio,Vokal & instrumen studio. 20-20000 Hz; 200 ohm; 23 mV/Pa; butuh phantom 48V; SPL 158 dB.,"Phantom 48V, XLR 3-pin male"
1424,C 214,AKG,Mikrofon Kondenser,,🔧,0,Phantom 48V|Audio,XLR 3-pin male|Audio,Vokal & instrumen. 20-20000 Hz; 200 ohm; 20 mV/Pa; butuh phantom 48V; SPL 156 dB.,"Phantom 48V, XLR 3-pin male"
1425,C 314,AKG,Mikrofon Kondenser,,🔧,0,Phantom 48V|Audio,XLR 3-pin male|Audio,Vokal & instrumen. 20-20000 Hz; 200 ohm; 20 mV/Pa; butuh phantom 48V; SPL 156 dB.,"Phantom 48V, XLR 3-pin male"
1426,C 12 VR,AKG,Mikrofon Kondenser,,🔧,0,Phantom 48V|Audio,XLR 3-pin male|Audio,Vokal & instrumen tube reissue. 20-20000 Hz; 200 ohm; tube; butuh phantom 48V; SPL 122 dB.,"Phantom 48V, XLR 3-pin male"
1427,C 3000,AKG,Mikrofon Kondenser,,🔧,0,Phantom 48V|Audio,XLR 3-pin male|Audio,Vokal & instrumen. 20-20000 Hz; 200 ohm; 25 mV/Pa; butuh phantom 48V; SPL 150 dB.,"Phantom 48V, XLR 3-pin male"
1428,C 2000 B,AKG,Mikrofon Kondenser,,🔧,0,Phantom 48V|Audio,XLR 3-pin male|Audio,Vokal & instrumen (discontinued). 20-20000 Hz; 200 ohm; 20 mV/Pa; butuh phantom 48V.,"Phantom 48V, XLR 3-pin male"
1429,C 1000 S,AKG,Mikrofon Kondenser,,🔧,0,Phantom 48V|Audio,XLR 3-pin male|Audio,Vokal live & instrumen (discontinued). 20-20000 Hz; 200 ohm; 6 mV/Pa; butuh phantom 48V atau baterai AA.,"Phantom 48V, XLR 3-pin male"
1430,C 4000 B,AKG,Mikrofon Kondenser,,🔧,0,Phantom 48V|Audio,XLR 3-pin male|Audio,Vokal & instrumen (discontinued). 20-20000 Hz; 200 ohm; 18 mV/Pa; butuh phantom 48V.,"Phantom 48V, XLR 3-pin male"
1431,P 420,AKG,Mikrofon Kondenser,,🔧,0,Phantom 48V|Audio,XLR 3-pin male|Audio,Vokal & instrumen. 20-20000 Hz; 200 ohm; 18 mV/Pa; butuh phantom 48V; SPL 155 dB.,"Phantom 48V, XLR 3-pin male"
1432,P 220,AKG,Mikrofon Kondenser,,🔧,0,Phantom 48V|Audio,XLR 3-pin male|Audio,Vokal & instrumen. 20-20000 Hz; 200 ohm; 20 mV/Pa; butuh phantom 48V; SPL 155 dB.,"Phantom 48V, XLR 3-pin male"
1433,P 120,AKG,Mikrofon Kondenser,,🔧,0,Phantom 48V|Audio,XLR 3-pin male|Audio,Vokal & podcast. 20-20000 Hz; 200 ohm; 22 mV/Pa; butuh phantom 48V; SPL 150 dB.,"Phantom 48V, XLR 3-pin male"
1434,P 170,AKG,Mikrofon Kondenser,,🔧,0,Phantom 48V|Audio,XLR 3-pin male|Audio,Instrumen & overhead. 20-20000 Hz; 200 ohm; 15 mV/Pa; butuh phantom 48V; SPL 150 dB.,"Phantom 48V, XLR 3-pin male"
1435,C 451 B,AKG,Mikrofon Kondenser,,🔧,0,Phantom 48V|Audio,XLR 3-pin male|Audio,Instrumen & overhead. 20-20000 Hz; 200 ohm; 9 mV/Pa; butuh phantom 48V; SPL 155 dB.,"Phantom 48V, XLR 3-pin male"
1436,C 480 B,AKG,Mikrofon Kondenser,,🔧,0,Phantom 48V|Audio,XLR 3-pin male|Audio,Instrumen & overhead. 20-20000 Hz; 200 ohm; butuh phantom 48V; SPL 150 dB.,"Phantom 48V, XLR 3-pin male"
1437,C 460 B,AKG,Mikrofon Kondenser,,🔧,0,Phantom 48V|Audio,XLR 3-pin male|Audio,Instrumen & overhead. 20-20000 Hz; 200 ohm; butuh phantom 48V.,"Phantom 48V, XLR 3-pin male"
1438,P 130,AKG,Mikrofon Kondenser,,🔧,0,Phantom 48V|Audio,XLR 3-pin male|Audio,Instrumen & overhead. 20-20000 Hz; 200 ohm; 12 mV/Pa; butuh phantom 48V; SPL 150 dB.,"Phantom 48V, XLR 3-pin male"
1439,C 519 ML,AKG,Mikrofon Kondenser,,🔧,0,Phantom 48V|Audio,Mini-XLR|Audio,Klip instrumen (tiup/perkusi). 20-20000 Hz; 200 ohm; butuh phantom 48V.,"Phantom 48V, Mini-XLR"
1440,C 518 ML,AKG,Mikrofon Kondenser,,🔧,0,Phantom 48V|Audio,Mini-XLR|Audio,Klip instrumen (perkusi). 20-20000 Hz; 200 ohm; butuh phantom 48V.,"Phantom 48V, Mini-XLR"
1441,C 411 L,AKG,Mikrofon Kondenser,,🔧,0,Phantom 48V|Audio,Mini-XLR|Audio,Klip biola/akustik. 20-20000 Hz; 200 ohm; butuh phantom 48V.,"Phantom 48V, Mini-XLR"
1442,C 417 L,AKG,Mikrofon Kondenser,,🔧,0,Phantom 48V|Audio,XLR 3-pin male|Audio,Lavalier. 20-20000 Hz; 200 ohm; butuh phantom 48V.,"Phantom 48V, XLR 3-pin male"
1443,C 420,AKG,Mikrofon Kondenser,,🔧,0,Phantom 48V|Audio,XLR 3-pin male|Audio,Headset vokal. 20-20000 Hz; 200 ohm; butuh phantom 48V.,"Phantom 48V, XLR 3-pin male"
1444,C 520,AKG,Mikrofon Kondenser,,🔧,0,Phantom 48V|Audio,XLR 3-pin male|Audio,Headset vokal live. 20-20000 Hz; 200 ohm; butuh phantom 48V.,"Phantom 48V, XLR 3-pin male"
1445,C 100,AKG,Mikrofon Kondenser,,🔧,0,Phantom 48V|Audio,XLR 3-pin male / Wireless|Audio,Vokal live handheld. 20-20000 Hz; 200 ohm; butuh phantom 48V; SPL 150 dB.,"Phantom 48V, XLR 3-pin male / Wireless"
1446,C 5,AKG,Mikrofon Kondenser,,🔧,0,Phantom 48V|Audio,XLR 3-pin male / Wireless|Audio,Vokal live handheld. 20-20000 Hz; 200 ohm; butuh phantom 48V; SPL 150 dB.,"Phantom 48V, XLR 3-pin male / Wireless"
1447,C 7,AKG,Mikrofon Kondenser,,🔧,0,Phantom 48V|Audio,XLR 3-pin male / Wireless|Audio,Vokal live handheld. 20-20000 Hz; 200 ohm; butuh phantom 48V; SPL 150 dB.,"Phantom 48V, XLR 3-pin male / Wireless"
1448,C 535 EB,AKG,Mikrofon Kondenser,,🔧,0,Phantom 48V|Audio,XLR 3-pin male|Audio,Vokal live handheld (discontinued). 20-20000 Hz; 200 ohm; butuh phantom 48V.,"Phantom 48V, XLR 3-pin male"
1449,C 747 V11,AKG,Mikrofon Kondenser,,🔧,0,Phantom 48V|Audio,XLR 3-pin male|Audio,Shotgun. 20-20000 Hz; 200 ohm; butuh phantom 48V; SPL 135 dB.,"Phantom 48V, XLR 3-pin male"
1450,C 568,AKG,Mikrofon Kondenser,,🔧,0,Phantom 48V|Audio,XLR 3-pin male|Audio,Shotgun. 20-20000 Hz; 200 ohm; butuh phantom 48V.,"Phantom 48V, XLR 3-pin male"
1451,C 562 CM,AKG,Mikrofon Kondenser,,🔧,0,Phantom 48V|Audio,XLR 3-pin male|Audio,Boundary meja. 20-20000 Hz; 200 ohm; butuh phantom 48V.,"Phantom 48V, XLR 3-pin male"
1452,C 563 CM,AKG,Mikrofon Kondenser,,🔧,0,Phantom 48V|Audio,XLR 3-pin male|Audio,Boundary meja. 20-20000 Hz; 200 ohm; butuh phantom 48V.,"Phantom 48V, XLR 3-pin male"
1453,P 810,AKG,Mikrofon Kondenser,,🔧,0,Phantom 48V|Audio,XLR 3-pin male|Audio,Boundary conference. 20-20000 Hz; 200 ohm; butuh phantom 48V.,"Phantom 48V, XLR 3-pin male"
1454,AT2020,Audio-Technica,Mikrofon Kondenser,,🔧,0,Phantom 48V|Audio,XLR 3-pin male|Audio,Vokal & instrumen entry studio. 20-20000 Hz; 100 ohm; -37 dBV/Pa; butuh phantom 48V; SPL 144 dB.,"Phantom 48V, XLR 3-pin male"
1455,AT2020USB+,Audio-Technica,Mikrofon Kondenser,,🔧,0,Phantom 48V|Audio,USB|USB,Vokal & podcast USB. 20-20000 Hz; butuh USB bus power; SPL 144 dB.,"Phantom 48V, USB"
1456,AT2035,Audio-Technica,Mikrofon Kondenser,,🔧,0,Phantom 48V|Audio,XLR 3-pin male|Audio,Vokal & instrumen. 20-20000 Hz; 120 ohm; -41 dBV/Pa; butuh phantom 48V; SPL 148 dB.,"Phantom 48V, XLR 3-pin male"
1457,AT2050,Audio-Technica,Mikrofon Kondenser,,🔧,0,Phantom 48V|Audio,XLR 3-pin male|Audio,Vokal & instrumen. 20-20000 Hz; 100 ohm; -44 dBV/Pa; butuh phantom 48V; SPL 149 dB.,"Phantom 48V, XLR 3-pin male"
1458,AT4040,Audio-Technica,Mikrofon Kondenser,,🔧,0,Phantom 48V|Audio,XLR 3-pin male|Audio,Vokal studio. 20-20000 Hz; 100 ohm; -32 dBV/Pa; butuh phantom 48V; SPL 145 dB.,"Phantom 48V, XLR 3-pin male"
1459,AT4047MP,Audio-Technica,Mikrofon Kondenser,,🔧,0,Phantom 48V|Audio,XLR 3-pin male|Audio,Vokal & instrumen vintage. 20-20000 Hz; 100 ohm; -32 dBV/Pa; butuh phantom 48V; SPL 147 dB.,"Phantom 48V, XLR 3-pin male"
1460,AT4050,Audio-Technica,Mikrofon Kondenser,,🔧,0,Phantom 48V|Audio,XLR 3-pin male|Audio,Vokal & instrumen. 20-20000 Hz; 100 ohm; -34 dBV/Pa; butuh phantom 48V; SPL 149 dB.,"Phantom 48V, XLR 3-pin male"
1461,AT4060a,Audio-Technica,Mikrofon Kondenser,,🔧,0,Phantom 48V|Audio,XLR 3-pin male|Audio,Vokal tube. 20-20000 Hz; 100 ohm; tube; butuh phantom 48V; SPL 146 dB.,"Phantom 48V, XLR 3-pin male"
1462,AT2031,Audio-Technica,Mikrofon Kondenser,,🔧,0,Phantom 48V|Audio,XLR 3-pin male|Audio,Overhead & ambient. 30-20000 Hz; 100 ohm; -42 dBV/Pa; butuh phantom 48V; SPL 141 dB.,"Phantom 48V, XLR 3-pin male"
1463,AT4021,Audio-Technica,Mikrofon Kondenser,,🔧,0,Phantom 48V|Audio,XLR 3-pin male|Audio,Instrumen & overhead. 20-20000 Hz; 100 ohm; -33 dBV/Pa; butuh phantom 48V; SPL 142 dB.,"Phantom 48V, XLR 3-pin male"
1464,AT4022,Audio-Technica,Mikrofon Kondenser,,🔧,0,Phantom 48V|Audio,XLR 3-pin male|Audio,Instrumen & ambient. 20-20000 Hz; 100 ohm; -33 dBV/Pa; butuh phantom 48V; SPL 142 dB.,"Phantom 48V, XLR 3-pin male"
1465,AT4041,Audio-Technica,Mikrofon Kondenser,,🔧,0,Phantom 48V|Audio,XLR 3-pin male|Audio,Instrumen & overhead. 20-20000 Hz; 100 ohm; -35 dBV/Pa; butuh phantom 48V; SPL 145 dB.,"Phantom 48V, XLR 3-pin male"
1466,AT4051B,Audio-Technica,Mikrofon Kondenser,,🔧,0,Phantom 48V|Audio,XLR 3-pin male|Audio,Instrumen & overhead. 20-20000 Hz; 100 ohm; -35 dBV/Pa; butuh phantom 48V; SPL 145 dB.,"Phantom 48V, XLR 3-pin male"
1467,AT4053B,Audio-Technica,Mikrofon Kondenser,,🔧,0,Phantom 48V|Audio,XLR 3-pin male|Audio,Instrumen & foley. 20-20000 Hz; 100 ohm; -35 dBV/Pa; butuh phantom 48V; SPL 145 dB.,"Phantom 48V, XLR 3-pin male"
1468,AE3000,Audio-Technica,Mikrofon Kondenser,,🔧,0,Phantom 48V|Audio,XLR 3-pin male|Audio,Instrumen live (drum/gitar). 20-20000 Hz; 100 ohm; -42 dBV/Pa; butuh phantom 48V; SPL 148 dB.,"Phantom 48V, XLR 3-pin male"
1469,AE5100,Audio-Technica,Mikrofon Kondenser,,🔧,0,Phantom 48V|Audio,XLR 3-pin male|Audio,Overhead & akustik live. 20-20000 Hz; 100 ohm; -42 dBV/Pa; butuh phantom 48V; SPL 148 dB.,"Phantom 48V, XLR 3-pin male"
1470,AE3300,Audio-Technica,Mikrofon Kondenser,,🔧,0,Phantom 48V|Audio,XLR 3-pin male / Wireless|Audio,Vokal live handheld. 20-20000 Hz; 100 ohm; -42 dBV/Pa; butuh phantom 48V; SPL 148 dB.,"Phantom 48V, XLR 3-pin male / Wireless"
1471,AE5400,Audio-Technica,Mikrofon Kondenser,,🔧,0,Phantom 48V|Audio,XLR 3-pin male / Wireless|Audio,Vokal live handheld. 20-20000 Hz; 100 ohm; -42 dBV/Pa; butuh phantom 48V; SPL 148 dB.,"Phantom 48V, XLR 3-pin male / Wireless"
1472,AT4099,Audio-Technica,Mikrofon Kondenser,,🔧,0,Phantom 48V|Audio,XLR 3-pin male|Audio,Klip instrumen (biola/perkusi). 20-20000 Hz; 100 ohm; -44 dBV/Pa; butuh phantom 48V; SPL 148 dB.,"Phantom 48V, XLR 3-pin male"
1473,ATM350,Audio-Technica,Mikrofon Kondenser,,🔧,0,Phantom 48V|Audio,XLR 3-pin male|Audio,Klip instrumen. 20-20000 Hz; 100 ohm; -44 dBV/Pa; butuh phantom 48V; SPL 149 dB.,"Phantom 48V, XLR 3-pin male"
1474,AT899,Audio-Technica,Mikrofon Kondenser,,🔧,0,Phantom 48V|Audio,XLR 3-pin male|Audio,Lavalier subminiature. 20-20000 Hz; 250 ohm; -43 dBV/Pa; butuh phantom 48V.,"Phantom 48V, XLR 3-pin male"
1475,AT831,Audio-Technica,Mikrofon Kondenser,,🔧,0,Phantom 48V|Audio,XLR 3-pin male|Audio,Lavalier. 30-20000 Hz; 200 ohm; -45 dBV/Pa; butuh phantom 48V.,"Phantom 48V, XLR 3-pin male"
1476,AT898,Audio-Technica,Mikrofon Kondenser,,🔧,0,Phantom 48V|Audio,XLR 3-pin male|Audio,Lavalier cardioid. 20-20000 Hz; 250 ohm; -43 dBV/Pa; butuh phantom 48V.,"Phantom 48V, XLR 3-pin male"
1477,AT892,Audio-Technica,Mikrofon Kondenser,,🔧,0,Phantom 48V|Audio,XLR 3-pin male|Audio,Headset. 20-20000 Hz; 250 ohm; -43 dBV/Pa; butuh phantom 48V.,"Phantom 48V, XLR 3-pin male"
1478,AT875R,Audio-Technica,Mikrofon Kondenser,,🔧,0,Phantom 48V|Audio,XLR 3-pin male|Audio,Shotgun kamera pendek. 30-20000 Hz; 100 ohm; -30 dBV/Pa; butuh phantom 48V; SPL 127 dB.,"Phantom 48V, XLR 3-pin male"
1479,AT8015,Audio-Technica,Mikrofon Kondenser,,🔧,0,Phantom 48V|Audio,XLR 3-pin male|Audio,Shotgun profesional. 30-20000 Hz; 250 ohm; -38 dBV/Pa; butuh phantom 48V; SPL 127 dB.,"Phantom 48V, XLR 3-pin male"
1480,AT8035,Audio-Technica,Mikrofon Kondenser,,🔧,0,Phantom 48V|Audio,XLR 3-pin male|Audio,Shotgun. 30-20000 Hz; 250 ohm; -38 dBV/Pa; butuh phantom 48V; SPL 127 dB.,"Phantom 48V, XLR 3-pin male"
1481,AT8045,Audio-Technica,Mikrofon Kondenser,,🔧,0,Phantom 48V|Audio,XLR 3-pin male|Audio,Shotgun. 30-20000 Hz; 250 ohm; -38 dBV/Pa; butuh phantom 48V; SPL 127 dB.,"Phantom 48V, XLR 3-pin male"
1482,AT8014,Audio-Technica,Mikrofon Kondenser,,🔧,0,Phantom 48V|Audio,XLR 3-pin male|Audio,Shotgun. 30-20000 Hz; 250 ohm; -38 dBV/Pa; butuh phantom 48V; SPL 127 dB.,"Phantom 48V, XLR 3-pin male"
1483,U851R,Audio-Technica,Mikrofon Kondenser,,🔧,0,Phantom 48V|Audio,XLR 3-pin male|Audio,Boundary conference. 30-20000 Hz; 100 ohm; -42 dBV/Pa; butuh phantom 48V.,"Phantom 48V, XLR 3-pin male"
1484,U857R,Audio-Technica,Mikrofon Kondenser,,🔧,0,Phantom 48V|Audio,XLR 3-pin male|Audio,Boundary gooseneck. 30-20000 Hz; 100 ohm; -42 dBV/Pa; butuh phantom 48V.,"Phantom 48V, XLR 3-pin male"
1485,ATND971,Audio-Technica,Mikrofon Kondenser,,🔧,0,Phantom 48V|Audio,XLR 3-pin male / Network|Audio,Boundary jaringan (Dante). 30-20000 Hz; 100 ohm; butuh phantom 48V.,"Phantom 48V, XLR 3-pin male / Network"
1486,AT2022,Audio-Technica,Mikrofon Kondenser,,🔧,0,Phantom 48V|Audio,XLR 3-pin male (2 kanal)|Audio,Stereo X-Y field. 20-20000 Hz; 100 ohm; butuh phantom 48V; SPL 141 dB.,"Phantom 48V, XLR 3-pin male (2 kanal)"
1487,AT822,Audio-Technica,Mikrofon Kondenser,,🔧,0,Phantom 48V|Audio,USB|USB,Stereo USB field. 30-20000 Hz; butuh USB bus power.,"Phantom 48V, USB"
1488,NT1,RØDE,Mikrofon Kondenser,,🔧,0,Phantom 48V|Audio,XLR 3-pin male|Audio,Vokal & instrumen studio. 20-20000 Hz; 100 ohm; -29 dBV/Pa; phantom 48V.,"Phantom 48V, XLR 3-pin male"
1489,NT1-A,RØDE,Mikrofon Kondenser,,🔧,0,Phantom 48V|Audio,XLR 3-pin male|Audio,Vokal & instrumen studio. 20-20000 Hz; 100 ohm; -31.5 dBV/Pa; phantom 48V.,"Phantom 48V, XLR 3-pin male"
1490,NT2-A,RØDE,Mikrofon Kondenser,,🔧,0,Phantom 48V|Audio,XLR 3-pin male|Audio,Vokal & instrumen studio. 20-20000 Hz; 200 ohm; -36 dBV/Pa; phantom 48V.,"Phantom 48V, XLR 3-pin male"
1491,NTK,RØDE,Mikrofon Kondenser,,🔧,0,Phantom 48V|Audio,XLR 3-pin male|Audio,Vokal studio kelas atas (tube). 20-20000 Hz; 200 ohm; -38 dBV/Pa; phantom 48V.,"Phantom 48V, XLR 3-pin male"
1492,K2,RØDE,Mikrofon Kondenser,,🔧,0,Phantom 48V|Audio,XLR 3-pin male|Audio,"Vokal & instrumen studio (tube, variabel). 20-20000 Hz; 200 ohm; -36 dBV/Pa; phantom 48V.","Phantom 48V, XLR 3-pin male"
1493,TF5,RØDE,Mikrofon Kondenser,,🔧,0,Phantom 48V|Audio,XLR 3-pin male|Audio,Instrumen & overhead studio. 20-20000 Hz; 150 ohm; -39 dBV/Pa; phantom 48V.,"Phantom 48V, XLR 3-pin male"
1494,M5,RØDE,Mikrofon Kondenser,,🔧,0,Phantom 48V|Audio,XLR 3-pin male|Audio,Matched pair untuk instrumen/akustik. 20-20000 Hz; 200 ohm; -37 dBV/Pa; phantom 48V.,"Phantom 48V, XLR 3-pin male"
1495,NT5,RØDE,Mikrofon Kondenser,,🔧,0,Phantom 48V|Audio,XLR 3-pin male|Audio,Instrumen & overhead (small diaphragm). 20-20000 Hz; 100 ohm; -38 dBV/Pa; phantom 48V.,"Phantom 48V, XLR 3-pin male"
1496,NT55,RØDE,Mikrofon Kondenser,,🔧,0,Phantom 48V|Audio,XLR 3-pin male|Audio,Instrumen & overhead (switchable). 20-50000 Hz; 100 ohm; -38 dBV/Pa; phantom 48V.,"Phantom 48V, XLR 3-pin male"
1497,NT6,RØDE,Mikrofon Kondenser,,🔧,0,Phantom 48V|Audio,XLR 3-pin male|Audio,Instrumen compact (capsule terpisah). 20-20000 Hz; 100 ohm; -37 dBV/Pa; phantom 48V.,"Phantom 48V, XLR 3-pin male"
1498,NTG1,RØDE,Mikrofon Kondenser,,🔧,0,Phantom 48V|Audio,XLR 3-pin male|Audio,Shotgun untuk film/broadcast. 20-20000 Hz; 50 ohm; -36 dBV/Pa; phantom 48V.,"Phantom 48V, XLR 3-pin male"
1499,NTG2,RØDE,Mikrofon Kondenser,,🔧,0,Phantom 48V|Audio,XLR 3-pin male|Audio,Shotgun untuk film/broadcast. 20-20000 Hz; 250 ohm; -36 dBV/Pa; phantom 48V/baterai.,"Phantom 48V, XLR 3-pin male"
1500,NTG3,RØDE,Mikrofon Kondenser,,🔧,0,Phantom 48V|Audio,XLR 3-pin male|Audio,Shotgun broadcast premium. 20-20000 Hz; 25 ohm; -30 dBV/Pa; phantom 48V.,"Phantom 48V, XLR 3-pin male"
1501,NTG4,RØDE,Mikrofon Kondenser,,🔧,0,Phantom 48V|Audio,XLR 3-pin male|Audio,Shotgun dengan DSP internal. 20-20000 Hz; 200 ohm; -32 dBV/Pa; phantom 48V.,"Phantom 48V, XLR 3-pin male"
1502,NTG5,RØDE,Mikrofon Kondenser,,🔧,0,Phantom 48V|Audio,XLR 3-pin male|Audio,Shotgun ringan untuk location. 20-20000 Hz; 25 ohm; -24 dBV/Pa; phantom 48V.,"Phantom 48V, XLR 3-pin male"
1503,VideoMic,RØDE,Mikrofon Kondenser,,🔧,0,Phantom 48V|Audio,3.5mm TRS|Audio,On-camera shotgun. 40-20000 Hz; -38 dBV/Pa.,"Phantom 48V, 3.5mm TRS"
1504,VideoMic Pro,RØDE,Mikrofon Kondenser,,🔧,0,Phantom 48V|Audio,3.5mm TRS|Audio,On-camera shotgun. 40-20000 Hz; -38 dBV/Pa.,"Phantom 48V, 3.5mm TRS"
1505,VideoMic Pro+,RØDE,Mikrofon Kondenser,,🔧,0,Phantom 48V|Audio,3.5mm TRS|Audio,On-camera shotgun. 20-20000 Hz; -38 dBV/Pa.,"Phantom 48V, 3.5mm TRS"
1506,VideoMic NTG,RØDE,Mikrofon Kondenser,,🔧,0,Phantom 48V|Audio,USB-C / 3.5mm TRS|Audio,On-camera shotgun hybrid. 20-20000 Hz; -26 dBV/Pa; phantom/USB.,"Phantom 48V, USB-C / 3.5mm TRS"
1507,VideoMicro,RØDE,Mikrofon Kondenser,,🔧,0,Phantom 48V|Audio,3.5mm TRS|Audio,On-camera compact. 50-20000 Hz; -33 dBV/Pa.,"Phantom 48V, 3.5mm TRS"
1508,Wireless GO,RØDE,Mikrofon Kondenser,,🔧,0,Phantom 48V|Audio,Wireless (2.4GHz)|Wireless,Lavalier/wireless kamera. 50-20000 Hz; -32 dBV/Pa.,"Phantom 48V, Wireless (2.4GHz)"
1509,Wireless GO II,RØDE,Mikrofon Kondenser,,🔧,0,Phantom 48V|Audio,Wireless (2.4GHz)|Wireless,Lavalier/wireless dual-channel. 50-20000 Hz; -32 dBV/Pa.,"Phantom 48V, Wireless (2.4GHz)"
1510,NT-USB,RØDE,Mikrofon Kondenser,,🔧,0,Phantom 48V|Audio,USB|USB,Vokal & podcast USB. 20-20000 Hz; 16-bit/48kHz.,"Phantom 48V, USB"
1511,NT-USB Mini,RØDE,Mikrofon Kondenser,,🔧,0,Phantom 48V|Audio,USB-C|USB,Vokal & podcast USB compact. 20-20000 Hz; 24-bit/48kHz.,"Phantom 48V, USB-C"
1512,MC 930,Beyerdynamic,Mikrofon Kondenser,,🔧,0,Phantom 48V|Audio,XLR 3-pin male|Audio,Instrumen & overhead studio. 40-20000 Hz; 160 ohm; 18 mV/Pa; phantom 48V.,"Phantom 48V, XLR 3-pin male"
1513,MC 835,Beyerdynamic,Mikrofon Kondenser,,🔧,0,Phantom 48V|Audio,XLR 3-pin male|Audio,Shotgun broadcast. 40-20000 Hz; 200 ohm; phantom 48V.,"Phantom 48V, XLR 3-pin male"
1514,MC 840,Beyerdynamic,Mikrofon Kondenser,,🔧,0,Phantom 48V|Audio,XLR 3-pin male|Audio,Vokal & instrumen studio. 20-20000 Hz; 200 ohm; phantom 48V.,"Phantom 48V, XLR 3-pin male"
1515,MC 950,Beyerdynamic,Mikrofon Kondenser,,🔧,0,Phantom 48V|Audio,XLR 3-pin male|Audio,Instrumen & overhead. 20-20000 Hz; 160 ohm; phantom 48V.,"Phantom 48V, XLR 3-pin male"
1516,MC 740,Beyerdynamic,Mikrofon Kondenser,,🔧,0,Phantom 48V|Audio,XLR 3-pin male|Audio,Instrumen & live. 40-20000 Hz; 200 ohm; phantom 48V.,"Phantom 48V, XLR 3-pin male"
1517,MC 834,Beyerdynamic,Mikrofon Kondenser,,🔧,0,Phantom 48V|Audio,XLR 3-pin male|Audio,Shotgun. 30-20000 Hz; 200 ohm; phantom 48V.,"Phantom 48V, XLR 3-pin male"
1518,MC 842,Beyerdynamic,Mikrofon Kondenser,,🔧,0,Phantom 48V|Audio,XLR 3-pin male|Audio,Vokal & instrumen studio. 20-20000 Hz; 200 ohm; phantom 48V.,"Phantom 48V, XLR 3-pin male"
1519,MC 450,Beyerdynamic,Mikrofon Kondenser,,🔧,0,Phantom 48V|Audio,XLR 3-pin male|Audio,Orkestra/ambience. 20-20000 Hz; 200 ohm; phantom 48V.,"Phantom 48V, XLR 3-pin male"
1520,MC 700,Beyerdynamic,Mikrofon Kondenser,,🔧,0,Phantom 48V|Audio,XLR 3-pin male|Audio,Vokal & instrumen. 20-20000 Hz; 200 ohm; phantom 48V.,"Phantom 48V, XLR 3-pin male"
1521,MC 710,Beyerdynamic,Mikrofon Kondenser,,🔧,0,Phantom 48V|Audio,XLR 3-pin male|Audio,Vokal & instrumen. 20-20000 Hz; 200 ohm; phantom 48V.,"Phantom 48V, XLR 3-pin male"
1522,MC 720,Beyerdynamic,Mikrofon Kondenser,,🔧,0,Phantom 48V|Audio,XLR 3-pin male|Audio,Vokal & instrumen. 20-20000 Hz; 200 ohm; phantom 48V.,"Phantom 48V, XLR 3-pin male"
1523,MC 730,Beyerdynamic,Mikrofon Kondenser,,🔧,0,Phantom 48V|Audio,XLR 3-pin male|Audio,Vokal & instrumen. 20-20000 Hz; 200 ohm; phantom 48V.,"Phantom 48V, XLR 3-pin male"
1524,MC 750,Beyerdynamic,Mikrofon Kondenser,,🔧,0,Phantom 48V|Audio,XLR 3-pin male|Audio,Vokal & instrumen. 20-20000 Hz; 200 ohm; phantom 48V.,"Phantom 48V, XLR 3-pin male"
1525,MC 850,Beyerdynamic,Mikrofon Kondenser,,🔧,0,Phantom 48V|Audio,XLR 3-pin male|Audio,Vokal & instrumen studio. 20-20000 Hz; 200 ohm; phantom 48V.,"Phantom 48V, XLR 3-pin male"
1526,MC 860,Beyerdynamic,Mikrofon Kondenser,,🔧,0,Phantom 48V|Audio,XLR 3-pin male|Audio,Vokal & instrumen. 20-20000 Hz; 200 ohm; phantom 48V.,"Phantom 48V, XLR 3-pin male"
1527,Fox USB,Beyerdynamic,Mikrofon Kondenser,,🔧,0,Phantom 48V|Audio,USB|USB,Vokal & podcast USB. 20-20000 Hz; 16-bit/48kHz.,"Phantom 48V, USB"
1528,Opus 55,Beyerdynamic,Mikrofon Kondenser,,🔧,0,Phantom 48V|Audio,XLR 3-pin male|Audio,Vokal & presentasi. 50-18000 Hz; phantom 12-48V.,"Phantom 48V, XLR 3-pin male"
1529,CK 908,Beyerdynamic,Mikrofon Kondenser,,🔧,0,Phantom 48V|Audio,Mini-XLR (kapsul)|Audio,Kapsul superkardioid (wireless). 20-20000 Hz; phantom.,"Phantom 48V, Mini-XLR (kapsul)"
1530,CK 911,Beyerdynamic,Mikrofon Kondenser,,🔧,0,Phantom 48V|Audio,Mini-XLR (kapsul)|Audio,Kapsul superkardioid (wireless). 20-20000 Hz; phantom.,"Phantom 48V, Mini-XLR (kapsul)"
1531,CK 980,Beyerdynamic,Mikrofon Kondenser,,🔧,0,Phantom 48V|Audio,Mini-XLR (kapsul)|Audio,Kapsul shotgun (wireless). 20-20000 Hz; phantom.,"Phantom 48V, Mini-XLR (kapsul)"
1532,RE92,Electro-Voice / EV,Mikrofon Kondenser,,🔧,0,Phantom 48V|Audio,XLR 3-pin male|Audio,Lavalier/presentasi. 50-15000 Hz; 100 ohm; omni; phantom.,"Phantom 48V, XLR 3-pin male"
1533,RE92H,Electro-Voice / EV,Mikrofon Kondenser,,🔧,0,Phantom 48V|Audio,XLR 3-pin male|Audio,Headworn presentasi. 50-15000 Hz; omni; phantom.,"Phantom 48V, XLR 3-pin male"
1534,RE510,Electro-Voice / EV,Mikrofon Kondenser,,🔧,0,Phantom 48V|Audio,XLR 3-pin male|Audio,Vokal & instrumen live. 50-15000 Hz; 150 ohm; phantom.,"Phantom 48V, XLR 3-pin male"
1535,RE520,Electro-Voice / EV,Mikrofon Kondenser,,🔧,0,Phantom 48V|Audio,XLR 3-pin male|Audio,Vokal & instrumen live. 50-15000 Hz; 150 ohm; phantom.,"Phantom 48V, XLR 3-pin male"
1536,PL37,Electro-Voice / EV,Mikrofon Kondenser,,🔧,0,Phantom 48V|Audio,XLR 3-pin male|Audio,Instrumen studio/akustik. 20-20000 Hz; 150 ohm; phantom 48V.,"Phantom 48V, XLR 3-pin male"
1537,CS200,Electro-Voice / EV,Mikrofon Kondenser,,🔧,0,Phantom 48V|Audio,XLR 3-pin male|Audio,Boundary conference. 50-18000 Hz; phantom.,"Phantom 48V, XLR 3-pin male"
1538,CS300,Electro-Voice / EV,Mikrofon Kondenser,,🔧,0,Phantom 48V|Audio,XLR 3-pin male|Audio,Boundary conference. 50-18000 Hz; phantom.,"Phantom 48V, XLR 3-pin male"
1539,BK-1,Electro-Voice / EV,Mikrofon Kondenser,,🔧,0,Phantom 48V|Audio,XLR 3-pin male|Audio,Boundary instrumen/piano. 30-20000 Hz; phantom.,"Phantom 48V, XLR 3-pin male"
1540,CO9,Electro-Voice / EV,Mikrofon Kondenser,,🔧,0,Phantom 48V|Audio,XLR 3-pin male|Audio,Gooseneck podium. 50-18000 Hz; phantom.,"Phantom 48V, XLR 3-pin male"
1541,CO7,Electro-Voice / EV,Mikrofon Kondenser,,🔧,0,Phantom 48V|Audio,XLR 3-pin male|Audio,Gooseneck podium. 50-18000 Hz; phantom.,"Phantom 48V, XLR 3-pin male"
1542,EVID C4.2,Electro-Voice / EV,Mikrofon Kondenser,,🔧,0,Phantom 48V|Audio,XLR 3-pin male|Audio,Ceiling instrumen/PA. 70-20000 Hz; phantom.,"Phantom 48V, XLR 3-pin male"
1543,EVID C8.2,Electro-Voice / EV,Mikrofon Kondenser,,🔧,0,Phantom 48V|Audio,XLR 3-pin male|Audio,Ceiling instrumen/PA. 60-20000 Hz; phantom.,"Phantom 48V, XLR 3-pin male"
1544,CU-29 Copperhead,Telefunken Elektroakustik,Mikrofon Kondenser,,🔧,0,Phantom 48V|Audio,XLR 3-pin male|Audio,Vokal & instrumen studio (tube). 20-20000 Hz; 200 ohm; phantom 48V.,"Phantom 48V, XLR 3-pin male"
1545,TF29 Copperhead,Telefunken Elektroakustik,Mikrofon Kondenser,,🔧,0,Phantom 48V|Audio,XLR 3-pin male|Audio,Vokal & instrumen studio (tube). 20-20000 Hz; 200 ohm; phantom 48V.,"Phantom 48V, XLR 3-pin male"
1546,TF39 Delamain,Telefunken Elektroakustik,Mikrofon Kondenser,,🔧,0,Phantom 48V|Audio,XLR 3-pin male|Audio,Vokal & instrumen studio (tube). 20-20000 Hz; 200 ohm; phantom 48V.,"Phantom 48V, XLR 3-pin male"
1547,TF47,Telefunken Elektroakustik,Mikrofon Kondenser,,🔧,0,Phantom 48V|Audio,XLR 3-pin male|Audio,"Vokal & instrumen studio (tube, U47-style). 20-20000 Hz; 200 ohm; phantom 48V.","Phantom 48V, XLR 3-pin male"
1548,TF51,Telefunken Elektroakustik,Mikrofon Kondenser,,🔧,0,Phantom 48V|Audio,XLR 3-pin male|Audio,"Vokal & instrumen studio (tube, ELA M 251-style). 20-20000 Hz; 200 ohm; phantom 48V.","Phantom 48V, XLR 3-pin male"
1549,AK-47,Telefunken Elektroakustik,Mikrofon Kondenser,,🔧,0,Phantom 48V|Audio,XLR 3-pin male|Audio,Vokal & instrumen studio (tube). 20-20000 Hz; 200 ohm; phantom 48V.,"Phantom 48V, XLR 3-pin male"
1550,AR-51,Telefunken Elektroakustik,Mikrofon Kondenser,,🔧,0,Phantom 48V|Audio,XLR 3-pin male|Audio,Vokal & instrumen studio (tube). 20-20000 Hz; 200 ohm; phantom 48V.,"Phantom 48V, XLR 3-pin male"
1551,C12,Telefunken Elektroakustik,Mikrofon Kondenser,,🔧,0,Phantom 48V|Audio,XLR 3-pin male|Audio,Vokal & instrumen studio (tube). 20-20000 Hz; 200 ohm; phantom 48V.,"Phantom 48V, XLR 3-pin male"
1552,ELA M 251E,Telefunken Elektroakustik,Mikrofon Kondenser,,🔧,0,Phantom 48V|Audio,XLR 3-pin male|Audio,Vokal studio premium (tube). 20-20000 Hz; 200 ohm; phantom 48V.,"Phantom 48V, XLR 3-pin male"
1553,U47,Telefunken Elektroakustik,Mikrofon Kondenser,,🔧,0,Phantom 48V|Audio,XLR 3-pin male|Audio,Vokal studio legendaris (tube). 20-20000 Hz; 200 ohm; phantom 48V.,"Phantom 48V, XLR 3-pin male"
1554,U67,Telefunken Elektroakustik,Mikrofon Kondenser,,🔧,0,Phantom 48V|Audio,XLR 3-pin male|Audio,Vokal & instrumen studio (tube). 20-20000 Hz; 200 ohm; phantom 48V.,"Phantom 48V, XLR 3-pin male"
1555,U48,Telefunken Elektroakustik,Mikrofon Kondenser,,🔧,0,Phantom 48V|Audio,XLR 3-pin male|Audio,Vokal & instrumen studio (tube). 20-20000 Hz; 200 ohm; phantom 48V.,"Phantom 48V, XLR 3-pin male"
1556,M60 FET,Telefunken Elektroakustik,Mikrofon Kondenser,,🔧,0,Phantom 48V|Audio,XLR 3-pin male|Audio,Instrumen & overhead (small diaphragm). 20-20000 Hz; 200 ohm; phantom 48V.,"Phantom 48V, XLR 3-pin male"
1557,ELA M 260,Telefunken Elektroakustik,Mikrofon Kondenser,,🔧,0,Phantom 48V|Audio,XLR 3-pin male|Audio,"Instrumen & overhead (tube, small diaphragm). 20-20000 Hz; 200 ohm; phantom 48V.","Phantom 48V, XLR 3-pin male"
1558,M12,Telefunken Elektroakustik,Mikrofon Kondenser,,🔧,0,Phantom 48V|Audio,XLR 3-pin male|Audio,Vokal studio (tube). 20-20000 Hz; 200 ohm; phantom 48V.,"Phantom 48V, XLR 3-pin male"
1559,M16,Telefunken Elektroakustik,Mikrofon Kondenser,,🔧,0,Phantom 48V|Audio,XLR 3-pin male|Audio,Vokal & instrumen studio (tube). 20-20000 Hz; 200 ohm; phantom 48V.,"Phantom 48V, XLR 3-pin male"
1560,SCX25A,Audix,Mikrofon Kondenser,,🔧,0,Phantom 48V|Audio,XLR 3-pin male|Audio,Vokal & overhead studio (true cardioid). 20-20000 Hz; 150 ohm; 28 mV/Pa; phantom 48V.,"Phantom 48V, XLR 3-pin male"
1561,SCX1,Audix,Mikrofon Kondenser,,🔧,0,Phantom 48V|Audio,XLR 3-pin male|Audio,Instrumen & overhead. 40-20000 Hz; 120 ohm; phantom 48V.,"Phantom 48V, XLR 3-pin male"
1562,SCX1HC,Audix,Mikrofon Kondenser,,🔧,0,Phantom 48V|Audio,XLR 3-pin male|Audio,Instrumen & live (hypercardioid). 40-20000 Hz; 120 ohm; phantom 48V.,"Phantom 48V, XLR 3-pin male"
1563,SCX1O,Audix,Mikrofon Kondenser,,🔧,0,Phantom 48V|Audio,XLR 3-pin male|Audio,Ambience/orkestra. 40-20000 Hz; 120 ohm; phantom 48V.,"Phantom 48V, XLR 3-pin male"
1564,SCX21,Audix,Mikrofon Kondenser,,🔧,0,Phantom 48V|Audio,XLR 3-pin male|Audio,Instrumen & overhead compact. 40-20000 Hz; 150 ohm; phantom 48V.,"Phantom 48V, XLR 3-pin male"
1565,M65,Audix,Mikrofon Kondenser,,🔧,0,Phantom 48V|Audio,XLR 3-pin male|Audio,Instrumen mini (snare/amp). 40-20000 Hz; 150 ohm; phantom 48V.,"Phantom 48V, XLR 3-pin male"
1566,A127,Audix,Mikrofon Kondenser,,🔧,0,Phantom 48V|Audio,XLR 3-pin male|Audio,Ambience/orkestra (omni). 20-20000 Hz; 150 ohm; phantom 48V.,"Phantom 48V, XLR 3-pin male"
1567,A133,Audix,Mikrofon Kondenser,,🔧,0,Phantom 48V|Audio,XLR 3-pin male|Audio,Ambience/orkestra (omni). 20-20000 Hz; 150 ohm; phantom 48V.,"Phantom 48V, XLR 3-pin male"
1568,ADX51,Audix,Mikrofon Kondenser,,🔧,0,Phantom 48V|Audio,XLR 3-pin male|Audio,Instrumen & overhead. 40-20000 Hz; 150 ohm; phantom 48V.,"Phantom 48V, XLR 3-pin male"
1569,ADX40,Audix,Mikrofon Kondenser,,🔧,0,Phantom 48V|Audio,XLR 3-pin male|Audio,Hanging choir/conference. 40-20000 Hz; 150 ohm; phantom 48V.,"Phantom 48V, XLR 3-pin male"
1570,ADX60,Audix,Mikrofon Kondenser,,🔧,0,Phantom 48V|Audio,XLR 3-pin male|Audio,Boundary piano/conference. 40-20000 Hz; 150 ohm; phantom 48V.,"Phantom 48V, XLR 3-pin male"
1571,ADX10,Audix,Mikrofon Kondenser,,🔧,0,Phantom 48V|Audio,XLR 3-pin male|Audio,Lavalier/podium mini. 50-18000 Hz; 150 ohm; phantom 48V.,"Phantom 48V, XLR 3-pin male"
1572,ADX18,Audix,Mikrofon Kondenser,,🔧,0,Phantom 48V|Audio,XLR 3-pin male|Audio,Mini gooseneck instrumen. 40-20000 Hz; 150 ohm; phantom 48V.,"Phantom 48V, XLR 3-pin male"
1573,CX112B,Audix,Mikrofon Kondenser,,🔧,0,Phantom 48V|Audio,XLR 3-pin male|Audio,Vokal studio (large diaphragm). 20-20000 Hz; 150 ohm; phantom 48V.,"Phantom 48V, XLR 3-pin male"
1574,CX111B,Audix,Mikrofon Kondenser,,🔧,0,Phantom 48V|Audio,XLR 3-pin male|Audio,Vokal & instrumen studio. 20-20000 Hz; 150 ohm; phantom 48V.,"Phantom 48V, XLR 3-pin male"
1575,CX212B,Audix,Mikrofon Kondenser,,🔧,0,Phantom 48V|Audio,XLR 3-pin male|Audio,Vokal & instrumen studio. 20-20000 Hz; 150 ohm; phantom 48V.,"Phantom 48V, XLR 3-pin male"
1576,CX223B,Audix,Mikrofon Kondenser,,🔧,0,Phantom 48V|Audio,XLR 3-pin male|Audio,Vokal & instrumen studio. 20-20000 Hz; 150 ohm; phantom 48V.,"Phantom 48V, XLR 3-pin male"
1577,F9,Audix,Mikrofon Kondenser,,🔧,0,Phantom 48V|Audio,XLR 3-pin male|Audio,Instrumen & overhead (small diaphragm). 40-20000 Hz; 150 ohm; phantom 48V.,"Phantom 48V, XLR 3-pin male"
1578,F10,Audix,Mikrofon Kondenser,,🔧,0,Phantom 48V|Audio,XLR 3-pin male|Audio,Instrumen & overhead. 50-20000 Hz; 150 ohm; phantom 48V.,"Phantom 48V, XLR 3-pin male"
1579,F12,Audix,Mikrofon Kondenser,,🔧,0,Phantom 48V|Audio,XLR 3-pin male|Audio,Instrumen & overhead. 40-20000 Hz; 150 ohm; phantom 48V.,"Phantom 48V, XLR 3-pin male"
1580,F15,Audix,Mikrofon Kondenser,,🔧,0,Phantom 48V|Audio,XLR 3-pin male|Audio,Instrumen & overhead. 50-19000 Hz; 150 ohm; phantom 48V.,"Phantom 48V, XLR 3-pin male"
1581,2200a II,sE Electronics,Mikrofon Kondenser,,🔧,0,Phantom 48V|Audio,XLR 3-pin male|Audio,Vokal & instrumen studio. 20-20000 Hz; 50 ohm; -32 dBV/Pa; phantom 48V.,"Phantom 48V, XLR 3-pin male"
1582,4400a,sE Electronics,Mikrofon Kondenser,,🔧,0,Phantom 48V|Audio,XLR 3-pin male|Audio,Vokal & overhead. 20-20000 Hz; multi-pattern; phantom 48V.,"Phantom 48V, XLR 3-pin male"
1583,Gemini II,sE Electronics,Mikrofon Kondenser,,🔧,0,Phantom 48V|Audio,XLR 3-pin male|Audio,Vokal premium tube. 20-20000 Hz; twin-triode 6072A; 9-pola; phantom 48V.,"Phantom 48V, XLR 3-pin male"
1584,Z5600a II,sE Electronics,Mikrofon Kondenser,,🔧,0,Phantom 48V|Audio,XLR 3-pin male|Audio,Vokal & instrumen tube. 20-20000 Hz; 9-pola; phantom 48V.,"Phantom 48V, XLR 3-pin male"
1585,RNT,sE Electronics,Mikrofon Kondenser,,🔧,0,Phantom 48V|Audio,XLR 3-pin male|Audio,Vokal reference (Rupert Neve). 20-20000 Hz; tube + transformer; 9-pola; phantom 48V.,"Phantom 48V, XLR 3-pin male"
1586,T2,sE Electronics,Mikrofon Kondenser,,🔧,0,Phantom 48V|Audio,XLR 3-pin male|Audio,Instrumen & overhead. 20-20000 Hz; titanium diaphragm; 9-pola; phantom 48V.,"Phantom 48V, XLR 3-pin male"
1587,sE1a,sE Electronics,Mikrofon Kondenser,,🔧,0,Phantom 48V|Audio,XLR 3-pin male|Audio,Overhead & akustik. 20-20000 Hz; small diaphragm; phantom 48V.,"Phantom 48V, XLR 3-pin male"
1588,sE7,sE Electronics,Mikrofon Kondenser,,🔧,0,Phantom 48V|Audio,XLR 3-pin male|Audio,Overhead & snare. 20-20000 Hz; pencil; phantom 48V.,"Phantom 48V, XLR 3-pin male"
1589,sE8,sE Electronics,Mikrofon Kondenser,,🔧,0,Phantom 48V|Audio,XLR 3-pin male|Audio,Overhead & strings. 20-20000 Hz; pencil; phantom 48V.,"Phantom 48V, XLR 3-pin male"
1590,X1,sE Electronics,Mikrofon Kondenser,,🔧,0,Phantom 48V|Audio,XLR 3-pin male|Audio,Vokal & instrumen entry. 20-20000 Hz; kapsul hand-crafted; phantom 48V.,"Phantom 48V, XLR 3-pin male"
1591,X1 A,sE Electronics,Mikrofon Kondenser,,🔧,0,Phantom 48V|Audio,XLR 3-pin male|Audio,Vokal & instrumen. 20-20000 Hz; cardioid; phantom 48V.,"Phantom 48V, XLR 3-pin male"
1592,X1 S,sE Electronics,Mikrofon Kondenser,,🔧,0,Phantom 48V|Audio,XLR 3-pin male|Audio,Vokal & instrumen. 20-20000 Hz; switchable attenuator/HPF; phantom 48V.,"Phantom 48V, XLR 3-pin male"
1593,LCT 040,Lewitt,Mikrofon Kondenser,,🔧,0,Phantom 48V|Audio,XLR 3-pin male|Audio,Overhead & akustik. 20-20000 Hz; small diaphragm; phantom 48V.,"Phantom 48V, XLR 3-pin male"
1594,LCT 140,Lewitt,Mikrofon Kondenser,,🔧,0,Phantom 48V|Audio,XLR 3-pin male|Audio,Overhead & instrumen. 20-20000 Hz; small diaphragm; phantom 48V.,"Phantom 48V, XLR 3-pin male"
1595,LCT 240,Lewitt,Mikrofon Kondenser,,🔧,0,Phantom 48V|Audio,XLR 3-pin male|Audio,Vokal & podcast. 20-20000 Hz; phantom 48V.,"Phantom 48V, XLR 3-pin male"
1596,LCT 441,Lewitt,Mikrofon Kondenser,,🔧,0,Phantom 48V|Audio,XLR 3-pin male|Audio,Vokal & instrumen. 20-20000 Hz; phantom 48V.,"Phantom 48V, XLR 3-pin male"
1597,LCT 540,Lewitt,Mikrofon Kondenser,,🔧,0,Phantom 48V|Audio,XLR 3-pin male|Audio,Vokal detail tinggi. 20-20000 Hz; ultra-low noise; phantom 48V.,"Phantom 48V, XLR 3-pin male"
1598,LCT 640,Lewitt,Mikrofon Kondenser,,🔧,0,Phantom 48V|Audio,XLR 3-pin male|Audio,Vokal & instrumen pro. 20-20000 Hz; multi-pattern; phantom 48V.,"Phantom 48V, XLR 3-pin male"
1599,LCT 840,Lewitt,Mikrofon Kondenser,,🔧,0,Phantom 48V|Audio,XLR 3-pin male|Audio,Vokal tube premium. 20-20000 Hz; tube; multi-pattern; phantom 48V.,"Phantom 48V, XLR 3-pin male"
1600,LCT 940,Lewitt,Mikrofon Kondenser,,🔧,0,Phantom 48V|Audio,XLR 3-pin male|Audio,Vokal hybrid tube/FET. 20-20000 Hz; multi-pattern; phantom 48V.,"Phantom 48V, XLR 3-pin male"
1601,Pure Tube,Lewitt,Mikrofon Kondenser,,🔧,0,Phantom 48V|Audio,XLR 3-pin male|Audio,Vokal reference tube. 20-20000 Hz; true tube cardioid; phantom 48V.,"Phantom 48V, XLR 3-pin male"
1602,-,Heil Sound,Mikrofon Kondenser,,🔧,0,Phantom 48V|Audio,-|Other,"Catatan: Heil Sound tidak memproduksi mikrofon condenser; lini utamanya adalah dynamic (mis. PR 40, PR 30B, PR 22). Tidak ada model condenser resmi.","Phantom 48V, -"
1603,WA-47,Warm Audio,Mikrofon Kondenser,,🔧,0,Phantom 48V|Audio,XLR 7-pin + PSU|Audio,Vokal & instrumen (U47 clone). 20-20000 Hz; K47 capsule; multi-pattern; phantom 48V.,"Phantom 48V, XLR 7-pin + PSU"
1604,WA-47jr,Warm Audio,Mikrofon Kondenser,,🔧,0,Phantom 48V|Audio,XLR 3-pin male|Audio,Vokal & overhead. 20-20000 Hz; kapsul custom; cardioid; phantom 48V.,"Phantom 48V, XLR 3-pin male"
1605,WA-87,Warm Audio,Mikrofon Kondenser,,🔧,0,Phantom 48V|Audio,XLR 3-pin male|Audio,Vokal & instrumen (U87 clone). 20-20000 Hz; multi-pattern; phantom 48V.,"Phantom 48V, XLR 3-pin male"
1606,WA-87 R2,Warm Audio,Mikrofon Kondenser,,🔧,0,Phantom 48V|Audio,XLR 3-pin male|Audio,Vokal & instrumen (revisi). 20-20000 Hz; multi-pattern; phantom 48V.,"Phantom 48V, XLR 3-pin male"
1607,WA-14,Warm Audio,Mikrofon Kondenser,,🔧,0,Phantom 48V|Audio,XLR 3-pin male|Audio,Overhead & instrumen (C414 clone). 20-20000 Hz; multi-pattern; phantom 48V.,"Phantom 48V, XLR 3-pin male"
1608,WA-8000,Warm Audio,Mikrofon Kondenser,,🔧,0,Phantom 48V|Audio,XLR 3-pin male|Audio,Vokal & overhead (U8000 clone). 20-20000 Hz; cardioid; phantom 48V.,"Phantom 48V, XLR 3-pin male"
1609,WA-C1,Warm Audio,Mikrofon Kondenser,,🔧,0,Phantom 48V|Audio,XLR 3-pin male|Audio,Vokal & podcast. 20-20000 Hz; cardioid; phantom 48V.,"Phantom 48V, XLR 3-pin male"
1610,WA-251,Warm Audio,Mikrofon Kondenser,,🔧,0,Phantom 48V|Audio,XLR 7-pin + PSU|Audio,Vokal premium (Ela M 251 clone). 20-20000 Hz; multi-pattern; phantom 48V.,"Phantom 48V, XLR 7-pin + PSU"
1611,WA-67,Warm Audio,Mikrofon Kondenser,,🔧,0,Phantom 48V|Audio,XLR 3-pin male|Audio,Vokal & instrumen (U67 clone). 20-20000 Hz; multi-pattern; phantom 48V.,"Phantom 48V, XLR 3-pin male"
1612,WA-37,Warm Audio,Mikrofon Kondenser,,🔧,0,Phantom 48V|Audio,XLR 3-pin male|Audio,Vokal & instrumen (C37 clone). 20-20000 Hz; multi-pattern; phantom 48V.,"Phantom 48V, XLR 3-pin male"
1613,Origin,Aston Microphones,Mikrofon Kondenser,,🔧,0,Phantom 48V|Audio,XLR 3-pin male|Audio,Vokal & instrumen. 20-20000 Hz; cardioid; phantom 48V.,"Phantom 48V, XLR 3-pin male"
1614,Spirit,Aston Microphones,Mikrofon Kondenser,,🔧,0,Phantom 48V|Audio,XLR 3-pin male|Audio,Vokal & instrumen. 20-20000 Hz; multi-pattern; phantom 48V.,"Phantom 48V, XLR 3-pin male"
1615,Starlight,Aston Microphones,Mikrofon Kondenser,,🔧,0,Phantom 48V|Audio,XLR 3-pin male|Audio,Overhead & akustik. 20-20000 Hz; cardioid; LED tunable; phantom 48V.,"Phantom 48V, XLR 3-pin male"
1616,Stealth,Aston Microphones,Mikrofon Kondenser,,🔧,0,Phantom 48V|Audio,XLR 3-pin male|Audio,Vokal & instrumen adaptif. 20-20000 Hz; 4 voice modes; phantom 48V.,"Phantom 48V, XLR 3-pin male"
1617,QTC,Earthworks,Mikrofon Kondenser,,🔧,0,Phantom 48V|Audio,XLR 3-pin male|Audio,Measurement & room. 10-40000 Hz; omnidirectional; phantom 48V.,"Phantom 48V, XLR 3-pin male"
1618,SR,Earthworks,Mikrofon Kondenser,,🔧,0,Phantom 48V|Audio,XLR 3-pin male|Audio,Vokal & instrumen. 20-20000 Hz; cardioid; phantom 48V.,"Phantom 48V, XLR 3-pin male"
1619,SR25,Earthworks,Mikrofon Kondenser,,🔧,0,Phantom 48V|Audio,XLR 3-pin male|Audio,Overhead & akustik. 20-20000 Hz; cardioid; phantom 48V.,"Phantom 48V, XLR 3-pin male"
1620,SR30,Earthworks,Mikrofon Kondenser,,🔧,0,Phantom 48V|Audio,XLR 3-pin male|Audio,Overhead & strings. 20-20000 Hz; cardioid; phantom 48V.,"Phantom 48V, XLR 3-pin male"
1621,SR117,Earthworks,Mikrofon Kondenser,,🔧,0,Phantom 48V|Audio,XLR 3-pin male|Audio,Vokal & instrumen. 20-20000 Hz; cardioid; phantom 48V.,"Phantom 48V, XLR 3-pin male"
1622,M23,Earthworks,Mikrofon Kondenser,,🔧,0,Phantom 48V|Audio,XLR 3-pin male|Audio,Measurement omni. 9-40000 Hz; omnidirectional; phantom 48V.,"Phantom 48V, XLR 3-pin male"
1623,M30,Earthworks,Mikrofon Kondenser,,🔧,0,Phantom 48V|Audio,XLR 3-pin male|Audio,Measurement omni. 5-40000 Hz; omnidirectional; phantom 48V.,"Phantom 48V, XLR 3-pin male"
1624,M50,Earthworks,Mikrofon Kondenser,,🔧,0,Phantom 48V|Audio,XLR 3-pin male|Audio,Measurement omni. 3-50000 Hz; omnidirectional; phantom 48V.,"Phantom 48V, XLR 3-pin male"
1625,PM40,Earthworks,Mikrofon Kondenser,,🔧,0,Phantom 48V|Audio,XLR 3-pin male|Audio,Piano mic system. 20-20000 Hz; cardioid; phantom 48V.,"Phantom 48V, XLR 3-pin male"
1626,FW430,Earthworks,Mikrofon Kondenser,,🔧,0,Phantom 48V|Audio,XLR 3-pin male|Audio,FlexWand overhead. 20-20000 Hz; cardioid; phantom 48V.,"Phantom 48V, XLR 3-pin male"
1627,4006A,DPA,Mikrofon Kondenser,,🔧,0,Phantom 48V|Audio,XLR 3-pin male|Audio,Studio & measurement. 20-20000 Hz; 200 ohm; -26 dBV/Pa; phantom 48V/130V.,"Phantom 48V, XLR 3-pin male"
1628,4011A,DPA,Mikrofon Kondenser,,🔧,0,Phantom 48V|Audio,XLR 3-pin male|Audio,Studio cardioid. 20-20000 Hz; 200 ohm; -36 dBV/Pa; phantom 48V/130V.,"Phantom 48V, XLR 3-pin male"
1629,4011C,DPA,Mikrofon Kondenser,,🔧,0,Phantom 48V|Audio,XLR 3-pin male|Audio,Compact cardioid. 20-20000 Hz; 200 ohm; -44 dBV/Pa; phantom 48V/130V.,"Phantom 48V, XLR 3-pin male"
1630,4015A,DPA,Mikrofon Kondenser,,🔧,0,Phantom 48V|Audio,XLR 3-pin male|Audio,Wide cardioid. 20-20000 Hz; 200 ohm; -38 dBV/Pa; phantom 48V/130V.,"Phantom 48V, XLR 3-pin male"
1631,4015C,DPA,Mikrofon Kondenser,,🔧,0,Phantom 48V|Audio,XLR 3-pin male|Audio,Compact wide cardioid. 20-20000 Hz; 200 ohm; -46 dBV/Pa; phantom 48V/130V.,"Phantom 48V, XLR 3-pin male"
1632,4021,DPA,Mikrofon Kondenser,,🔧,0,Phantom 48V|Audio,XLR 3-pin male|Audio,Cardioid. 20-20000 Hz; 200 ohm; -35 dBV/Pa; phantom 48V/130V.,"Phantom 48V, XLR 3-pin male"
1633,4022,DPA,Mikrofon Kondenser,,🔧,0,Phantom 48V|Audio,XLR 3-pin male|Audio,Miniature cardioid. 20-20000 Hz; 80-100 ohm; -42 dBV/Pa; phantom 48V.,"Phantom 48V, XLR 3-pin male"
1634,4023,DPA,Mikrofon Kondenser,,🔧,0,Phantom 48V|Audio,XLR 3-pin male|Audio,Miniature omnidirectional. 20-20000 Hz; 80-100 ohm; -42 dBV/Pa; phantom 48V.,"Phantom 48V, XLR 3-pin male"
1635,4055,DPA,Mikrofon Kondenser,,🔧,0,Phantom 48V|Audio,XLR 3-pin male|Audio,Vocal/close-mic cardioid. 20-20000 Hz; 200 ohm; -42 dBV/Pa; phantom 48V.,"Phantom 48V, XLR 3-pin male"
1636,4060/61/62/63,DPA,Mikrofon Kondenser,,🔧,0,Phantom 48V|Audio,XLR 3-pin male (via MMP preamp)|Audio,Miniature lavalier set. 20-20000 Hz; 30-80 ohm; -44 to -60 dBV/Pa; phantom 48V/130V.,"Phantom 48V, XLR 3-pin male (via MMP preamp)"
1637,4090/91,DPA,Mikrofon Kondenser,,🔧,0,Phantom 48V|Audio,XLR 3-pin male|Audio,Omnidirectional. 20-20000 Hz; 200 ohm; -26 dBV/Pa; phantom 48V/130V.,"Phantom 48V, XLR 3-pin male"
1638,4097,DPA,Mikrofon Kondenser,,🔧,0,Phantom 48V|Audio,XLR 3-pin male (via MMP-G)|Audio,MicroShotgun. 20-20000 Hz; 100 ohm; -42 dBV/Pa; phantom 48V.,"Phantom 48V, XLR 3-pin male (via MMP-G)"
1639,4099,DPA,Mikrofon Kondenser,,🔧,0,Phantom 48V|Audio,XLR 3-pin male (via MMP-C)|Audio,Instrument clip-on. 20-20000 Hz; 100 ohm; -44 dBV/Pa; phantom 48V.,"Phantom 48V, XLR 3-pin male (via MMP-C)"
1640,4266/67,DPA,Mikrofon Kondenser,,🔧,0,Phantom 48V|Audio,XLR 3-pin male (via MMP)|Audio,Headset mic. 20-20000 Hz; 100 ohm; -44 dBV/Pa; phantom 48V.,"Phantom 48V, XLR 3-pin male (via MMP)"
1641,4488,DPA,Mikrofon Kondenser,,🔧,0,Phantom 48V|Audio,XLR 3-pin male (via MMP)|Audio,Dual-ear directional headset. 20-20000 Hz; 100 ohm; -44 dBV/Pa; phantom 48V.,"Phantom 48V, XLR 3-pin male (via MMP)"
1642,5100,DPA,Mikrofon Kondenser,,🔧,0,Phantom 48V|Audio,XLR 4-pin male|Audio,Ambisonic surround. 20-20000 Hz; 4 capsules; phantom 48V.,"Phantom 48V, XLR 4-pin male"
1643,d:fine,DPA,Mikrofon Kondenser,,🔧,0,Phantom 48V|Audio,XLR 3-pin male (via MMP)|Audio,Headset lavalier. 20-20000 Hz; 100 ohm; -44 dBV/Pa; phantom 48V.,"Phantom 48V, XLR 3-pin male (via MMP)"
1644,d:screet,DPA,Mikrofon Kondenser,,🔧,0,Phantom 48V|Audio,XLR 3-pin male (via MMP)|Audio,Miniature lavalier. 20-20000 Hz; 30-80 ohm; -44 to -59 dBV/Pa; phantom 48V/130V.,"Phantom 48V, XLR 3-pin male (via MMP)"
1645,CMC 1 U + MK 2,Schoeps,Mikrofon Kondenser,,🔧,0,Phantom 48V|Audio,XLR 3-pin male|Audio,Compact coincident mic. 20-20000 Hz; 2x 50 mA; phantom 48V; modular.,"Phantom 48V, XLR 3-pin male"
1646,CMC 6 + MK 4,Schoeps,Mikrofon Kondenser,,🔧,0,Phantom 48V|Audio,XLR 3-pin male|Audio,Studio cardioid. 40-20000 Hz; 15 mA; phantom 48V; modular.,"Phantom 48V, XLR 3-pin male"
1647,CMC 6 + MK 21,Schoeps,Mikrofon Kondenser,,🔧,0,Phantom 48V|Audio,XLR 3-pin male|Audio,Wide cardioid. 40-20000 Hz; 15 mA; phantom 48V; modular.,"Phantom 48V, XLR 3-pin male"
1648,CMC 6 + MK 41,Schoeps,Mikrofon Kondenser,,🔧,0,Phantom 48V|Audio,XLR 3-pin male|Audio,Supercardioid. 40-20000 Hz; 15 mA; phantom 48V; modular.,"Phantom 48V, XLR 3-pin male"
1649,CMC 6 + MK 8,Schoeps,Mikrofon Kondenser,,🔧,0,Phantom 48V|Audio,XLR 3-pin male|Audio,Figure-8. 40-20000 Hz; 15 mA; phantom 48V; modular.,"Phantom 48V, XLR 3-pin male"
1650,CMT 40/41,Schoeps,Mikrofon Kondenser,,🔧,0,Phantom 48V|Audio,XLR 3-pin male|Audio,Tube cardioid. 40-16000 Hz; 9 mA; phantom 48V; modular.,"Phantom 48V, XLR 3-pin male"
1651,C-800G,Sony,Mikrofon Kondenser,,🔧,0,Phantom 48V|Audio,XLR 7-pin + PSU|Audio,Studio tube vocal. 20-20000 Hz; 9.5 mV/Pa; 150/250 ohm; multi-pattern.,"Phantom 48V, XLR 7-pin + PSU"
1652,C-100,Sony,Mikrofon Kondenser,,🔧,0,Phantom 48V|Audio,XLR 3-pin male|Audio,Multi-pattern condenser. 20-20000 Hz; 200 ohm; -32 dBV/Pa; phantom 48V.,"Phantom 48V, XLR 3-pin male"
1653,C-38B,Sony,Mikrofon Kondenser,,🔧,0,Phantom 48V|Audio,XLR 3-pin male|Audio,Vintage tube. 30-18000 Hz; 200 ohm; -54 dBV/Pa; figure-8/cardioid.,"Phantom 48V, XLR 3-pin male"
1654,ECM-77,Sony,Mikrofon Kondenser,,🔧,0,Phantom 48V|Audio,XLR 3-pin male|Audio,Omni lavalier. 40-20000 Hz; 2.2 kohm; -44 dBV/Pa; phantom 48V/DC.,"Phantom 48V, XLR 3-pin male"
1655,ECM-44,Sony,Mikrofon Kondenser,,🔧,0,Phantom 48V|Audio,XLR 3-pin male|Audio,Omni lavalier. 40-20000 Hz; 2.5 kohm; -44 dBV/Pa; phantom 48V/DC.,"Phantom 48V, XLR 3-pin male"
1656,UWP-D (ECM-V1BMP),Sony,Mikrofon Kondenser,,🔧,0,Phantom 48V|Audio,XLR/3.5mm (TX) + receiver|Audio,Wireless lavalier kit. 50-18000 Hz; digital; plug-on transmitter.,"Phantom 48V, XLR/3.5mm (TX) + receiver"
1657,Reference Cardioid,Manley,Mikrofon Kondenser,,🔧,0,Phantom 48V|Audio,XLR 3-pin + PSU 9-pin|Audio,Tube studio vocal. 10-30000 Hz; 200 ohm; -47 dBV/Pa; 9-pin PSU.,"Phantom 48V, XLR 3-pin + PSU 9-pin"
1658,Gold Reference,Manley,Mikrofon Kondenser,,🔧,0,Phantom 48V|Audio,XLR 3-pin + PSU 9-pin|Audio,Multi-pattern tube. 10-30000 Hz; 200 ohm; -47 dBV/Pa; 9-pin PSU.,"Phantom 48V, XLR 3-pin + PSU 9-pin"
1659,Reference Silver,Manley,Mikrofon Kondenser,,🔧,0,Phantom 48V|Audio,XLR 3-pin + PSU 9-pin|Audio,Tube vocal. 10-30000 Hz; 200 ohm; -47 dBV/Pa; 9-pin PSU.,"Phantom 48V, XLR 3-pin + PSU 9-pin"
1660,Force,Manley,Mikrofon Kondenser,,🔧,0,Phantom 48V|Audio,XLR 3-pin + PSU 9-pin|Audio,Large-diaphragm tube. 10-30000 Hz; 200 ohm; -47 dBV/Pa; 9-pin PSU.,"Phantom 48V, XLR 3-pin + PSU 9-pin"
1661,990,MXL,Mikrofon Kondenser,,🔧,0,Phantom 48V|Audio,XLR 3-pin male|Audio,Home studio vocal. 30-20000 Hz; 200 ohm; -36 dBV/Pa; phantom 48V.,"Phantom 48V, XLR 3-pin male"
1662,991,MXL,Mikrofon Kondenser,,🔧,0,Phantom 48V|Audio,XLR 3-pin male|Audio,Instrument/hi-hat. 30-20000 Hz; 200 ohm; -38 dBV/Pa; phantom 48V.,"Phantom 48V, XLR 3-pin male"
1663,550,MXL,Mikrofon Kondenser,,🔧,0,Phantom 48V|Audio,XLR 3-pin male|Audio,Multipattern studio. 30-20000 Hz; 200 ohm; -38 dBV/Pa; phantom 48V.,"Phantom 48V, XLR 3-pin male"
1664,770,MXL,Mikrofon Kondenser,,🔧,0,Phantom 48V|Audio,XLR 3-pin male|Audio,Vocal/streaming. 30-20000 Hz; 150 ohm; -38 dBV/Pa; phantom 48V.,"Phantom 48V, XLR 3-pin male"
1665,2006,MXL,Mikrofon Kondenser,,🔧,0,Phantom 48V|Audio,XLR 3-pin male|Audio,Live/studio. 30-20000 Hz; 200 ohm; -36 dBV/Pa; phantom 48V.,"Phantom 48V, XLR 3-pin male"
1666,2008,MXL,Mikrofon Kondenser,,🔧,0,Phantom 48V|Audio,XLR 3-pin male|Audio,Live vocal. 30-20000 Hz; 200 ohm; -38 dBV/Pa; phantom 48V.,"Phantom 48V, XLR 3-pin male"
1667,2011,MXL,Mikrofon Kondenser,,🔧,0,Phantom 48V|Audio,XLR 3-pin male|Audio,Kick/snare. 30-20000 Hz; 200 ohm; -38 dBV/Pa; phantom 48V.,"Phantom 48V, XLR 3-pin male"
1668,V67,MXL,Mikrofon Kondenser,,🔧,0,Phantom 48V|Audio,XLR 3-pin male|Audio,Vocal condenser. 30-20000 Hz; 200 ohm; -37 dBV/Pa; phantom 48V.,"Phantom 48V, XLR 3-pin male"
1669,V67i,MXL,Mikrofon Kondenser,,🔧,0,Phantom 48V|Audio,XLR 3-pin male|Audio,Switchable capsule vocal. 30-20000 Hz; 200 ohm; -37 dBV/Pa; phantom 48V.,"Phantom 48V, XLR 3-pin male"
1670,V69,MXL,Mikrofon Kondenser,,🔧,0,Phantom 48V|Audio,XLR 3-pin male|Audio,Tube vocal. 30-18000 Hz; 200 ohm; -37 dBV/Pa; phantom 48V + tube.,"Phantom 48V, XLR 3-pin male"
1671,E100S,CAD Audio,Mikrofon Kondenser,,🔧,0,Phantom 48V|Audio,XLR 3-pin male|Audio,Large-diaphragm vocal. 20-20000 Hz; 150 ohm; -34 dBV/Pa; phantom 48V.,"Phantom 48V, XLR 3-pin male"
1672,E70,CAD Audio,Mikrofon Kondenser,,🔧,0,Phantom 48V|Audio,XLR 3-pin male|Audio,Multipattern. 20-20000 Hz; 200 ohm; -36 dBV/Pa; phantom 48V.,"Phantom 48V, XLR 3-pin male"
1673,GXL,CAD Audio,Mikrofon Kondenser,,🔧,0,Phantom 48V|Audio,XLR 3-pin male|Audio,Drum/instrument. 30-20000 Hz; 200 ohm; -38 dBV/Pa; phantom 48V.,"Phantom 48V, XLR 3-pin male"
1674,U37,CAD Audio,Mikrofon Kondenser,,🔧,0,Phantom 48V|Audio,USB Type-B|USB,USB studio. 20-18000 Hz; -45 dBV/Pa; cardioid/omni/figure-8.,"Phantom 48V, USB Type-B"
1675,U47,CAD Audio,Mikrofon Kondenser,,🔧,0,Phantom 48V|Audio,XLR 3-pin male|Audio,Vocal condenser. 20-20000 Hz; 200 ohm; -37 dBV/Pa; phantom 48V.,"Phantom 48V, XLR 3-pin male"
1676,C-1,Behringer,Mikrofon Kondenser,,🔧,0,Phantom 48V|Audio,XLR 3-pin male|Audio,Studio vocal. 40-20000 Hz; 100 ohm; -38 dBV/Pa; phantom 48V.,"Phantom 48V, XLR 3-pin male"
1677,C-1U,Behringer,Mikrofon Kondenser,,🔧,0,Phantom 48V|Audio,USB Type-B|USB,USB studio. 40-20000 Hz; -45 dBV/Pa; cardioid; plug-and-play.,"Phantom 48V, USB Type-B"
1678,C-2,Behringer,Mikrofon Kondenser,,🔧,0,Phantom 48V|Audio,XLR 3-pin male|Audio,Matched pair instrument. 40-20000 Hz; 75 ohm; -38 dBV/Pa; phantom 48V.,"Phantom 48V, XLR 3-pin male"
1679,C-3,Behringer,Mikrofon Kondenser,,🔧,0,Phantom 48V|Audio,XLR 3-pin male|Audio,Multipattern. 40-20000 Hz; 75 ohm; -38 dBV/Pa; phantom 48V.,"Phantom 48V, XLR 3-pin male"
1680,B-1,Behringer,Mikrofon Kondenser,,🔧,0,Phantom 48V|Audio,XLR 3-pin male|Audio,Large-diaphragm vocal. 20-20000 Hz; 50 ohm; -38 dBV/Pa; phantom 48V.,"Phantom 48V, XLR 3-pin male"
1681,B-2 PRO,Behringer,Mikrofon Kondenser,,🔧,0,Phantom 48V|Audio,XLR 3-pin male|Audio,Multipattern tube-style. 20-20000 Hz; 50 ohm; -38 dBV/Pa; phantom 48V.,"Phantom 48V, XLR 3-pin male"
1682,B-5,Behringer,Mikrofon Kondenser,,🔧,0,Phantom 48V|Audio,XLR 3-pin male|Audio,Switchable capsule. 20-20000 Hz; 50 ohm; -38 dBV/Pa; phantom 48V.,"Phantom 48V, XLR 3-pin male"
1683,C-4,Behringer,Mikrofon Kondenser,,🔧,0,Phantom 48V|Audio,XLR 3-pin male|Audio,Matched pair studio. 40-20000 Hz; 75 ohm; -38 dBV/Pa; phantom 48V.,"Phantom 48V, XLR 3-pin male"
1684,C01,Samson,Mikrofon Kondenser,,🔧,0,Phantom 48V|Audio,XLR 3-pin male|Audio,Vokal & instrumen studio. 40-18000 Hz; 100 ohm; -33 dBV/Pa; phantom 48V.,"Phantom 48V, XLR 3-pin male"
1685,C01U,Samson,Mikrofon Kondenser,,🔧,0,Phantom 48V|Audio,USB|USB,Vokal & podcasting USB. 20-20000 Hz; 16-bit/48kHz; -35 dBV/Pa.,"Phantom 48V, USB"
1686,C01U Pro,Samson,Mikrofon Kondenser,,🔧,0,Phantom 48V|Audio,USB|USB,Vokal & podcasting USB. 20-20000 Hz; 24-bit/96kHz; -35 dBV/Pa.,"Phantom 48V, USB"
1687,C03,Samson,Mikrofon Kondenser,,🔧,0,Phantom 48V|Audio,XLR 3-pin male|Audio,"Vokal & instrumen studio, multi-pattern. 40-18000 Hz; -33 dBV/Pa; phantom 48V.","Phantom 48V, XLR 3-pin male"
1688,C03U,Samson,Mikrofon Kondenser,,🔧,0,Phantom 48V|Audio,USB|USB,"Vokal & podcasting USB, multi-pattern. 20-20000 Hz; 16-bit/48kHz.","Phantom 48V, USB"
1689,C02,Samson,Mikrofon Kondenser,,🔧,0,Phantom 48V|Audio,XLR 3-pin male|Audio,Pencil condenser (pair) untuk overhead/akustik. 40-20000 Hz; phantom 48V.,"Phantom 48V, XLR 3-pin male"
1690,G-Track Pro,Samson,Mikrofon Kondenser,,🔧,0,Phantom 48V|Audio,USB|USB,Vokal & instrument USB dengan input instrumen. 20-20000 Hz; 24-bit/96kHz.,"Phantom 48V, USB"
1691,G-Track,Samson,Mikrofon Kondenser,,🔧,0,Phantom 48V|Audio,USB|USB,Vokal & instrument USB. 20-20000 Hz; 16-bit/44.1kHz.,"Phantom 48V, USB"
1692,Meteor Mic,Samson,Mikrofon Kondenser,,🔧,0,Phantom 48V|Audio,USB|USB,Vokal & podcasting USB portable. 20-20000 Hz; 16-bit/44.1kHz.,"Phantom 48V, USB"
1693,Meteorite,Samson,Mikrofon Kondenser,,🔧,0,Phantom 48V|Audio,USB|USB,Vokal & chat USB compact. 20-20000 Hz.,"Phantom 48V, USB"
1694,SAMTRACK,Samson,Mikrofon Kondenser,,🔧,0,Phantom 48V|Audio,USB|USB,Vokal & podcasting USB. 20-20000 Hz; cardioid.,"Phantom 48V, USB"
1695,ZPC-1,Zoom,Mikrofon Kondenser,,🔧,0,Phantom 48V|Audio,XLR 3-pin male (pair)|Audio,Stereo condenser pair untuk field recording. 20-20000 Hz; 20 ohm; -42 dBV/Pa; phantom 48V.,"Phantom 48V, XLR 3-pin male (pair)"
1696,iQ6,Zoom,Mikrofon Kondenser,,🔧,0,Phantom 48V|Audio,Lightning|Other,Stereo XY condenser untuk iOS. 44.1/48 kHz.,"Phantom 48V, Lightning"
1697,iQ7,Zoom,Mikrofon Kondenser,,🔧,0,Phantom 48V|Audio,Lightning|Other,Mid-side stereo condenser untuk iOS. 44.1/48 kHz.,"Phantom 48V, Lightning"
1698,H2n,Zoom,Mikrofon Kondenser,,🔧,0,Phantom 48V|Audio,Built-in|Other,Recorder dengan built-in MS stereo condenser. 20-20000 Hz.,"Phantom 48V, Built-in"
1699,H4n,Zoom,Mikrofon Kondenser,,🔧,0,Phantom 48V|Audio,Built-in|Other,Recorder dengan built-in XY stereo condenser. 20-20000 Hz.,"Phantom 48V, Built-in"
1700,H5,Zoom,Mikrofon Kondenser,,🔧,0,Phantom 48V|Audio,Built-in + XLR capsule|Audio,"Recorder modular, kapsul XY condenser + SGH-6 shotgun. 20-20000 Hz.","Phantom 48V, Built-in + XLR capsule"
1701,H6,Zoom,Mikrofon Kondenser,,🔧,0,Phantom 48V|Audio,Built-in + XLR capsule|Audio,"Recorder modular, kapsul XY condenser + SGH-6 shotgun. 20-20000 Hz.","Phantom 48V, Built-in + XLR capsule"
1702,H8,Zoom,Mikrofon Kondenser,,🔧,0,Phantom 48V|Audio,Built-in + XLR capsule|Audio,"Recorder modular 8-track, kapsul XY condenser. 20-20000 Hz.","Phantom 48V, Built-in + XLR capsule"
1703,SGH-6,Zoom,Mikrofon Kondenser,,🔧,0,Phantom 48V|Audio,XLR (via capsule)|Audio,Shotgun condenser capsule untuk H5/H6. 20-20000 Hz; superkardioid.,"Phantom 48V, XLR (via capsule)"
1704,EM-91C,Mackie,Mikrofon Kondenser,,🔧,0,Phantom 48V|Audio,XLR 3-pin male|Audio,Vokal & instrumen studio large-diaphragm. 20-20000 Hz; 100 ohm; -38 dBV/Pa; phantom 48V.,"Phantom 48V, XLR 3-pin male"
1705,EM-93M,Mackie,Mikrofon Kondenser,,🔧,0,Phantom 48V|Audio,USB|USB,Mini condenser untuk mobile/desktop. 20-20000 Hz.,"Phantom 48V, USB"
1706,EM-USB,Mackie,Mikrofon Kondenser,,🔧,0,Phantom 48V|Audio,USB|USB,Vokal & podcasting USB condenser. 20-20000 Hz.,"Phantom 48V, USB"
1707,M7,PreSonus,Mikrofon Kondenser,,🔧,0,Phantom 48V|Audio,XLR 3-pin male|Audio,Vokal & instrumen studio large-diaphragm. 40-18000 Hz; 200 ohm; -39 dBV/Pa; phantom 48V.,"Phantom 48V, XLR 3-pin male"
1708,PM-2,PreSonus,Mikrofon Kondenser,,🔧,0,Phantom 48V|Audio,XLR 3-pin male (pair)|Audio,Matched pair small-diaphragm untuk overhead/room. 20-20000 Hz; 150 ohm; phantom 48V.,"Phantom 48V, XLR 3-pin male (pair)"
1709,Revelator,PreSonus,Mikrofon Kondenser,,🔧,0,Phantom 48V|Audio,USB-C|USB,Vokal & streaming USB condenser. 20-20000 Hz; 24-bit/96kHz.,"Phantom 48V, USB-C"
1710,QuadCast,HyperX,Mikrofon Kondenser,,🔧,0,Phantom 48V|Audio,USB|USB,Gaming & streaming USB condenser. 20-20000 Hz; -36 dBV/Pa.,"Phantom 48V, USB"
1711,QuadCast S,HyperX,Mikrofon Kondenser,,🔧,0,Phantom 48V|Audio,USB|USB,Gaming & streaming USB condenser RGB. 20-20000 Hz.,"Phantom 48V, USB"
1712,QuadCast 2,HyperX,Mikrofon Kondenser,,🔧,0,Phantom 48V|Audio,USB-C|USB,Gaming & streaming USB condenser. 20-20000 Hz.,"Phantom 48V, USB-C"
1713,SoloCast,HyperX,Mikrofon Kondenser,,🔧,0,Phantom 48V|Audio,USB|USB,Streaming USB condenser compact. 20-20000 Hz.,"Phantom 48V, USB"
1714,DuoCast,HyperX,Mikrofon Kondenser,,🔧,0,Phantom 48V|Audio,USB|USB,Streaming USB condenser switchable. 20-20000 Hz.,"Phantom 48V, USB"
1715,K669,Fifine,Mikrofon Kondenser,,🔧,0,Phantom 48V|Audio,USB|USB,Vokal & streaming USB condenser. 20-20000 Hz.,"Phantom 48V, USB"
1716,K670,Fifine,Mikrofon Kondenser,,🔧,0,Phantom 48V|Audio,USB|USB,Vokal & streaming USB condenser. 20-20000 Hz.,"Phantom 48V, USB"
1717,K780,Fifine,Mikrofon Kondenser,,🔧,0,Phantom 48V|Audio,USB|USB,Vokal & streaming USB condenser. 20-20000 Hz.,"Phantom 48V, USB"
1718,K800,Fifine,Mikrofon Kondenser,,🔧,0,Phantom 48V|Audio,USB|USB,Vokal & streaming USB condenser. 20-20000 Hz.,"Phantom 48V, USB"
1719,K053,Fifine,Mikrofon Kondenser,,🔧,0,Phantom 48V|Audio,USB|USB,Vokal & streaming USB condenser. 20-20000 Hz.,"Phantom 48V, USB"
1720,T669,Fifine,Mikrofon Kondenser,,🔧,0,Phantom 48V|Audio,USB|USB,Vokal & streaming USB condenser + arm. 20-20000 Hz.,"Phantom 48V, USB"
1721,A6T,Fifine,Mikrofon Kondenser,,🔧,0,Phantom 48V|Audio,USB|USB,Gaming USB condenser (AmpliGame). 20-20000 Hz.,"Phantom 48V, USB"
1722,AU-PM325,Maono,Mikrofon Kondenser,,🔧,0,Phantom 48V|Audio,USB|USB,Vokal & streaming USB condenser. 20-20000 Hz.,"Phantom 48V, USB"
1723,AU-PM422,Maono,Mikrofon Kondenser,,🔧,0,Phantom 48V|Audio,USB / XLR 3-pin male|Audio,Vokal USB/XLR condenser. 30-20000 Hz.,"Phantom 48V, USB / XLR 3-pin male"
1724,AU-PM461,Maono,Mikrofon Kondenser,,🔧,0,Phantom 48V|Audio,USB|USB,Vokal & streaming USB condenser. 20-20000 Hz.,"Phantom 48V, USB"
1725,AU-PM500,Maono,Mikrofon Kondenser,,🔧,0,Phantom 48V|Audio,XLR 3-pin male|Audio,Studio XLR large-diaphragm condenser. 20-20000 Hz; 100 ohm; phantom 48V.,"Phantom 48V, XLR 3-pin male"
1726,AU-PM700,Maono,Mikrofon Kondenser,,🔧,0,Phantom 48V|Audio,USB / XLR 3-pin male|Audio,Studio USB/XLR condenser. 20-20000 Hz.,"Phantom 48V, USB / XLR 3-pin male"
1727,AU-A04,Maono,Mikrofon Kondenser,,🔧,0,Phantom 48V|Audio,USB|USB,Vokal & streaming USB condenser. 20-20000 Hz.,"Phantom 48V, USB"
1728,AU-902,Maono,Mikrofon Kondenser,,🔧,0,Phantom 48V|Audio,USB|USB,Vokal & streaming USB condenser. 20-20000 Hz.,"Phantom 48V, USB"
1729,Seiren X,Razer,Mikrofon Kondenser,,🔧,0,Phantom 48V|Audio,USB|USB,Gaming/streaming USB. 20-20000 Hz; superkardioid; 25 mV/Pa; 16-bit/48 kHz; plug-and-play.,"Phantom 48V, USB"
1730,Seiren Mini,Razer,Mikrofon Kondenser,,🔧,0,Phantom 48V|Audio,USB|USB,Ultrakompak USB. 20-20000 Hz; kardioid; 14 mV/Pa; 16-bit/48 kHz.,"Phantom 48V, USB"
1731,Seiren V2 Pro,Razer,Mikrofon Kondenser,,🔧,0,Phantom 48V|Audio,USB|USB,Streaming USB. 20-20000 Hz; kardioid; high-pass filter & analog gain; 24-bit/96 kHz.,"Phantom 48V, USB"
1732,Seiren V2 X,Razer,Mikrofon Kondenser,,🔧,0,Phantom 48V|Audio,USB|USB,Streaming USB. 20-20000 Hz; kardioid; 24-bit/96 kHz.,"Phantom 48V, USB"
1733,Seiren Elite,Razer,Mikrofon Kondenser,,🔧,0,Phantom 48V|Audio,USB|USB,USB kardioid dengan shock mount terintegrasi. 20-20000 Hz; 16-bit/48 kHz.,"Phantom 48V, USB"
1734,Seiren Emote,Razer,Mikrofon Kondenser,,🔧,0,Phantom 48V|Audio,USB|USB,USB kardioid dengan layar Emote. 20-20000 Hz; 24-bit/96 kHz.,"Phantom 48V, USB"
1735,Seiren V3 Chroma,Razer,Mikrofon Kondenser,,🔧,0,Phantom 48V|Audio,USB-C|USB,USB-C kardioid dengan pencahayaan RGB. 20-20000 Hz; 24-bit/96 kHz.,"Phantom 48V, USB-C"
1736,Seiren V3 Mini,Razer,Mikrofon Kondenser,,🔧,0,Phantom 48V|Audio,USB-C|USB,USB-C ultrakompak kardioid. 20-20000 Hz; 24-bit/96 kHz.,"Phantom 48V, USB-C"
1737,Wave:3,Elgato,Mikrofon Kondenser,,🔧,0,Phantom 48V|Audio,USB-C|USB,USB-C kardioid condenser. 20-20000 Hz; 24-bit/96 kHz; Clipguard; balancer output digital.,"Phantom 48V, USB-C"
1738,Wave:1,Elgato,Mikrofon Kondenser,,🔧,0,Phantom 48V|Audio,USB-C|USB,USB-C kardioid condenser. 20-20000 Hz; 24-bit/96 kHz; Clipguard.,"Phantom 48V, USB-C"
1739,Wave Neo,Elgato,Mikrofon Kondenser,,🔧,0,Phantom 48V|Audio,USB-C|USB,USB-C kardioid condenser plug-and-play. 20-20000 Hz; 24-bit/96 kHz.,"Phantom 48V, USB-C"
1740,BY-M1,Boya,Mikrofon Kondenser,,🔧,0,Phantom 48V|Audio,3.5mm (TRS/TRRS)|Audio,Lavalier omnidirectional. 20-20000 Hz; plug-in power/baterai; kamera & smartphone.,"Phantom 48V, 3.5mm (TRS/TRRS)"
1741,BY-M1DM,Boya,Mikrofon Kondenser,,🔧,0,Phantom 48V|Audio,3.5mm (TRS/TRRS)|Audio,Dual lavalier omnidirectional. 20-20000 Hz; dua mic; plug-in power.,"Phantom 48V, 3.5mm (TRS/TRRS)"
1742,BY-MM1,Boya,Mikrofon Kondenser,,🔧,0,Phantom 48V|Audio,3.5mm|Audio,Shotgun kardioid. 35-20000 Hz; +48V/plug-in power; kamera.,"Phantom 48V, 3.5mm"
1743,BY-PM700,Boya,Mikrofon Kondenser,,🔧,0,Phantom 48V|Audio,USB|USB,Desktop USB kardioid. 20-20000 Hz; 16-bit/48 kHz; mute & gain.,"Phantom 48V, USB"
1744,BY-PM500,Boya,Mikrofon Kondenser,,🔧,0,Phantom 48V|Audio,USB|USB,Desktop USB kardioid. 20-20000 Hz; 16-bit/48 kHz.,"Phantom 48V, USB"
1745,BY-WM4,Boya,Mikrofon Kondenser,,🔧,0,Phantom 48V|Audio,Wireless 2.4G|Wireless,Wireless 2.4G lavalier. 35-14000 Hz; plug-and-play; kamera/smartphone.,"Phantom 48V, Wireless 2.4G"
1746,BY-WM3,Boya,Mikrofon Kondenser,,🔧,0,Phantom 48V|Audio,Wireless dongle (USB-C/Lightning)|Wireless,Wireless 2.4G lavalier (TX/RX + dongle). 20-16000 Hz; USB-C/Lightning.,"Phantom 48V, Wireless dongle (USB-C/Lightning)"
1747,BY-WM8,Boya,Mikrofon Kondenser,,🔧,0,Phantom 48V|Audio,Wireless UHF|Wireless,Wireless UHF lavalier. 40-18000 Hz; 2.4GHz/6xxMHz; jangkauan ~100 m.,"Phantom 48V, Wireless UHF"
1748,BY-WM6,Boya,Mikrofon Kondenser,,🔧,0,Phantom 48V|Audio,Wireless UHF|Wireless,Wireless UHF lavalier. 40-20000 Hz; jangkauan ~100 m.,"Phantom 48V, Wireless UHF"
1749,BY-M2,Boya,Mikrofon Kondenser,,🔧,0,Phantom 48V|Audio,3.5mm / USB-C|Audio,Lavalier untuk smartphone. 20-20000 Hz; USB-C/3.5mm.,"Phantom 48V, 3.5mm / USB-C"
1750,BY-V1,Boya,Mikrofon Kondenser,,🔧,0,Phantom 48V|Audio,Wireless 2.4G|Wireless,Wireless 2.4G condenser. 20-16000 Hz; TX/RX kit.,"Phantom 48V, Wireless 2.4G"
1751,BY-V10,Boya,Mikrofon Kondenser,,🔧,0,Phantom 48V|Audio,Wireless 2.4G|Wireless,Wireless 2.4G condenser. 20-16000 Hz; TX/RX kit.,"Phantom 48V, Wireless 2.4G"
1752,BY-PVM1000,Boya,Mikrofon Kondenser,,🔧,0,Phantom 48V|Audio,XLR / 3.5mm|Audio,Shotgun condenser. 40-20000 Hz; +48V/phantom; XLR & 3.5mm.,"Phantom 48V, XLR / 3.5mm"
1753,Blink 500,Saramonic,Mikrofon Kondenser,,🔧,0,Phantom 48V|Audio,Wireless 2.4G|Wireless,Wireless 2.4G lavalier. 20-16000 Hz; TX/RX; kamera/smartphone.,"Phantom 48V, Wireless 2.4G"
1754,Blink 900,Saramonic,Mikrofon Kondenser,,🔧,0,Phantom 48V|Audio,Wireless 2.4G|Wireless,Wireless 2.4G lavalier. 20-16000 Hz; enkripsi; jangkauan ~200 m.,"Phantom 48V, Wireless 2.4G"
1755,BlinkMe,Saramonic,Mikrofon Kondenser,,🔧,0,Phantom 48V|Audio,Wireless 2.4G|Wireless,Wireless 2.4G lavalier dengan layar. 20-16000 Hz; TX dengan display.,"Phantom 48V, Wireless 2.4G"
1756,Vmic,Saramonic,Mikrofon Kondenser,,🔧,0,Phantom 48V|Audio,3.5mm / XLR|Audio,Shotgun condenser. 38-20000 Hz; +48V/plug-in; kamera.,"Phantom 48V, 3.5mm / XLR"
1757,Vmic Mini,Saramonic,Mikrofon Kondenser,,🔧,0,Phantom 48V|Audio,3.5mm|Audio,Mini shotgun condenser. 75-20000 Hz; kamera.,"Phantom 48V, 3.5mm"
1758,SR-XM1,Saramonic,Mikrofon Kondenser,,🔧,0,Phantom 48V|Audio,3.5mm|Audio,Lavalier condenser. 20-20000 Hz; plug-in power.,"Phantom 48V, 3.5mm"
1759,UwMic9,Saramonic,Mikrofon Kondenser,,🔧,0,Phantom 48V|Audio,Wireless UHF|Wireless,Wireless UHF lavalier. 40-18000 Hz; sistem 96 channel.,"Phantom 48V, Wireless UHF"
1760,UwMic10,Saramonic,Mikrofon Kondenser,,🔧,0,Phantom 48V|Audio,Wireless UHF|Wireless,Wireless UHF handheld/lavalier. 40-20000 Hz; bodypack & handheld.,"Phantom 48V, Wireless UHF"
1761,UwMic15,Saramonic,Mikrofon Kondenser,,🔧,0,Phantom 48V|Audio,Wireless UHF|Wireless,Wireless UHF condenser. 40-20000 Hz; jangkauan ~100 m.,"Phantom 48V, Wireless UHF"
1762,SmartMic,Saramonic,Mikrofon Kondenser,,🔧,0,Phantom 48V|Audio,3.5mm / USB-C|Audio,Mobile lavalier condenser. 75-20000 Hz; smartphone.,"Phantom 48V, 3.5mm / USB-C"
1763,SR-WM4C,Saramonic,Mikrofon Kondenser,,🔧,0,Phantom 48V|Audio,Wireless UHF|Wireless,4-channel wireless UHF. 40-18000 Hz; 4 bodypack.,"Phantom 48V, Wireless UHF"
1764,Lark M1,Hollyland,Mikrofon Kondenser,,🔧,0,Phantom 48V|Audio,Wireless 2.4G dongle|Wireless,Wireless 2.4G lavalier. 20-20000 Hz; TX/RX; noise cancellation.,"Phantom 48V, Wireless 2.4G dongle"
1765,Lark 150,Hollyland,Mikrofon Kondenser,,🔧,0,Phantom 48V|Audio,Wireless 2.4G|Wireless,Wireless 2.4G lavalier. 20-20000 Hz; TX ganda; OLED.,"Phantom 48V, Wireless 2.4G"
1766,Lark Max,Hollyland,Mikrofon Kondenser,,🔧,0,Phantom 48V|Audio,Wireless 2.4G|Wireless,Wireless 2.4G lavalier dengan rekam internal. 20-20000 Hz; 8 GB; touchscreen.,"Phantom 48V, Wireless 2.4G"
1767,Lark C1,Hollyland,Mikrofon Kondenser,,🔧,0,Phantom 48V|Audio,Wireless dongle (USB-C/Lightning)|Wireless,Wireless 2.4G lavalier plug-and-play. 20-20000 Hz; USB-C/Lightning.,"Phantom 48V, Wireless dongle (USB-C/Lightning)"
1768,Lark 100,Hollyland,Mikrofon Kondenser,,🔧,0,Phantom 48V|Audio,Wireless 2.4G|Wireless,Wireless 2.4G lavalier. 20-20000 Hz; TX kompak.,"Phantom 48V, Wireless 2.4G"
1769,Lark Duo,Hollyland,Mikrofon Kondenser,,🔧,0,Phantom 48V|Audio,Wireless 2.4G|Wireless,Wireless 2.4G dual lavalier. 20-20000 Hz; 2 TX.,"Phantom 48V, Wireless 2.4G"
1770,Solidcom C1,Hollyland,Mikrofon Kondenser,,🔧,0,Phantom 48V|Audio,Wireless DECT 1.9GHz|Wireless,Wireless headset intercom (DECT). 150-7000 Hz; full-duplex.,"Phantom 48V, Wireless DECT 1.9GHz"
1771,Mars M1,Hollyland,Mikrofon Kondenser,,🔧,0,Phantom 48V|Audio,Wireless 2.4G|Wireless,Wireless 2.4G transmiter audio/video dengan mic input. 20-20000 Hz.,"Phantom 48V, Wireless 2.4G"
1772,Catatan,Carol,Mikrofon Kondenser,,🔧,0,Phantom 48V|Audio,-|Other,Tidak ditemukan merek mikrofon condenser 'Carol' yang terverifikasi dari sumber resmi/retailer terpercaya. Data tidak dapat dikonfirmasi.,"Phantom 48V, -"
1773,CX-501,JTS,Mikrofon Kondenser,,🔧,0,Phantom 48V|Audio,XLR 3-pin male|Audio,Wired condenser kardioid. 30-20000 Hz; +48V; 200 ohm.,"Phantom 48V, XLR 3-pin male"
1774,CX-502,JTS,Mikrofon Kondenser,,🔧,0,Phantom 48V|Audio,XLR 3-pin male|Audio,Wired condenser kardioid. 30-20000 Hz; +48V; 200 ohm.,"Phantom 48V, XLR 3-pin male"
1775,CX-508,JTS,Mikrofon Kondenser,,🔧,0,Phantom 48V|Audio,XLR 3-pin male|Audio,Boundary condenser. 50-18000 Hz; half-omni; +48V.,"Phantom 48V, XLR 3-pin male"
1776,CX-510,JTS,Mikrofon Kondenser,,🔧,0,Phantom 48V|Audio,XLR 3-pin male|Audio,Gooseneck condenser. 50-18000 Hz; +48V; podium.,"Phantom 48V, XLR 3-pin male"
1777,CX-515,JTS,Mikrofon Kondenser,,🔧,0,Phantom 48V|Audio,XLR 3-pin male|Audio,Wired condenser kardioid. 30-20000 Hz; +48V.,"Phantom 48V, XLR 3-pin male"
1778,GM-5212,JTS,Mikrofon Kondenser,,🔧,0,Phantom 48V|Audio,XLR 3-pin male|Audio,Gooseneck condenser. 50-17000 Hz; +48V; conference.,"Phantom 48V, XLR 3-pin male"
1779,GM-5216,JTS,Mikrofon Kondenser,,🔧,0,Phantom 48V|Audio,XLR 3-pin male|Audio,Gooseneck condenser. 50-17000 Hz; +48V; conference.,"Phantom 48V, XLR 3-pin male"
1780,CM-501,JTS,Mikrofon Kondenser,,🔧,0,Phantom 48V|Audio,XLR 3-pin male|Audio,Wired condenser kardioid. 30-20000 Hz; +48V.,"Phantom 48V, XLR 3-pin male"
1781,TMM-1,JTS,Mikrofon Kondenser,,🔧,0,Phantom 48V|Audio,XLR 3-pin male|Audio,Measurement condenser omni. 20-20000 Hz; +48V; kalibrasi.,"Phantom 48V, XLR 3-pin male"
1782,TMS-901,JTS,Mikrofon Kondenser,,🔧,0,Phantom 48V|Audio,Wireless UHF|Wireless,Wireless handheld condenser. 50-18000 Hz; UHF; kapsul condenser.,"Phantom 48V, Wireless UHF"
1783,TMS-801,JTS,Mikrofon Kondenser,,🔧,0,Phantom 48V|Audio,Wireless UHF|Wireless,Wireless handheld condenser. 50-18000 Hz; UHF.,"Phantom 48V, Wireless UHF"
1784,PRO-5,JTS,Mikrofon Kondenser,,🔧,0,Phantom 48V|Audio,Wireless UHF|Wireless,Wireless handheld condenser. 50-18000 Hz; UHF.,"Phantom 48V, Wireless UHF"
1785,ACT-800H,MIPRO,Mikrofon Kondenser,,🔧,0,Phantom 48V|Audio,Wireless UHF|Wireless,"Wireless handheld dengan kapsul condenser emas 1"". 50-20000 Hz; UHF; +48V kapsul.","Phantom 48V, Wireless UHF"
1786,ACT-700H,MIPRO,Mikrofon Kondenser,,🔧,0,Phantom 48V|Audio,Wireless UHF|Wireless,"Wireless handheld condenser. 50-20000 Hz; UHF; kapsul 1"" emas.","Phantom 48V, Wireless UHF"
1787,ACT-5800H,MIPRO,Mikrofon Kondenser,,🔧,0,Phantom 48V|Audio,Wireless UHF|Wireless,Wireless handheld condenser. 50-20000 Hz; UHF; kapsul emas.,"Phantom 48V, Wireless UHF"
1788,ACT-80H,MIPRO,Mikrofon Kondenser,,🔧,0,Phantom 48V|Audio,Wireless UHF|Wireless,Wireless handheld condenser. 50-20000 Hz; UHF; kapsul emas.,"Phantom 48V, Wireless UHF"
1789,ACT-515,MIPRO,Mikrofon Kondenser,,🔧,0,Phantom 48V|Audio,Wireless UHF|Wireless,Wireless handheld condenser. 50-18000 Hz; UHF.,"Phantom 48V, Wireless UHF"
1790,ACT-525,MIPRO,Mikrofon Kondenser,,🔧,0,Phantom 48V|Audio,Wireless UHF|Wireless,Wireless handheld condenser. 50-18000 Hz; UHF.,"Phantom 48V, Wireless UHF"
1791,ACT-312,MIPRO,Mikrofon Kondenser,,🔧,0,Phantom 48V|Audio,Wireless UHF|Wireless,Wireless handheld condenser. 50-18000 Hz; UHF.,"Phantom 48V, Wireless UHF"
1792,ACT-242,MIPRO,Mikrofon Kondenser,,🔧,0,Phantom 48V|Audio,Wireless UHF|Wireless,Wireless handheld condenser. 50-18000 Hz; UHF.,"Phantom 48V, Wireless UHF"
1793,ACT-32H,MIPRO,Mikrofon Kondenser,,🔧,0,Phantom 48V|Audio,Wireless UHF|Wireless,Wireless handheld condenser. 50-18000 Hz; UHF.,"Phantom 48V, Wireless UHF"
1794,ACT-747,MIPRO,Mikrofon Kondenser,,🔧,0,Phantom 48V|Audio,Wireless UHF|Wireless,Wireless handheld condenser. 50-18000 Hz; UHF.,"Phantom 48V, Wireless UHF"
1795,PVM-480,Peavey,Mikrofon Kondenser,,🔧,0,Phantom 48V|Audio,XLR 3-pin male|Audio,Studio condenser kardioid. 20-20000 Hz; +48V; 150 ohm; 22 mV/Pa; max SPL 140 dB.,"Phantom 48V, XLR 3-pin male"
1796,PVM-480S,Peavey,Mikrofon Kondenser,,🔧,0,Phantom 48V|Audio,XLR 3-pin male|Audio,Studio condenser kardioid. 20-20000 Hz; +48V; 150 ohm.,"Phantom 48V, XLR 3-pin male"
1797,Studio Pro 3,Peavey,Mikrofon Kondenser,,🔧,0,Phantom 48V|Audio,USB|USB,USB condenser kardioid. 20-20000 Hz; 16-bit/48 kHz; plug-and-play.,"Phantom 48V, USB"
1798,Studio Pro 4,Peavey,Mikrofon Kondenser,,🔧,0,Phantom 48V|Audio,USB|USB,USB condenser kardioid. 20-20000 Hz; 16-bit/48 kHz.,"Phantom 48V, USB"
1799,Studio Pro 6,Peavey,Mikrofon Kondenser,,🔧,0,Phantom 48V|Audio,USB|USB,USB condenser kardioid. 20-20000 Hz; 16-bit/48 kHz.,"Phantom 48V, USB"
1800,PVi 4,Peavey,Mikrofon Kondenser,,🔧,0,Phantom 48V|Audio,XLR 3-pin male|Audio,Condenser kardioid. 20-20000 Hz; +48V; live/studio.,"Phantom 48V, XLR 3-pin male"
1801,PVM-22,Peavey,Mikrofon Kondenser,,🔧,0,Phantom 48V|Audio,XLR 3-pin male|Audio,Condenser kardioid. 20-20000 Hz; +48V.,"Phantom 48V, XLR 3-pin male"
1802,PVM-45,Peavey,Mikrofon Kondenser,,🔧,0,Phantom 48V|Audio,XLR 3-pin male|Audio,Boundary condenser. 50-18000 Hz; half-omni; +48V.,"Phantom 48V, XLR 3-pin male"
1803,YCM-10,Yamaha,Mikrofon Kondenser,,🔧,0,Phantom 48V|Audio,USB|USB,USB condenser kardioid. 20-20000 Hz; 24-bit/192 kHz; gain & mute.,"Phantom 48V, USB"
1804,YCM-10U,Yamaha,Mikrofon Kondenser,,🔧,0,Phantom 48V|Audio,USB|USB,USB condenser kardioid. 20-20000 Hz; 24-bit/192 kHz.,"Phantom 48V, USB"
1805,YCM-10M,Yamaha,Mikrofon Kondenser,,🔧,0,Phantom 48V|Audio,USB|USB,USB condenser kardioid. 20-20000 Hz; 24-bit/192 kHz.,"Phantom 48V, USB"
1806,RM-Pro,Yamaha,Mikrofon Kondenser,,🔧,0,Phantom 48V|Audio,XLR 3-pin male|Audio,Studio condenser kardioid. 20-20000 Hz; +48V; XLR.,"Phantom 48V, XLR 3-pin male"
1807,RM-TT,Yamaha,Mikrofon Kondenser,,🔧,0,Phantom 48V|Audio,USB|USB,Tabletop conference condenser. 20-20000 Hz; noise reduction; USB.,"Phantom 48V, USB"
1808,RM-CR,Yamaha,Mikrofon Kondenser,,🔧,0,Phantom 48V|Audio,USB / PoE|LAN,Conferencing array condenser. 20-20000 Hz; beamforming; PoE/USB.,"Phantom 48V, USB / PoE"
1809,RM-200,Yamaha,Mikrofon Kondenser,,🔧,0,Phantom 48V|Audio,Dante (network)|LAN,Ceiling array condenser. 20-20000 Hz; Dante; beamforming.,"Phantom 48V, Dante (network)"
1810,Catatan,JBL,Mikrofon Kondenser,,🔧,0,Phantom 48V|Audio,-|Other,"JBL tidak memiliki lini mikrofon condenser sebagai produk inti (fokus speaker/headphone). Tidak ditemukan model condenser mic JBL yang terverifikasi; 2452H dkk adalah compression driver, bukan mic condenser.","Phantom 48V, -"
1811,Core i9-14900K,Intel,CPU,,🔧,1,LGA1700|Other,,"24-core (8P+16E), 6.0GHz, LGA1700, 125W",LGA1700
1812,Core i7-14700K,Intel,CPU,,🔧,1,LGA1700|Other,,"20-core, 5.6GHz, LGA1700, 125W",LGA1700
1813,Core i5-14600K,Intel,CPU,,🔧,1,LGA1700|Other,,"14-core, 5.3GHz, LGA1700, 125W",LGA1700
1814,Core i9-13900K,Intel,CPU,,🔧,1,LGA1700|Other,,"24-core, 5.8GHz, LGA1700, 125W",LGA1700
1815,Core i5-13400F,Intel,CPU,,🔧,1,LGA1700|Other,,"10-core, 4.6GHz, LGA1700, 65W",LGA1700
1816,Ryzen 9 7950X,AMD,CPU,,🔧,1,AM5|Other,,"16-core, 5.7GHz, AM5, 170W",AM5
1817,Ryzen 9 7900X,AMD,CPU,,🔧,1,AM5|Other,,"12-core, 5.6GHz, AM5, 170W",AM5
1818,Ryzen 7 7800X3D,AMD,CPU,,🔧,1,AM5|Other,,"8-core, 5.0GHz, AM5, 120W (gaming)",AM5
1819,Ryzen 7 7700X,AMD,CPU,,🔧,1,AM5|Other,,"8-core, 5.4GHz, AM5, 105W",AM5
1820,Ryzen 5 7600X,AMD,CPU,,🔧,1,AM5|Other,,"6-core, 5.3GHz, AM5, 105W",AM5
1821,Ryzen Threadripper 7970X,AMD,CPU,,🔧,1,sTR5|Other,,"32-core, sTR5, 350W",sTR5
1822,GeForce RTX 4090,NVIDIA,GPU,,🔧,1,PCIe 4.0|Other,"HDMI, DisplayPort|HDMI","24GB GDDR6X, HDMI 2.1, 3x DP 1.4a, 450W","PCIe 4.0, HDMI, DisplayPort"
1823,GeForce RTX 4080 Super,NVIDIA,GPU,,🔧,1,PCIe 4.0|Other,"HDMI, DisplayPort|HDMI","16GB GDDR6X, 320W","PCIe 4.0, HDMI, DisplayPort"
1824,GeForce RTX 4070 Ti,NVIDIA,GPU,,🔧,1,PCIe 4.0|Other,"HDMI, DisplayPort|HDMI","12GB GDDR6X, 285W","PCIe 4.0, HDMI, DisplayPort"
1825,GeForce RTX 4060,NVIDIA,GPU,,🔧,1,PCIe 4.0|Other,"HDMI, DisplayPort|HDMI","8GB GDDR6, 115W","PCIe 4.0, HDMI, DisplayPort"
1826,NVIDIA RTX A4000,NVIDIA,GPU,,🔧,1,PCIe 4.0|Other,4x DisplayPort|HDMI,"16GB GDDR6, workstation, 140W","PCIe 4.0, 4x DisplayPort"
1827,NVIDIA Quadro RTX 4000,NVIDIA,GPU,,🔧,1,PCIe 3.0|Other,"3x DisplayPort, 1x USB-C|HDMI","8GB GDDR6, 125W","PCIe 3.0, 3x DisplayPort, 1x USB-C"
1828,Radeon RX 7900 XTX,AMD,GPU,,🔧,1,PCIe 4.0|Other,"HDMI, 2x DisplayPort, USB-C|HDMI","24GB GDDR6, 355W","PCIe 4.0, HDMI, 2x DisplayPort, USB-C"
1829,Radeon RX 7800 XT,AMD,GPU,,🔧,1,PCIe 4.0|Other,"HDMI, 2x DisplayPort|HDMI","16GB GDDR6, 263W","PCIe 4.0, HDMI, 2x DisplayPort"
1830,Radeon RX 7600,AMD,GPU,,🔧,1,PCIe 4.0|Other,"HDMI, DisplayPort|HDMI","8GB GDDR6, 165W","PCIe 4.0, HDMI, DisplayPort"
1831,ROG Strix GeForce RTX 4090 OC,ASUS,GPU,,🔧,1,PCIe 4.0|Other,"HDMI, DisplayPort|HDMI","24GB, factory OC, triple-fan","PCIe 4.0, HDMI, DisplayPort"
1832,Suprim X RTX 4090,MSI,GPU,,🔧,1,PCIe 4.0|Other,"HDMI, DisplayPort|HDMI","24GB, factory OC","PCIe 4.0, HDMI, DisplayPort"
1833,Gaming X Trio RTX 4070,MSI,GPU,,🔧,1,PCIe 4.0|Other,"HDMI, DisplayPort|HDMI",12GB,"PCIe 4.0, HDMI, DisplayPort"
1834,AORUS RTX 4090 Master,Gigabyte,GPU,,🔧,1,PCIe 4.0|Other,"HDMI, DisplayPort|HDMI","24GB, LCD edge","PCIe 4.0, HDMI, DisplayPort"
1835,ROG Maximus Z790 Hero,ASUS,Motherboard,,🔧,1,LGA1700|Other,"DDR5, PCIe, SATA, USB, LAN, HDMI|HDMI","LGA1700, DDR5, PCIe 5.0, WiFi 7","LGA1700, DDR5, PCIe, SATA, USB, LAN, HDMI"
1836,TUF Gaming B650-Plus,ASUS,Motherboard,,🔧,1,AM5|Other,"DDR5, PCIe, SATA, USB, LAN|LAN","AM5, DDR5, WiFi","AM5, DDR5, PCIe, SATA, USB, LAN"
1837,ProArt X670E-Creator,ASUS,Motherboard,,🔧,1,AM5|Other,"DDR5, PCIe, 10G LAN, USB4|LAN","AM5, creator, 10G LAN","AM5, DDR5, PCIe, 10G LAN, USB4"
1838,MEG Z790 Godlike,MSI,Motherboard,,🔧,1,LGA1700|Other,"DDR5, PCIe, 10G LAN, USB|LAN","LGA1700, E-ATX, DDR5","LGA1700, DDR5, PCIe, 10G LAN, USB"
1839,MAG B650 Tomahawk,MSI,Motherboard,,🔧,1,AM5|Other,"DDR5, PCIe, SATA, LAN|LAN","AM5, DDR5, WiFi 6E","AM5, DDR5, PCIe, SATA, LAN"
1840,Z790 AORUS Master,Gigabyte,Motherboard,,🔧,1,LGA1700|Other,"DDR5, PCIe, 2.5G LAN, USB|LAN","LGA1700, DDR5, PCIe 5.0","LGA1700, DDR5, PCIe, 2.5G LAN, USB"
1841,X670E AORUS Master,Gigabyte,Motherboard,,🔧,1,AM5|Other,"DDR5, PCIe, 10G LAN|LAN","AM5, DDR5","AM5, DDR5, PCIe, 10G LAN"
1842,Z790 Taichi,ASRock,Motherboard,,🔧,1,LGA1700|Other,"DDR5, PCIe, LAN, USB|LAN","LGA1700, DDR5, PCIe 5.0","LGA1700, DDR5, PCIe, LAN, USB"
1843,Vengeance DDR5 32GB 6000MHz,Corsair,RAM,,🔧,0,DDR5|Other,,"2x16GB, CL36",DDR5
1844,Dominator Titanium 64GB 6600MHz,Corsair,RAM,,🔧,0,DDR5|Other,,"2x32GB, RGB",DDR5
1845,Trident Z5 RGB 32GB 6400MHz,G.Skill,RAM,,🔧,0,DDR5|Other,,"2x16GB, DDR5",DDR5
1846,Flare X5 32GB 6000MHz,G.Skill,RAM,,🔧,0,DDR5|Other,,"2x16GB, AMD EXPO",DDR5
1847,Fury Beast DDR5 32GB 5600MHz,Kingston,RAM,,🔧,0,DDR5|Other,,2x16GB,DDR5
1848,Pro DDR5 32GB 5600MHz,Crucial,RAM,,🔧,0,DDR5|Other,,2x16GB,DDR5
1849,990 Pro 2TB NVMe,Samsung,Storage,,🔧,0,M.2 NVMe|Other,,"PCIe 4.0, 7450MB/s",M.2 NVMe
1850,870 EVO 1TB SATA,Samsung,Storage,,🔧,0,SATA|Other,,"SATA III, 560MB/s",SATA
1851,WD Black SN850X 2TB,Western Digital,Storage,,🔧,0,M.2 NVMe|Other,,PCIe 4.0 NVMe,M.2 NVMe
1852,WD Blue 2TB SATA,Western Digital,Storage,,🔧,0,SATA|Other,,SATA III,SATA
1853,T700 2TB Gen5,Crucial,Storage,,🔧,0,M.2 NVMe|Other,,"PCIe 5.0, 12400MB/s",M.2 NVMe
1854,BarraCuda 4TB HDD,Seagate,Storage,,🔧,0,SATA|Other,,"SATA, 5400rpm",SATA
1855,RM1000x 1000W,Corsair,PSU,,🔧,0,,"ATX 24-pin, EPS, PCIe, SATA|Power","80+ Gold, fully modular","ATX 24-pin, EPS, PCIe, SATA"
1856,HX1500i 1500W,Corsair,PSU,,🔧,0,,"ATX, EPS, PCIe, SATA|Power","80+ Platinum, iCUE","ATX, EPS, PCIe, SATA"
1857,PRIME TX-1000 1000W,Seasonic,PSU,,🔧,0,,"ATX, EPS, PCIe, SATA|Power",80+ Titanium,"ATX, EPS, PCIe, SATA"
1858,Dark Power 13 1000W,be quiet!,PSU,,🔧,0,,"ATX, EPS, PCIe, SATA|Power",80+ Titanium,"ATX, EPS, PCIe, SATA"
1859,O11 Dynamic EVO,Lian Li,Case,,🔧,0,,"USB-C, USB 3.0|USB","Mid-tower, tempered glass","USB-C, USB 3.0"
1860,Lancool III,Lian Li,Case,,🔧,0,,"USB-C, USB 3.0|USB","Full-tower, mesh","USB-C, USB 3.0"
1861,5000D Airflow,Corsair,Case,,🔧,0,,"USB-C, USB 3.0|USB","Mid-tower, high airflow","USB-C, USB 3.0"
1862,7000D Airflow,Corsair,Case,,🔧,0,,"USB-C, USB 3.0|USB",Full-tower,"USB-C, USB 3.0"
1863,H7 Flow,NZXT,Case,,🔧,0,,"USB 3.2, USB-C|USB","Mid-tower, airflow","USB 3.2, USB-C"
1864,H9 Flow,NZXT,Case,,🔧,0,,"USB 3.2, USB-C|USB",Dual-chamber,"USB 3.2, USB-C"
1865,Meshify 2,Fractal Design,Case,,🔧,0,,"USB-C, USB 3.0|USB","Mid/full, mesh","USB-C, USB 3.0"
1866,NH-D15 chromax.black,Noctua,Cooler,,🔧,0,,Fan PWM|Power,"Dual-tower air, 165mm",Fan PWM
1867,NH-U12S,Noctua,Cooler,,🔧,0,,Fan PWM|Power,Single-tower air,Fan PWM
1868,iCUE H150i Elite LCD,Corsair,Cooler,,🔧,0,,"USB, Fan PWM|USB",360mm AIO liquid,"USB, Fan PWM"
1869,iCUE H100i,Corsair,Cooler,,🔧,0,,"USB, Fan PWM|USB",240mm AIO liquid,"USB, Fan PWM"
1870,Kraken 360,NZXT,Cooler,,🔧,0,,"USB, Fan PWM|USB","360mm AIO, LCD","USB, Fan PWM"
1871,Kraken 240,NZXT,Cooler,,🔧,0,,Fan PWM|Power,240mm AIO,Fan PWM
1872,Liquid Freezer III 360,Arctic,Cooler,,🔧,0,,Fan PWM|Power,360mm AIO,Fan PWM
1873,Dark Rock Pro 4,be quiet!,Cooler,,🔧,0,,Fan PWM|Power,Dual-tower air,Fan PWM
1874,LS 600d Pro,Aputure,Studio Lighting,,🔧,0,AC|Power,,"600W COB LED, Bowens mount",AC
1875,Light Storm 300d II,Aputure,Studio Lighting,,🔧,0,AC|Power,,300W daylight LED,AC
1876,MC RGB Mini,Aputure,Studio Lighting,,🔧,0,USB-C|USB,,2.5W pocket RGB,USB-C
1877,SL-60W,Godox,Studio Lighting,,🔧,0,AC|Power,,60W LED video light,AC
1878,VL150,Godox,Studio Lighting,,🔧,0,AC|Power,,150W LED,AC
1879,Key Light Air,Elgato,Studio Lighting,,🔧,0,AC|Power,,"1400 lumens, app control",AC
1880,"Ring Light 12""",Elgato,Studio Lighting,,🔧,0,AC|Power,,LED ring,AC
1881,Collapsible Green Screen,Elgato,Green Screen,,🔧,0,,,"chromakey, pull-up",
1882,Pro Collapsible Chromakey,Fotodiox,Green Screen,,🔧,0,,,5x7ft green/blue,
1883,MVH502AH Fluid Head,Manfrotto,Tripod & Stand,,🔧,0,,,video fluid head,
1884,Aluminum Tripod 190,Manfrotto,Tripod & Stand,,🔧,0,,,photo/video tripod,
1885,Multi Mount,Elgato,Tripod & Stand,,🔧,0,,,desk mount arm,
1886,Prompter,Elgato,Teleprompter,,🔧,0,HDMI|HDMI,USB-C|USB,"10"" display, app-driven","HDMI, USB-C"
1887,"Studiofoam 2""",Auralex,Acoustic Treatment,,🔧,0,,,acoustic panel 2x2ft,
1888,HS8,Yamaha,Monitor Speaker,,🔧,0,XLR|Audio; TRS|Audio,,"8"" powered studio monitor, 120W","XLR, TRS"
1889,HS5,Yamaha,Monitor Speaker,,🔧,0,XLR|Audio; TRS|Audio,,"5"" powered monitor, 70W","XLR, TRS"
1890,Rokit 8 G4,KRK,Monitor Speaker,,🔧,0,XLR|Audio; TRS|Audio,,"8"" studio monitor","XLR, TRS"
1891,Scarlett 2i2 4th Gen,Focusrite,Audio Interface,,🔧,1,XLR|Audio; TRS|Audio; USB-C|USB,USB-C|USB; TRS|Audio,"2in/2out, 192kHz, USB-C","XLR, TRS, USB-C, USB-C, TRS"
1892,Scarlett 18i20,Focusrite,Audio Interface,,🔧,1,XLR|Audio; TRS|Audio; ADAT|Other,USB-C|USB,18in/20out,"XLR, TRS, ADAT, USB-C"
1893,Volt 276,Universal Audio,Audio Interface,,🔧,1,XLR|Audio; TRS|Audio; USB-C|USB,USB-C|USB,"2in/2out, Vintage preamp","XLR, TRS, USB-C, USB-C"
1894,U-Phoria UMC404HD,Behringer,Audio Interface,,🔧,1,XLR|Audio; TRS|Audio; USB|USB,USB|USB,4in/4out,"XLR, TRS, USB, USB"
1895,MG10XU,Yamaha,Mixer Audio,,🔧,1,XLR|Audio; TRS|Audio; USB|USB,XLR|Audio; TRS|Audio; USB|USB,"10-ch, USB, FX","XLR, TRS, USB, XLR, TRS, USB"
1896,TF1,Yamaha,Mixer Audio,,🔧,1,XLR|Audio; TRS|Audio,XLR|Audio; TRS|Audio,32-ch digital,"XLR, TRS, XLR, TRS"
1897,QU-16,Allen & Heath,Mixer Audio,,🔧,1,XLR|Audio; TRS|Audio; USB|USB,XLR|Audio; TRS|Audio; USB|USB,16-ch digital mixer,"XLR, TRS, USB, XLR, TRS, USB"
1898,X32,Behringer,Mixer Audio,,🔧,1,XLR|Audio; TRS|Audio; AES|Audio,XLR|Audio; TRS|Audio; AES|Audio; USB|USB,"32-ch digital, 40-bit DSP","XLR, TRS, AES, XLR, TRS, AES, USB"
1899,Cam Link 4K,Elgato,Capture Card,,🔧,1,HDMI|HDMI,USB 3.0|USB,HDMI->USB 4K60,"HDMI, USB 3.0"
1900,HD60 X,Elgato,Capture Card,,🔧,1,HDMI|HDMI,USB 3.0|USB,1080p60 capture,"HDMI, USB 3.0"
1901,4K60 Pro MK.2,Elgato,Capture Card,,🔧,1,HDMI|HDMI,PCIe|Other,internal PCIe capture,"HDMI, PCIe"
1902,DeckLink 4K Pro,Blackmagic,Capture Card,,🔧,1,SDI|SDI; HDMI|HDMI,SDI|SDI; HDMI|HDMI; PCIe|Other,PCIe capture/playback,"SDI, HDMI, SDI, HDMI, PCIe"
1903,ATEM Mini Pro,Blackmagic,Capture Card,,🔧,1,HDMI x4|HDMI; USB-C|USB,USB-C|USB; HDMI|HDMI,4-input HDMI switcher+stream,"HDMI x4, USB-C, USB-C, HDMI"
1904,ATEM Television Studio HD8,Blackmagic,Video Switcher,,🔧,1,SDI|SDI; HDMI|HDMI,SDI|SDI; HDMI|HDMI; Ethernet|LAN,8-input 3G-SDI/HDMI,"SDI, HDMI, SDI, HDMI, Ethernet"
1905,ATEM 1 M/E Constellation,Blackmagic,Video Switcher,,🔧,1,SDI|SDI; HDMI|HDMI,SDI|SDI; HDMI|HDMI,40-input 4K,"SDI, HDMI, SDI, HDMI"
1906,VR-4HD,Roland,Video Switcher,,🔧,1,HDMI x4|HDMI,HDMI|HDMI; USB|USB,4-channel AV mixer,"HDMI x4, HDMI, USB"
1907,30X SDI Gen2,PTZOptics,PTZ Camera,,🔧,0,SDI|SDI; HDMI|HDMI; LAN|LAN,SDI|SDI; HDMI|HDMI; LAN|LAN; USB|USB,"30x zoom, 3G-SDI/HDMI","SDI, HDMI, LAN, SDI, HDMI, LAN, USB"
1908,SRG-X120,Sony,PTZ Camera,,🔧,0,HDMI|HDMI; SDI|SDI; USB|USB; LAN|LAN,HDMI|HDMI; SDI|SDI; USB|USB; LAN|LAN,12x zoom PTZ,"HDMI, SDI, USB, LAN, HDMI, SDI, USB, LAN"
1909,Brio 4K,Logitech,Webcam,,🔧,0,USB-C|USB,USB-C|USB,4K UHD webcam,"USB-C, USB-C"
1910,StreamCam,Logitech,Webcam,,🔧,0,USB-C|USB,USB-C|USB,1080p60,"USB-C, USB-C"
1911,Facecam Pro,Elgato,Webcam,,🔧,0,USB-C|USB,USB-C|USB,4K60 webcam,"USB-C, USB-C"
1912,Stream Deck MK.2,Elgato,Stream Deck,,🔧,0,USB-C|USB,USB-C|USB,15 LCD keys,"USB-C, USB-C"
1913,Stream Deck XL,Elgato,Stream Deck,,🔧,0,USB-C|USB,USB-C|USB,32 keys,"USB-C, USB-C"
1914,H6essential,Zoom,Recorder,,🔧,0,XLR|Audio; TRS|Audio,SD|Other; USB|USB,6-track portable recorder,"XLR, TRS, SD, USB"
1915,F3,Zoom,Recorder,,🔧,0,XLR|Audio; TRS|Audio,SD|Other; USB|USB,32-bit float field recorder,"XLR, TRS, SD, USB"
1916,DR-40X,Tascam,Recorder,,🔧,0,XLR|Audio; TRS|Audio,SD|Other; USB|USB,4-track handheld,"XLR, TRS, SD, USB"
1917,UltraFine 27UN880,LG,Monitor Display,,🔧,0,HDMI|HDMI; DP|Other; USB-C|USB,,"27"" 4K IPS","HDMI, DP, USB-C"
1918,27GP950,LG,Monitor Display,,🔧,0,HDMI|HDMI; DP|Other,,"27"" 4K 144Hz","HDMI, DP"
1919,U2723QE,Dell,Monitor Display,,🔧,0,HDMI|HDMI; DP|Other; USB-C|USB,,"27"" 4K USB-C hub","HDMI, DP, USB-C"
1920,ATH-M50x,Audio-Technica,Headphones,,🔧,0,TRS|Audio; mini|Other,,studio headphones,"TRS, mini"
1921,MDR-7506,Sony,Headphones,,🔧,0,TRS|Audio,,studio monitor headphones,TRS
1922,DT 770 Pro,Beyerdynamic,Headphones,,🔧,0,TRS|Audio,,studio headphones,TRS
1923,vMix Pro,vMix,Software,,🔧,1,,,"live production software, 4K, multi-cam",
1924,OBS Studio,OBS Studio,Software,,🔧,1,,,open-source streaming/recording,
1925,Wirecast Pro,Wirecast,Software,,🔧,1,,,live streaming production,
1926,Streamlabs Desktop,Streamlabs,Software,,🔧,1,,,streaming suite,
1927,DaVinci Resolve 18,DaVinci Resolve,Software,,🔧,1,,,editing/color/grading,
1928,Premiere Pro,Adobe,Software,,🔧,1,,,video editing,
1929,After Effects,Adobe,Software,,🔧,1,,,motion graphics,
